# Named feeding-circuit neurons (Sterne et al. 2021 eLife 10:e71679; Shiu, Sterne et al. 2022 eLife 11:e79887;
# Tastekin et al. 2026) -> FlyWire v783 cell types. Source: FlyWire Codex community identification labels
# (codex.flywire.ai, FAFB v783, looked up 2026-10-03); the soma-position matches of tools/data_named_feeding.py
# agree for every neuron both methods resolved. Map by cell type (both sides) unless a side is given.
name,flywire_type,side,role,hunger_modulated
G2N-1,CB0616,,second-order sugar,yes (Shiu et al. 2022 Fig. 4)
Clavicle,AN_GNG_30,,second-order sugar/water (ascending neuron),yes (Shiu et al. 2022 Fig. 4)
Zorro,CB0192,,second-order sugar,no
FMIn,CB0366,,second-order sugar,no
Usnea,CB0008,,second-order sugar,no
Phantom,CB0062,,second-order sugar,no
Rattle,CB0499,,second-order sugar,no
Quasimodo,CB0118,,second-order sugar,no
Fuchs,CB0445,,second-order sugar,no
Billiards,CB0248,left,second-order sugar,no
Specter,CB0248,right,second-order sugar,no
Dandelion,AN_GNG_68,,second-order (ascending; leg/wing GRN partner),no
Scapula,CB0219,,second-order bitter,no
Fdg,CB0038,,third-order (feeding command),no
Sternum,CB0051,,third-order,no
Fudog,DNg67,,third-order,no
Bract,DNge173;DNge174,,descending premotor (DNge174 = Bract1; DNge173 = Bract2),no
Sink and Synch,CB0434,,premotor,no
Roundup,CB0553,,premotor,no
Rounddown,DNge080,,premotor,no
Foxglove,CB0890,,walking suppression,no
Bluebell,DNg60,,stopping,no
MN9,CB0701,,proboscis motor neuron,no (Shiu et al. 2022)
AN01B004,AN_GNG_162,,leg sugar ascending relay (Tastekin et al. 2026),unknown
