# Tastekin et al. (2026) Cell / bioRxiv 10.1101/2025.08.25.671814 v2, Supplementary Table 2 (671814_file03.xlsx,
# https://www.biorxiv.org/content/biorxiv/early/2025/12/13/2025.08.25.671814/DC2/embed/media-2.xlsx),
# rows for the FAFB-FlyWire connectome only: feeding motor neurons (sheet "MNs") and pharyngeal GRN types
# (sheet "GRNs"; labellar, peg and leg GRN types already match flywire_annotations v3.2.0). Extracted 2026-10-03.
root_id	side	class	type	target
720575940623415849	R	motor	MN1	1
720575940629936348	R	motor	MN1	1
720575940615500030	L	motor	MN1	1
720575940616340639	L	motor	MN1	1
720575940645697828	R	motor	MN2Da	2D
720575940628998659	L	motor	MN2Da	2D
720575940617403622	R	motor	MN2Db	Unknown
720575940618600246	L	motor	MN2Db	Unknown
720575940614734754	R	motor	MN2V	2V
720575940619682368	L	motor	MN2V	2V
720575940644726432	R	motor	MN3M	3M
720575940610679876	L	motor	MN3M	3M
720575940623993015	R	motor	MN3L	3L
720575940647474979	L	motor	MN3L	3L
720575940645528430	R	motor	MN3L	3L
720575940630580854	L	motor	MN3L	3L
720575940629561347	R	motor	MN4a	4
720575940607193986	R	motor	MN4a	4
720575940614386070	L	motor	MN4a	4
720575940625612474	L	motor	MN4a	4
720575940629810748	R	motor	MN4b	Unknown
720575940630865724	L	motor	MN4b	Unknown
720575940626939737	R	motor	MN5	5
720575940623390246	L	motor	MN5	5
720575940628826128	R	motor	MN6	6
720575940627410451	L	motor	MN6	6
720575940626094350	R	motor	MN7	7
720575940628997123	R	motor	MN7	7
720575940621586854	L	motor	MN7	7
720575940633185567	L	motor	MN7	7
720575940612888178	R	motor	MN8	8
720575940623352063	L	motor	MN8	8
720575940660219265	R	motor	MN9	9
720575940618238523	L	motor	MN9	9
720575940620025620	R	motor	MN10	10
720575940622810153	L	motor	MN10	10
720575940628743752	R	motor	MN10	10
720575940630868793	R	motor	MN11D	11D
720575940618165019	L	motor	MN11D	11D
720575940635360924	R	motor	MN11V	11V
720575940636165624	L	motor	MN11V	11V
720575940645527918	R	motor	MN12D	12D
720575940630233404	R	motor	MN12D	12D
720575940615197747	L	motor	MN12D	12D
720575940618539810	L	motor	MN12D	12D
720575940623137818	R	motor	MN13	13
720575940633195148	L	motor	MN13	13
720575940621126384	R	motor	CEM	Crop Entry
720575940621169690	R	motor	CEM	Crop Entry
720575940628781333	R	motor	CEM	Crop Entry
720575940620008112	L	motor	CEM	Crop Entry
720575940625799513	L	motor	CEM	Crop Entry
720575940640681680	L	motor	CEM	Crop Entry
720575940631999080	R	motor	MNx01	Unknown
720575940632304711	R	motor	MNx01	Unknown
720575940629778554	R	motor	MNx01	Unknown
720575940661338497	R	motor	MNx02	Unknown
720575940632281927	L	motor	MNx02	Unknown
720575940620553654	R	motor	MNx03	Unknown
720575940624554170	L	motor	MNx03	Unknown
720575940646274670	L	motor	MNx03	Unknown
720575940648804217	L	motor	MNx03	Unknown
720575940624967612	R	motor	MNx04	Unknown
720575940613935535	L	motor	MNx04	Unknown
720575940628096586	R	motor	MNx05	Unknown
720575940622137633	L	motor	MNx05	Unknown
720575940658442625	R	pharyngeal_grn	PhG1	PhG1a
720575940627454569	L	pharyngeal_grn	PhG1	PhG1a
720575940640601563	R	pharyngeal_grn	PhG1	PhG1b
720575940609913042	L	pharyngeal_grn	PhG1	PhG1b
720575940614830239	R	pharyngeal_grn	PhG1	PhG1c
720575940619928929	R	pharyngeal_grn	PhG1	PhG1c
720575940610981362	L	pharyngeal_grn	PhG1	PhG1c
720575940637130985	L	pharyngeal_grn	PhG1	PhG1c
720575940628891774	R	pharyngeal_grn	PhG2	-
720575940629112887	R	pharyngeal_grn	PhG2	-
720575940631069255	R	pharyngeal_grn	PhG2	-
720575940616308921	L	pharyngeal_grn	PhG2	-
720575940611168921	L	pharyngeal_grn	PhG2	-
720575940625031610	R	pharyngeal_grn	PhG3	-
720575940617121819	L	pharyngeal_grn	PhG3	-
720575940626983952	R	pharyngeal_grn	PhG4	-
720575940628131778	R	pharyngeal_grn	PhG4	-
720575940623834300	L	pharyngeal_grn	PhG4	-
720575940621689880	L	pharyngeal_grn	PhG4	-
720575940626217226	R	pharyngeal_grn	PhG5	-
720575940629358807	L	pharyngeal_grn	PhG5	-
720575940624948867	R	pharyngeal_grn	PhG6	-
720575940622199593	L	pharyngeal_grn	PhG6	-
720575940616562150	R	pharyngeal_grn	PhG7	-
720575940631284511	R	pharyngeal_grn	PhG7	-
720575940637165028	R	pharyngeal_grn	PhG7	-
720575940628673474	L	pharyngeal_grn	PhG7	-
720575940638608803	L	pharyngeal_grn	PhG7	-
720575940621870349	R	pharyngeal_grn	PhG8	-
720575940632423394	R	pharyngeal_grn	PhG8	-
720575940628329546	L	pharyngeal_grn	PhG8	-
720575940635391845	L	pharyngeal_grn	PhG8	-
720575940611211417	R	pharyngeal_grn	PhG9	-
720575940638419534	R	pharyngeal_grn	PhG9	-
720575940630893196	L	pharyngeal_grn	PhG9	-
720575940623660558	L	pharyngeal_grn	PhG9	-
720575940633165980	R	pharyngeal_grn	PhG10	-
720575940618788944	L	pharyngeal_grn	PhG10	-
720575940633791935	R	pharyngeal_grn	PhG11	-
720575940616616861	L	pharyngeal_grn	PhG11	-
720575940610259406	R	pharyngeal_grn	PhG12	-
720575940626014218	L	pharyngeal_grn	PhG12	-
720575940624266061	R	pharyngeal_grn	PhG13	-
720575940621916952	L	pharyngeal_grn	PhG13	-
720575940617828766	R	pharyngeal_grn	PhG14	-
720575940629009468	L	pharyngeal_grn	PhG14	-
720575940625163790	R	pharyngeal_grn	PhG15	-
720575940625032548	L	pharyngeal_grn	PhG15	-
720575940622346180	R	pharyngeal_grn	PhG16	-
720575940626015242	L	pharyngeal_grn	PhG16	-
