,0
CB1686_gaba_430,0.01418289786223278
lLN13_gaba_749,0.0
CB1668_acetylcholine_830,4.66113539192399
v2LNX01_glutamate_1291,0.0
CB1668_glutamate_1310,0.7364940617577198
CB3202_gaba_1550,0.0
lLN2F_a_gaba_2179,0.0
lLN2P_b_gaba_2419,0.0
CB1013_glutamate_2686,1.7842280285035628
lLN1_bc_dopamine_2712,0.0
v2LN40_2_glutamate_3017,2.8815748218527317
lLN10_gaba_3153,0.0
CB3633_acetylcholine_3707,0.024757719714964366
lLN2X03_serotonin_3734,0.0
CB1473_gaba_3789,0.1632565320665083
lLN2X12_acetylcholine_3803,0.0
v2LN46a_glutamate_3811,0.0
CB2661_glutamate_4958,7.746285035629454
lLN2X10_acetylcholine_5727,0.0
lLN2P_b_gaba_5882,0.0
CB1676_acetylcholine_5909,0.0
CB1132_gaba_6901,0.0
lLN2F_b_gaba_7178,50.9375700712589
v2LN46b_glutamate_7418,0.0
nan_glutamate_8193,6.4748194774346794
v2LN3A1_b_glutamate_8202,2.193522565320665
l2LN22_gaba_8334,3.0184869358669837
lLN10_gaba_8648,0.0
lLN1_bc_dopamine_8653,0.0
lLN2X02_gaba_9108,0.0
CB1473_acetylcholine_9151,0.0
lLN2P_b_gaba_9632,0.0
CB2527_glutamate_9653,3.046729216152019
l2LN20_gaba_9969,29.485802850356293
v2LN34E_glutamate_10540,0.0
lLN2T_b_serotonin_11164,41.39264133016628
lLN2X05_serotonin_11935,0.0
l2LN22_gaba_12572,3.019686460807601
lLN2P_a_glutamate_12678,0.0
lLN9_acetylcholine_12928,0.0
CB2527_glutamate_12945,0.5667149643705462
CB1686_gaba_13663,2.3807387173396672
lLN1_bc_serotonin_13819,0.0
lLN2P_c_gaba_14158,1.026330166270784
lLN2P_a_glutamate_14213,16.750881235154395
lLN2X12_acetylcholine_14732,0.0
v2LN33_glutamate_15053,0.0
lLN2X12_serotonin_15637,0.0
vLN26_glutamate_15995,0.9931710213776722
CB1824_gaba_16562,0.5750593824228029
v2LN3A1_b_acetylcholine_16715,7.269019002375297
LN60a_gaba_17538,0.0
CB1473_gaba_17817,2.720095011876485
lLN2T_c_serotonin_17854,7.900140142517814
l2LN22_gaba_18504,8.568377672209026
lLN2T_c_serotonin_18553,0.5430570071258908
v2LN46b_glutamate_18956,0.0
l2LN22_gaba_19183,1.112016627078385
vLN25_glutamate_19329,1.5912232779097386
v2LN38_glutamate_19945,10.578087885985749
lLN2P_b_gaba_20363,6.770788598574822
v2LN34E_glutamate_20937,0.0
ALBN1_gaba_21493,2.275216152019002
v2LN40_2_acetylcholine_21496,0.0
v2LN40_2_glutamate_21550,0.0
CB1686_gaba_21773,5.158114014251781
CB1686_gaba_21852,0.9664441805225653
CB2504_gaba_21891,0.8538859857482185
lLN2P_b_gaba_22104,0.0
v2LN30_serotonin_22143,0.0
v2LN46b_glutamate_22527,0.0
lLN2X02_gaba_22538,0.14926840855106888
lLN2X09_acetylcholine_23376,0.0
lLN2P_c_gaba_24094,0.0
l2LN23_gaba_24592,0.12425890736342043
lLN1_bc_acetylcholine_24727,0.0
lLN2T_b_serotonin_26371,42.779565320665085
lLN2X05_serotonin_26465,0.0
CB2471_gaba_26468,2.003731591448931
lLN2P_c_gaba_27456,0.0
l2LN20_gaba_27785,18.570019002375297
lLN13_gaba_28008,0.0
lLN2X04_gaba_28342,0.0
v2LN38_acetylcholine_28718,9.700669833729219
CB3007_gaba_28862,0.714249406175772
lLN1_bc_acetylcholine_28924,0.0
CB1013_glutamate_29101,1.3025344418052256
CB2571_glutamate_29128,0.0
CB3417_glutamate_29365,0.0
CB1824_gaba_29784,2.6716698337292164
v2LN5_glutamate_29886,0.0
lLN2P_c_gaba_29999,0.0
l2LN19_gaba_30148,0.0
v2LN5_glutamate_30316,0.0
lLN2X05_serotonin_30341,0.0
CB3172_glutamate_30464,0.0
v2LN4_acetylcholine_30880,10.95467458432304
lLN1_bc_dopamine_31260,0.0
CB1686_gaba_31292,2.1037315914489314
lLN2X12_acetylcholine_31449,0.0
CB1676_acetylcholine_31622,2.8423301662707843
v2LN5_glutamate_32751,1.3038812351543942
v2LNX01_glutamate_32786,0.0
CB1473_gaba_32870,0.9481116389548693
v2LN4_acetylcholine_33226,9.26659619952494
"CB1141,CB1285_gaba_33494",0.0
lLN1_bc_dopamine_33669,0.0
CB1824_gaba_33876,2.5350261282660336
CB2845_acetylcholine_34366,2.9980807600950117
CB1824_gaba_34568,0.0
lLN2T_d_gaba_34894,16.738239904988124
v2LN49_glutamate_35080,7.188211401425178
v2LN3A1_b_acetylcholine_35196,6.6629524940617575
CB3417_glutamate_35599,0.0
lLN1_bc_dopamine_35633,0.0
"CB1141,CB1285_gaba_36120",0.37105463182897863
lLN2T_c_serotonin_36451,8.006323040380048
v2LN46a_glutamate_37055,0.0
v2LN49_glutamate_37457,9.715486935866982
lLN2X03_serotonin_37655,0.0
v2LN36_serotonin_37667,0.0
lLN2X10_acetylcholine_37755,0.0
v2LN41b_gaba_38980,0.0
lLN2X11_serotonin_41056,0.0
CB3575_glutamate_41086,0.0
"CB1141,CB1285_gaba_41155",0.0
CB1673_glutamate_42537,0.0
vLN27_glutamate_42610,1.880957244655582
v2LN46b_glutamate_42869,0.0
v2LN4_acetylcholine_42903,10.130384798099762
CB2471_acetylcholine_43276,4.397028503562945
v2LN36_serotonin_44002,0.0
lLN2X12_acetylcholine_44132,0.0
v2LN38_glutamate_44912,12.098700712589073
CB1824_gaba_45342,0.0
CB1048_glutamate_46240,1.7899358669833731
vLN24_glutamate_47071,0.0
v2LN31_glutamate_47224,5.707902612826603
CB1546_gaba_47246,0.9536175771971496
l2LN20_gaba_47685,18.627320665083136
CB1545_glutamate_48135,0.8483159144893111
lLN1_bc_dopamine_48395,0.0
CB1132_gaba_48671,0.0
lLN2X04_gaba_49007,2.550529691211401
"lLN9,lLN17a_gaba_49117",0.0
v2LN33_glutamate_49255,0.0
v2LN42a_glutamate_49414,0.0
lLN2P_a_glutamate_49574,0.0
lLN1_a_serotonin_49792,0.0
lLN2T_e_serotonin_49858,0.004790973871733968
lLN2X12_acetylcholine_50059,0.0
CB1048_glutamate_50217,2.5079334916864604
v2LN47_glutamate_50255,0.0
CB3007_gaba_50688,0.0
CB2571_glutamate_51271,0.0
l2LN20_gaba_51517,19.23193111638955
"CB1141,CB1285_gaba_51625",0.0
CB2527_glutamate_52537,0.0
CB1676_acetylcholine_52671,0.0
lLN2P_a_glutamate_52763,14.777805225653207
CB1668_glutamate_53846,2.5995463182897867
lLN1_bc_acetylcholine_54512,0.0
lLN2X06_acetylcholine_55179,0.0
vLN26_glutamate_55367,0.9555700712589072
CB1668_glutamate_55856,0.5869192399049882
v2LN41a_acetylcholine_56024,0.0
"lLN9,lLN17a_acetylcholine_56032",0.7127672209026128
CB1545_glutamate_56109,1.479598574821853
lLN2X12_acetylcholine_56180,0.0
l2LN21_gaba_56646,34.49822802850356
CB1013_glutamate_57029,0.0
CB3007_gaba_57128,2.3525914489311166
CB3679_acetylcholine_57137,11.888365795724466
lLN1_bc_dopamine_57679,0.0
CB1132_gaba_57916,0.0
lLN2F_b_gaba_58146,53.60678384798099
v2LN47_glutamate_58862,0.0
lLN2X12_acetylcholine_58984,0.0
lLN1_bc_serotonin_59001,0.0
lLN2T_e_serotonin_59065,0.0
CB3007_gaba_59293,0.0
"CB1141,CB1285_gaba_59659",0.0
CB1048_glutamate_59825,4.201446555819477
v2LN32_glutamate_59881,12.609052256532067
CB3326_glutamate_60307,0.0
CB1013_glutamate_60734,0.0
v2LN47_glutamate_61289,0.0
CB1824_gaba_61376,4.791515439429928
il3LN6_acetylcholine_61846,130.47710688836102
lLN2P_b_gaba_61929,0.0
lLN2F_a_gaba_62586,0.0
lLN1_bc_acetylcholine_62615,0.0
CB1266_glutamate_63214,0.0
"CB1141,CB1285_gaba_63382",0.12740380047505936
lLN2P_b_gaba_63526,0.0
CB1668_acetylcholine_63859,2.620705463182898
CB2571_glutamate_64200,0.0
lLN8_gaba_64257,0.15105700712589074
v2LN3A1_b_glutamate_64286,6.5532565320665075
v2LN3A1_b_glutamate_64881,4.648266033254157
CB2661_glutamate_65740,0.5286009501187648
lLN2P_a_glutamate_65784,4.716976247030878
CB1824_gaba_65948,2.273838479809976
v2LN42a_glutamate_65973,0.0
CB2845_acetylcholine_66318,1.8810807600950121
lLN2X11_serotonin_66386,0.0
lLN2P_b_gaba_66474,0.0
CB1668_glutamate_66921,8.250712589073633
CB1824_gaba_67392,0.0
lLN2X12_acetylcholine_68332,0.0
CB2527_glutamate_69171,0.2659097387173397
v2LN3A1_b_glutamate_69382,10.330128266033254
CB1668_glutamate_70012,2.721016627078385
"lLN9,lLN17a_acetylcholine_70304",2.883969121140142
lLN2T_d_gaba_70557,27.066959619952492
"CB1141,CB1285_gaba_72036",0.7375961995249407
lLN2X10_acetylcholine_72168,0.0
lLN1_bc_serotonin_72175,0.0
CB2345_glutamate_72375,0.0
v2LN42c_glutamate_72424,0.0
CB2661_glutamate_72661,0.9892422802850357
CB2569_acetylcholine_72909,1.7363182897862233
CB3007_gaba_73128,1.2699976247030877
CB1545_glutamate_73630,2.6049026128266033
CB2571_acetylcholine_74091,0.0
v2LN3A1_a_acetylcholine_74104,13.301705463182898
lLN2P_a_glutamate_74222,0.0
CB2569_glutamate_74284,0.0
"vLN28,vLN29_glutamate_74522",1.8049596199524938
v2LN3A1_a_acetylcholine_74626,0.0
v2LN4_acetylcholine_74719,9.290733966745844
lLN2P_b_gaba_74954,0.0
CB1686_gaba_75843,2.211646080760095
lLN1_bc_acetylcholine_75998,0.0
lLN2P_a_glutamate_76188,0.0
CB2908_gaba_76860,2.7228693586698336
CB2845_gaba_77170,2.1458456057007127
lLN2P_c_gaba_77396,0.0
v2LN42b_glutamate_77737,0.0
OA-VUMa5_octopamine_78075,0.0
v2LN42b_glutamate_78515,0.0
CB2569_acetylcholine_78909,1.0309881235154394
"lLN9,lLN17a_acetylcholine_79728",1.9116223277909739
l2LN23_gaba_79730,0.29176009501187644
CB3633_glutamate_79834,0.0
v2LN5_glutamate_80071,2.375206650831354
CB2571_acetylcholine_80497,0.0
lLN9_gaba_80789,0.0
l2LN23_acetylcholine_81081,0.7486508313539193
v2LN49_glutamate_82062,0.1601235154394299
CB2908_gaba_82178,2.5492209026128267
v2LN34E_glutamate_82269,0.5643610451306413
"vLN28,vLN29_glutamate_83381",0.0
lLN2P_b_gaba_83390,0.0
CB1048_glutamate_83770,1.8360237529691215
lLN2X03_serotonin_83829,0.0
lLN2X10_acetylcholine_84130,0.0
lLN8_gaba_84301,0.0
lLN2X04_gaba_85227,0.0
ALBN1_glutamate_85796,19.86926365795724
lLN2X11_serotonin_86010,0.0
CB2908_gaba_86517,3.6722327790973868
CB1546_gaba_87126,0.0
CB1546_gaba_87579,0.0
CB3417_glutamate_87606,0.0
lLN2P_c_gaba_87673,0.0
lLN2X02_gaba_88193,0.0
vLN25_glutamate_89000,0.0
lLN2X02_gaba_90426,0.0
OA-VUMa5_octopamine_90621,0.0
lLN2X12_acetylcholine_90920,0.0
LN60b_gaba_90921,0.0
CB2345_glutamate_91017,0.0
CB3326_glutamate_91711,0.0
v2LN46b_glutamate_91731,0.0
vLN24_acetylcholine_91938,0.0
CB1824_gaba_92978,0.0
CB3202_gaba_93400,1.026275534441805
CB3575_acetylcholine_93950,0.0
v2LN49_glutamate_94350,0.0
CB1545_glutamate_94478,0.844980997624703
lLN1_bc_dopamine_95301,0.0
CB3202_gaba_95934,0.0
CB1013_glutamate_96110,0.0
"vLN28,vLN29_glutamate_96814",0.18355581947743468
lLN13_gaba_96824,0.14610926365795723
lLN1_bc_dopamine_97351,0.0
lLN2X12_acetylcholine_97568,0.0
v2LN46b_glutamate_97697,0.0
"vLN28,vLN29_glutamate_98078",0.0
vLN25_glutamate_98155,0.0
lLN2T_b_serotonin_98466,30.318769596199523
lLN1_bc_serotonin_99307,0.0
"CB1141,CB1285_gaba_99339",0.0
l2LN23_acetylcholine_99435,1.3028836104513064
v2LN41b_gaba_100062,0.0
CB1473_gaba_100175,2.229399049881235
CB1546_gaba_100956,0.0
v2LN39a_glutamate_101235,2.418254156769596
lLN1_bc_serotonin_101393,0.0
lLN2P_a_glutamate_102272,0.0
CB3633_acetylcholine_102592,0.0
l2LN21_gaba_103176,25.216116389548695
lLN1_bc_acetylcholine_103250,0.0
lLN1_a_serotonin_103912,0.0
v2LN32_glutamate_104030,5.506061757719716
lLN2P_a_glutamate_104262,0.0
CB1266_acetylcholine_104414,0.0
CB1545_glutamate_104566,0.0
v2LN3A1_b_acetylcholine_104602,4.892109263657957
lLN1_a_serotonin_104703,0.0
v2LN34E_glutamate_104722,0.0
lLN1_bc_dopamine_104783,0.0
CB1673_glutamate_104843,0.0
lLN2X12_acetylcholine_104851,0.0
lLN1_bc_acetylcholine_105241,0.0
CB3417_glutamate_105835,0.0
lLN2X05_serotonin_106005,0.0
lLN2T_d_gaba_106035,0.0
lLN2X12_acetylcholine_106376,0.0
CB2471_gaba_106395,0.13964370546318292
CB1546_gaba_106511,0.0
LN60b_gaba_106551,0.0
CB3172_glutamate_106962,0.0
lLN1_bc_acetylcholine_107359,0.0
lLN2X02_gaba_107363,0.0
il3LN6_gaba_108296,144.03134679334917
lLN2T_e_serotonin_108376,25.429980997624703
lLN2P_a_glutamate_108777,0.0
lLN2F_b_gaba_110077,56.8689809976247
"CB1141,CB1285_gaba_110096",0.28222565320665083
lLN2T_d_gaba_110266,0.0
CB2527_glutamate_111400,0.3996413301662708
"CB1141,CB1285_gaba_111539",2.2571971496437055
lLN2X07_acetylcholine_111666,0.0
CB2527_glutamate_111913,1.6544014251781474
v2LN47_glutamate_111944,0.13478384798099763
lLN2T_b_serotonin_111976,29.816826603325417
v2LN4_acetylcholine_112263,11.166836104513063
lLN2T_e_serotonin_112585,13.112510688836103
CB3326_glutamate_113061,0.0
lLN2X02_gaba_113416,0.1527339667458432
lLN2X06_acetylcholine_113509,0.0
v2LN38_glutamate_113711,9.050667458432304
lLN1_bc_serotonin_114034,0.0
lLN1_bc_acetylcholine_114279,0.0
v2LN34E_glutamate_114462,0.0
lLN2P_a_glutamate_114898,0.0
CB3202_gaba_115059,0.5436484560570072
CB3007_gaba_115105,0.0
lLN2F_b_gaba_115447,27.754144893111636
l2LN19_gaba_115718,0.0
vLN27_glutamate_116018,5.858771971496437
v2LN33_glutamate_116110,0.0
lLN2P_c_gaba_116461,0.0
CB1686_gaba_116504,1.8838242280285036
l2LN19_gaba_116849,0.0
v2LN34E_glutamate_117159,0.0
lLN2P_c_gaba_117378,0.0
v2LN40_2_glutamate_118466,0.0
CB2504_glutamate_118552,0.9753040380047503
"lLN9,lLN17a_gaba_118958",1.4145819477434678
CB1676_glutamate_119197,0.0
v2LN30_glutamate_119222,0.39218527315914486
CB3007_gaba_119593,1.1130593824228028
CB1545_glutamate_119688,0.9730688836104513
lLN2P_a_glutamate_119879,0.0
lLN2X04_gaba_121828,0.0
CB1686_acetylcholine_121921,0.2775795724465558
CB2845_gaba_122654,3.2574703087885983
vLN25_glutamate_122871,0.2531923990498813
lLN2X03_serotonin_122936,0.0
lLN2P_b_gaba_123067,0.0
CB1013_glutamate_123482,0.13505700712589075
"CB1141,CB1285_gaba_123488",0.0
l2LN19_gaba_123808,0.0
v2LN39a_glutamate_123843,7.99150593824228
lLN2F_a_gaba_124101,0.0
CB2569_acetylcholine_124765,1.670562945368171
CB1013_glutamate_125070,0.05841805225653207
CB3326_glutamate_125316,0.0
lLN13_gaba_125479,0.0
lLN8_gaba_125573,0.0
CB2471_gaba_125722,1.8070237529691213
v2LN42c_glutamate_125738,0.0
v2LN3A1_b_glutamate_126265,9.877021377672211
CB3417_glutamate_128090,0.0
v2LN31_glutamate_128129,18.0426080760095
CB1546_gaba_128412,0.0
CB2471_acetylcholine_128501,0.5431852731591449
CB1824_gaba_128951,0.4093681710213777
LN60a_gaba_129087,0.0
CB2504_gaba_129210,1.1535938242280286
lLN2X07_acetylcholine_129322,0.0
lLN1_bc_serotonin_129541,0.0
CB1673_glutamate_129580,0.0
lLN2F_a_gaba_130032,0.0
lLN2X03_serotonin_130065,0.0
lLN2P_c_gaba_130270,0.0
lLN2X09_acetylcholine_130303,0.0
v2LN46a_glutamate_130678,0.0
lLN2X06_acetylcholine_130898,0.0
lLN1_bc_dopamine_130900,0.0
lLN1_bc_dopamine_130912,0.0
CB1546_gaba_130918,0.0
lLN13_gaba_130930,0.0
v2LN39a_glutamate_131074,2.9802327790973875
v2LN41a_acetylcholine_131228,0.0
lLN8_gaba_131481,0.0
CB2345_glutamate_132647,0.0
CB1132_gaba_132974,0.0
lLN2P_a_glutamate_133078,0.0
lLN2X03_serotonin_133439,0.0
CB3417_glutamate_133495,0.0
CB3417_glutamate_134205,0.0
v2LN47_glutamate_134849,0.0
lLN2T_c_serotonin_135282,0.0
lLN1_bc_acetylcholine_136403,0.0
CB3679_acetylcholine_136511,0.0
CB2908_gaba_136859,2.467745843230404
lLN2X07_acetylcholine_137062,0.0
CB1673_glutamate_137106,0.0
v2LN39a_glutamate_137199,6.838733966745843
v2LN4_acetylcholine_138060,9.725399049881235
v2LN33_glutamate_138181,0.0
"CB1141,CB1285_gaba_138241",1.4756603325415678
lLN2X11_serotonin_138329,0.0
lLN1_bc_acetylcholine_138330,0.0
lLN2P_b_gaba_138331,0.0
APL_17837,0.0
APL_66912,0.0
