t_ms,threat,DNxl094_70120_bridged,DNxl094_96716_bridged,AN17A002_45337_bridged,AN17A002_22049_bridged,IN09A001_5920_vnc,IN09A001_15339_vnc,IN09A014_39226_vnc,AN01B004_84581_bridged,AN01B004_23130_bridged,AN01B004_66451_bridged,AN01B004_90282_bridged,AN01B004_22762_bridged,AN01B004_400_bridged,ANXXX313_89548_bridged,ANXXX313_59231_bridged
25.0,0,0.000,0.000,0.000,0.000,0.000,0.000,0.000,0.000,0.000,0.000,0.000,0.000,0.000,0.000,0.000
58.0,0,0.000,15.334,0.000,0.000,0.000,0.000,0.000,0.000,0.000,0.000,0.000,0.000,0.000,0.000,0.000
92.0,0,0.000,8.701,0.000,0.000,0.000,0.000,0.000,0.000,0.000,0.000,0.000,0.000,0.000,0.000,0.000
121.5,0,0.000,5.321,0.000,0.000,0.000,0.000,0.000,0.000,0.000,0.000,0.000,0.000,0.000,0.000,0.000
151.5,0,0.000,3.228,0.000,0.000,0.000,0.000,0.000,0.000,0.000,0.000,0.000,0.000,0.000,0.000,0.000
184.0,0,0.000,1.878,0.000,0.000,0.000,0.000,0.000,0.000,0.000,0.000,0.000,0.000,0.000,0.000,0.000
217.0,0,0.000,1.083,0.000,0.000,0.000,0.000,0.000,0.000,0.000,0.000,0.000,0.000,0.000,0.000,0.000
250.5,0,0.000,0.620,0.000,0.000,0.000,0.000,0.000,0.000,0.000,0.000,0.000,0.000,0.000,0.000,0.000
284.0,0,0.000,0.355,0.000,9.696,0.000,0.000,0.000,0.000,0.000,0.000,0.000,0.000,0.000,0.000,0.000
317.0,0,0.000,0.205,0.000,5.594,0.000,0.000,0.000,0.000,0.000,0.000,0.000,0.000,0.000,0.000,0.000
350.5,0,0.000,0.117,0.000,3.201,0.000,0.000,0.000,0.000,0.000,0.000,0.000,0.000,0.000,0.000,0.000
384.0,0,0.000,0.067,0.000,1.831,0.000,0.000,0.000,11.455,0.000,0.000,0.000,0.000,0.000,0.000,0.000
417.0,0,0.000,0.039,0.000,1.057,0.000,0.000,0.000,6.609,0.000,0.000,0.000,0.000,0.000,0.000,0.000
450.5,0,0.000,0.022,0.000,0.605,0.000,0.000,0.000,3.781,0.000,0.000,0.000,0.000,0.000,0.000,0.000
484.0,0,0.000,0.013,0.000,0.346,0.000,0.000,0.000,2.164,0.000,0.000,0.000,0.000,0.000,0.000,0.000
517.0,0,0.000,0.007,0.000,0.200,0.000,0.000,0.000,1.248,0.000,0.000,0.000,0.000,0.000,0.000,0.000
550.5,0,0.000,0.004,0.000,0.114,0.000,0.000,0.000,0.714,0.000,0.000,0.000,0.000,0.000,0.000,0.000
584.0,0,0.000,0.002,0.000,0.065,0.000,0.000,0.000,0.409,0.000,0.000,0.000,0.000,0.000,0.000,0.000
617.0,0,0.000,0.001,0.000,0.038,0.000,0.000,0.000,0.236,0.000,0.000,0.000,0.000,0.000,0.000,0.000
650.5,0,0.000,0.001,0.000,0.022,0.000,0.000,0.000,0.135,0.000,0.000,0.000,0.000,0.000,0.000,0.000
684.0,0,0.000,0.000,0.000,0.012,0.000,0.000,0.000,0.077,0.000,0.000,0.000,0.000,0.000,0.000,0.000
717.0,0,0.000,0.000,0.000,0.007,0.000,0.000,0.000,0.045,0.000,0.000,0.000,0.000,0.000,0.000,0.000
750.5,0,0.000,0.000,0.000,0.004,0.000,0.000,0.000,0.025,0.000,0.000,0.000,0.000,0.000,0.000,0.000
784.0,0,0.000,0.000,0.000,0.002,0.000,0.000,0.000,0.015,0.000,0.000,0.000,0.000,0.000,0.000,0.000
817.0,0,0.000,0.000,0.000,0.001,0.000,0.000,0.000,0.008,0.000,0.000,0.000,0.000,0.000,0.000,0.000
850.5,0,0.000,0.000,0.000,0.001,0.000,0.000,0.000,0.005,0.000,0.000,0.000,0.000,0.000,0.000,0.000
884.0,0,0.000,0.000,0.000,0.000,0.000,0.000,0.000,0.003,0.000,0.000,0.000,0.000,0.000,0.000,0.000
917.0,0,0.000,0.000,0.000,0.000,0.000,0.000,0.000,0.002,0.000,0.000,0.000,0.000,0.000,0.000,0.000
950.5,0,0.000,0.000,0.000,0.000,0.000,0.000,0.000,0.001,0.000,0.000,0.000,0.000,0.000,0.000,0.000
984.0,0,0.000,0.000,0.000,0.000,0.000,0.000,0.000,0.001,0.000,0.000,0.000,0.000,0.000,0.000,0.000
1017.0,0,0.000,0.000,0.000,0.000,0.000,0.000,0.000,0.000,0.000,0.000,0.000,0.000,0.000,0.000,0.000
1050.5,0,0.000,0.000,0.000,0.000,0.000,0.000,0.000,0.000,0.000,0.000,0.000,0.000,0.000,0.000,0.000
1084.0,0,0.000,0.000,0.000,0.000,0.000,0.000,0.000,0.000,0.000,0.000,0.000,0.000,0.000,0.000,0.000
1117.0,0,0.000,0.000,0.000,0.000,0.000,0.000,0.000,0.000,0.000,0.000,0.000,0.000,0.000,0.000,0.000
1150.5,0,0.000,0.000,0.000,0.000,0.000,0.000,0.000,0.000,0.000,0.000,0.000,0.000,0.000,0.000,0.000
1184.0,0,0.000,0.000,0.000,0.000,0.000,0.000,0.000,0.000,0.000,0.000,0.000,0.000,0.000,0.000,0.000
1217.0,0,0.000,0.000,0.000,0.000,0.000,0.000,0.000,0.000,0.000,0.000,0.000,0.000,0.000,0.000,0.000
1250.5,0,0.000,0.000,0.000,0.000,0.000,0.000,0.000,0.000,0.000,0.000,0.000,0.000,0.000,0.000,0.000
1284.0,0,0.000,0.000,0.000,0.000,0.000,0.000,0.000,0.000,0.000,0.000,0.000,0.000,0.000,0.000,0.000
1317.0,0,0.000,0.000,0.000,0.000,0.000,0.000,0.000,0.000,0.000,0.000,0.000,0.000,0.000,0.000,0.000
1350.5,0,0.000,0.000,0.000,0.000,0.000,0.000,0.000,0.000,0.000,0.000,0.000,0.000,0.000,0.000,0.000
1384.0,0,0.000,0.000,0.000,0.000,0.000,0.000,0.000,0.000,0.000,0.000,0.000,0.000,0.000,0.000,0.000
1417.0,0,0.000,0.000,0.000,0.000,0.000,0.000,0.000,0.000,0.000,0.000,0.000,0.000,0.000,0.000,0.000
1450.5,0,0.000,0.000,0.000,0.000,0.000,0.000,0.000,0.000,0.000,0.000,0.000,0.000,0.000,0.000,0.000
1484.0,0,0.000,0.000,0.000,0.000,0.000,0.000,0.000,0.000,0.000,0.000,0.000,0.000,0.000,0.000,0.000
1517.0,0,0.000,0.000,0.000,0.000,0.000,0.000,0.000,0.000,0.000,0.000,0.000,0.000,0.000,0.000,0.000
1550.5,0,0.000,0.000,0.000,0.000,0.000,0.000,0.000,0.000,0.000,0.000,0.000,0.000,0.000,0.000,0.000
1584.0,0,0.000,0.000,0.000,0.000,0.000,0.000,0.000,0.000,0.000,0.000,0.000,0.000,0.000,0.000,0.000
1617.0,0,0.000,0.000,0.000,0.000,0.000,0.000,0.000,0.000,0.000,0.000,0.000,0.000,0.000,0.000,0.000
1650.5,0,0.000,0.000,0.000,0.000,0.000,0.000,0.000,0.000,0.000,0.000,0.000,0.000,0.000,0.000,0.000
1684.0,0,0.000,0.000,0.000,0.000,0.000,0.000,0.000,0.000,0.000,0.000,0.000,0.000,0.000,0.000,0.000
1717.0,0,0.000,0.000,0.000,12.450,0.000,0.000,15.722,0.000,0.000,0.000,0.000,0.000,0.000,0.000,0.000
1750.5,0,0.000,0.000,0.000,7.124,0.000,0.000,8.996,0.000,0.000,0.000,0.000,0.000,0.000,0.000,0.000
1784.0,0,0.000,0.000,0.000,4.076,0.000,0.000,5.147,0.000,0.000,0.000,0.000,0.000,0.000,0.000,0.000
1817.0,0,0.000,0.000,0.000,2.352,0.000,0.000,2.970,0.000,0.000,0.000,0.000,0.000,0.000,0.000,0.000
1850.5,0,0.000,0.000,0.000,1.345,0.000,0.000,1.699,0.000,0.000,0.000,0.000,0.000,0.000,0.000,0.000
1884.0,0,0.000,0.000,0.000,0.770,0.000,0.000,0.972,0.000,0.000,0.000,0.000,0.000,0.000,0.000,0.000
1917.0,0,0.000,0.000,0.000,0.444,0.000,0.000,14.321,0.000,0.000,0.000,0.000,0.000,0.000,0.000,0.000
1950.5,0,0.000,0.000,0.000,0.254,0.000,0.000,8.194,0.000,0.000,0.000,0.000,0.000,0.000,0.000,0.000
1984.0,0,0.000,0.000,0.000,0.145,0.000,0.000,4.688,0.000,0.000,0.000,0.000,0.000,0.000,0.000,0.000
2017.0,0,0.000,0.000,0.000,0.084,0.000,0.000,2.705,0.000,0.000,0.000,0.000,0.000,0.000,0.000,0.000
2050.5,0,0.000,0.000,0.000,0.048,0.000,0.000,1.548,0.000,0.000,0.000,0.000,0.000,0.000,0.000,0.000
2084.0,0,0.000,0.000,0.000,0.027,0.000,0.000,0.885,0.000,0.000,0.000,0.000,0.000,0.000,0.000,0.000
2117.0,0,0.000,0.000,0.000,0.016,0.000,0.000,0.511,0.000,0.000,0.000,0.000,0.000,0.000,0.000,0.000
2150.5,0,0.000,0.000,0.000,0.009,0.000,0.000,0.292,0.000,0.000,0.000,0.000,0.000,0.000,0.000,0.000
2184.0,0,0.000,0.000,0.000,0.005,0.000,0.000,0.167,0.000,0.000,0.000,0.000,0.000,0.000,0.000,0.000
2217.0,0,0.000,0.000,0.000,0.003,0.000,0.000,0.096,0.000,0.000,0.000,0.000,0.000,0.000,0.000,0.000
2250.5,0,0.000,11.551,0.000,0.002,0.000,0.000,0.055,0.000,0.000,0.000,0.000,0.000,0.000,0.000,0.000
2284.0,0,0.000,6.609,0.000,0.001,0.000,0.000,0.032,0.000,0.000,0.000,0.000,0.000,0.000,0.000,0.000
2317.0,0,0.000,3.813,0.000,0.001,0.000,0.000,0.018,0.000,0.000,0.000,0.000,0.000,0.000,0.000,0.000
2350.5,0,0.000,2.182,0.000,0.000,0.000,0.000,0.010,0.000,0.000,0.000,0.000,0.000,0.000,0.000,0.000
2384.0,0,0.000,1.248,0.000,0.000,0.000,0.000,0.006,0.000,0.000,0.000,0.000,0.000,0.000,0.000,0.000
2417.0,0,0.000,0.720,0.000,0.000,0.000,0.000,0.003,0.000,0.000,0.000,0.000,0.000,0.000,0.000,0.000
2450.5,0,0.000,0.412,0.000,0.000,0.000,0.000,0.002,0.000,0.000,0.000,0.000,0.000,0.000,0.000,0.000
2484.0,0,0.000,0.236,0.000,0.000,0.000,0.000,0.001,0.000,0.000,0.000,0.000,0.000,0.000,0.000,0.000
2517.0,0,0.000,0.136,0.000,0.000,0.000,0.000,0.001,0.000,0.000,0.000,0.000,0.000,0.000,0.000,0.000
2550.5,0,0.000,0.078,0.000,0.000,0.000,0.000,0.000,0.000,0.000,0.000,0.000,0.000,0.000,0.000,0.000
2584.0,0,0.000,0.045,0.000,0.000,0.000,0.000,0.000,0.000,0.000,0.000,0.000,0.000,0.000,0.000,0.000
2617.0,0,0.000,0.026,0.000,0.000,0.000,0.000,0.000,0.000,0.000,0.000,0.000,0.000,0.000,0.000,0.000
2650.5,0,0.000,0.015,0.000,0.000,0.000,0.000,0.000,0.000,0.000,0.000,0.000,0.000,0.000,0.000,0.000
2684.0,0,0.000,0.008,0.000,0.000,0.000,0.000,0.000,0.000,0.000,0.000,0.000,0.000,0.000,0.000,0.000
2717.0,0,0.000,0.005,0.000,0.000,0.000,0.000,0.000,0.000,0.000,0.000,0.000,0.000,0.000,0.000,0.000
2750.5,0,0.000,0.003,0.000,0.000,0.000,0.000,0.000,0.000,0.000,0.000,0.000,0.000,0.000,0.000,0.000
2784.0,0,0.000,0.002,0.000,0.000,0.000,0.000,0.000,0.000,0.000,0.000,0.000,0.000,0.000,0.000,0.000
2817.0,0,0.000,0.001,0.000,0.000,0.000,0.000,0.000,0.000,0.000,0.000,0.000,0.000,0.000,0.000,0.000
2850.5,0,0.000,0.001,0.000,0.000,0.000,0.000,0.000,0.000,0.000,0.000,0.000,0.000,0.000,0.000,0.000
2884.0,0,0.000,0.000,0.000,0.000,0.000,0.000,0.000,0.000,0.000,0.000,0.000,0.000,0.000,0.000,0.000
2917.0,0,0.000,0.000,0.000,0.000,0.000,0.000,0.000,0.000,0.000,0.000,0.000,0.000,0.000,0.000,0.000
2950.5,0,0.000,0.000,0.000,0.000,0.000,0.000,0.000,0.000,0.000,0.000,0.000,0.000,0.000,0.000,0.000
2984.0,0,0.000,0.000,0.000,0.000,0.000,0.000,0.000,0.000,0.000,0.000,0.000,0.000,0.000,0.000,0.000
3017.0,0,0.000,0.000,0.000,0.000,0.000,0.000,0.000,0.000,0.000,0.000,0.000,0.000,0.000,0.000,0.000
3050.5,0,0.000,0.000,0.000,0.000,0.000,0.000,0.000,0.000,0.000,0.000,0.000,0.000,0.000,0.000,0.000
3084.0,0,0.000,0.000,0.000,0.000,0.000,0.000,0.000,0.000,0.000,0.000,0.000,0.000,0.000,0.000,0.000
3117.0,0,0.000,0.000,0.000,0.000,0.000,0.000,0.000,0.000,0.000,0.000,0.000,0.000,0.000,0.000,0.000
3150.5,0,0.000,0.000,0.000,0.000,0.000,0.000,0.000,0.000,0.000,0.000,0.000,0.000,0.000,0.000,0.000
3184.0,0,0.000,0.000,0.000,0.000,0.000,0.000,0.000,0.000,0.000,0.000,0.000,0.000,0.000,0.000,0.000
3217.0,0,0.000,0.000,0.000,0.000,0.000,0.000,0.000,0.000,0.000,0.000,0.000,0.000,0.000,0.000,0.000
3250.5,0,0.000,0.000,0.000,0.000,0.000,0.000,0.000,0.000,0.000,0.000,0.000,0.000,0.000,0.000,0.000
3284.0,0,0.000,0.000,0.000,0.000,0.000,0.000,0.000,0.000,0.000,0.000,0.000,0.000,0.000,0.000,0.000
3317.0,0,0.000,0.000,0.000,0.000,0.000,0.000,0.000,0.000,0.000,0.000,0.000,0.000,0.000,0.000,0.000
3350.5,0,0.000,0.000,0.000,0.000,0.000,0.000,0.000,0.000,0.000,0.000,0.000,0.000,0.000,0.000,0.000
3384.0,0,0.000,0.000,0.000,0.000,0.000,0.000,0.000,0.000,0.000,0.000,0.000,0.000,0.000,0.000,0.000
3417.0,0,0.000,0.000,0.000,0.000,0.000,0.000,0.000,0.000,0.000,0.000,0.000,0.000,0.000,0.000,0.000
3450.5,0,0.000,0.000,0.000,0.000,0.000,0.000,0.000,0.000,0.000,0.000,0.000,0.000,0.000,0.000,0.000
3484.0,0,0.000,0.000,0.000,0.000,0.000,0.000,11.360,0.000,0.000,0.000,0.000,0.000,0.000,0.000,0.000
3517.0,0,0.000,0.000,0.000,0.000,0.000,0.000,6.554,0.000,0.000,0.000,0.000,0.000,0.000,0.000,0.000
3550.5,0,0.000,0.000,0.000,0.000,0.000,0.000,3.750,0.000,0.000,0.000,0.000,0.000,0.000,0.000,0.000
3584.0,0,0.000,0.000,0.000,0.000,0.000,0.000,2.146,0.000,0.000,0.000,0.000,0.000,0.000,0.000,0.000
3617.0,0,0.000,0.000,0.000,0.000,0.000,0.000,1.238,0.000,0.000,0.000,0.000,0.000,0.000,0.000,0.000
3650.5,0,0.000,0.000,0.000,0.000,0.000,0.000,0.708,0.000,0.000,0.000,0.000,0.000,0.000,0.000,0.000
3684.0,0,0.000,0.000,0.000,0.000,0.000,0.000,0.405,0.000,0.000,0.000,0.000,0.000,0.000,0.000,0.000
3717.0,0,0.000,0.000,0.000,0.000,0.000,0.000,0.234,0.000,0.000,0.000,0.000,0.000,0.000,0.000,0.000
3750.5,0,0.000,0.000,0.000,0.000,0.000,0.000,0.134,0.000,0.000,0.000,0.000,0.000,0.000,0.000,0.000
3784.0,0,0.000,0.000,0.000,0.000,0.000,0.000,0.077,0.000,0.000,0.000,0.000,0.000,0.000,0.000,0.000
3817.0,0,0.000,0.000,0.000,0.000,0.000,0.000,0.044,0.000,0.000,0.000,0.000,0.000,0.000,0.000,0.000
3850.5,0,0.000,0.000,0.000,0.000,0.000,0.000,0.025,0.000,0.000,0.000,0.000,0.000,0.000,0.000,0.000
3884.0,0,0.000,0.000,0.000,0.000,0.000,0.000,0.014,0.000,0.000,0.000,0.000,0.000,0.000,0.000,0.000
3917.0,0,0.000,0.000,0.000,0.000,0.000,0.000,0.008,0.000,0.000,0.000,0.000,0.000,0.000,0.000,0.000
3950.5,0,0.000,0.000,0.000,0.000,0.000,0.000,0.005,0.000,0.000,0.000,0.000,0.000,0.000,0.000,0.000
3984.0,0,0.000,0.000,0.000,0.000,0.000,0.000,0.003,0.000,0.000,0.000,0.000,0.000,0.000,0.000,0.000
4017.0,0,0.000,0.000,0.000,0.000,0.000,0.000,0.002,0.000,0.000,0.000,0.000,0.000,0.000,0.000,0.000
4050.5,0,0.000,0.000,0.000,0.000,0.000,0.000,0.001,0.000,0.000,0.000,0.000,0.000,0.000,0.000,0.000
4084.0,0,0.000,0.000,0.000,0.000,0.000,0.000,0.001,0.000,0.000,0.000,0.000,0.000,0.000,0.000,0.000
4117.0,0,0.000,0.000,0.000,0.000,0.000,0.000,0.000,0.000,0.000,0.000,0.000,0.000,0.000,0.000,0.000
4150.5,0,0.000,0.000,0.000,0.000,0.000,0.000,0.000,0.000,0.000,0.000,0.000,0.000,0.000,0.000,0.000
4184.0,0,0.000,0.000,0.000,0.000,0.000,0.000,13.309,0.000,0.000,0.000,0.000,0.000,0.000,0.000,0.000
4217.0,0,0.000,0.000,0.000,0.000,0.000,0.000,7.678,0.000,0.000,0.000,0.000,0.000,0.000,0.000,0.000
4250.5,0,0.000,0.000,0.000,0.000,0.000,0.000,4.393,0.000,0.000,0.000,0.000,0.000,0.000,0.000,0.000
4284.0,0,0.000,0.000,0.000,0.000,0.000,0.000,2.514,0.000,0.000,0.000,0.000,0.000,0.000,0.000,0.000
4317.0,0,0.000,0.000,0.000,0.000,0.000,0.000,1.450,0.000,0.000,0.000,0.000,0.000,0.000,0.000,0.000
4350.5,0,0.000,0.000,0.000,0.000,0.000,0.000,0.830,0.000,0.000,0.000,0.000,0.000,0.000,0.000,0.000
4384.0,0,0.000,0.000,0.000,0.000,0.000,0.000,0.475,0.000,0.000,0.000,0.000,0.000,0.000,0.000,0.000
4417.0,0,0.000,0.000,0.000,0.000,0.000,0.000,0.274,0.000,0.000,0.000,0.000,0.000,0.000,0.000,0.000
4450.5,0,0.000,0.000,0.000,0.000,0.000,0.000,0.157,0.000,0.000,0.000,0.000,0.000,0.000,0.000,0.000
4484.0,0,0.000,0.000,0.000,0.000,0.000,0.000,0.090,10.987,0.000,0.000,0.000,0.000,0.000,0.000,0.000
4517.0,0,0.000,0.000,0.000,0.000,0.000,0.000,0.052,6.339,0.000,0.000,0.000,0.000,0.000,0.000,0.000
4550.5,0,0.000,0.000,0.000,0.000,0.000,0.000,0.030,3.627,0.000,0.000,0.000,0.000,0.000,0.000,0.000
4584.0,0,15.854,0.000,0.000,0.000,0.000,0.000,0.017,2.075,0.000,0.000,0.000,0.000,0.000,0.000,0.000
4617.0,0,9.147,0.000,0.000,0.000,0.000,0.000,0.010,1.197,0.000,0.000,0.000,0.000,0.000,0.000,0.000
4650.5,0,5.233,0.000,0.000,0.000,0.000,0.000,0.006,0.685,0.000,0.000,0.000,0.000,0.000,0.000,0.000
4684.0,0,2.994,0.000,9.859,0.000,0.000,0.000,0.003,0.392,0.000,0.000,0.000,0.000,0.000,0.000,0.000
4717.0,0,1.728,0.000,5.688,0.000,0.000,0.000,0.002,0.226,0.000,0.000,0.000,0.000,0.000,0.000,0.000
4750.5,0,0.988,0.000,3.255,0.000,0.000,0.000,0.001,0.129,0.000,0.000,0.000,0.000,0.000,0.000,0.000
4784.0,0,0.566,0.000,1.862,0.000,0.000,0.000,0.001,0.074,0.000,0.000,0.000,0.000,0.000,0.000,0.000
4817.0,0,0.326,0.000,1.074,0.000,0.000,0.000,0.000,0.043,0.000,0.000,0.000,0.000,0.000,0.000,0.000
4850.5,0,0.187,0.000,0.615,0.000,0.000,0.000,0.000,0.024,0.000,0.000,0.000,0.000,0.000,0.000,0.000
4884.0,0,0.107,0.000,0.352,0.000,0.000,0.000,0.000,0.014,0.000,0.000,0.000,0.000,0.000,0.000,0.000
4917.0,0,0.062,0.000,0.203,0.000,0.000,0.000,0.000,0.008,0.000,0.000,0.000,0.000,0.000,0.000,0.000
4950.5,0,0.035,0.000,0.116,0.000,0.000,0.000,0.000,0.005,0.000,0.000,0.000,0.000,0.000,0.000,0.000
4984.0,0,0.020,0.000,0.066,0.000,0.000,10.451,0.000,0.003,0.000,0.000,0.000,0.000,0.000,0.000,0.000
5017.0,0,0.012,0.000,0.038,0.000,0.000,6.030,0.000,0.002,0.000,0.000,0.000,0.000,0.000,0.000,0.000
5050.5,0,0.007,0.000,0.022,0.000,0.000,3.450,0.000,0.001,0.000,0.000,0.000,0.000,0.000,0.000,0.000
5084.0,0,0.004,0.000,0.013,0.000,0.000,1.974,0.000,15.987,0.000,0.000,0.000,0.000,0.000,0.000,0.000
5117.0,0,0.002,0.000,0.007,0.000,0.000,1.139,0.000,9.224,0.000,0.000,0.000,0.000,0.000,0.000,0.000
5150.5,0,0.001,0.000,0.004,0.000,0.000,0.652,0.000,5.277,0.000,0.000,0.000,0.000,0.000,0.000,0.000
5184.0,0,0.001,0.000,0.002,0.000,0.000,0.373,0.000,3.020,0.000,0.000,0.000,0.000,0.000,0.000,0.000
5217.0,0,0.000,0.000,0.001,0.000,0.000,0.215,13.760,1.742,0.000,0.000,0.000,0.000,0.000,0.000,0.000
5250.5,0,0.000,0.000,0.001,0.000,0.000,0.123,7.873,0.997,0.000,0.000,0.000,0.000,0.000,0.000,0.000
5284.0,0,0.000,0.000,0.000,0.000,0.000,0.070,4.505,0.570,0.000,0.000,0.000,0.000,0.000,0.000,0.000
5317.0,0,0.000,0.000,0.000,0.000,0.000,0.041,2.599,0.329,0.000,0.000,0.000,0.000,0.000,0.000,0.000
5350.5,0,0.000,0.000,0.000,0.000,0.000,0.023,1.487,0.188,0.000,0.000,0.000,0.000,0.000,0.000,0.000
5384.0,0,0.000,0.000,0.000,0.000,0.000,0.013,0.851,0.108,0.000,0.000,0.000,0.000,0.000,0.000,0.000
5417.0,0,0.000,0.000,0.000,0.000,0.000,0.008,0.491,0.062,0.000,0.000,0.000,0.000,0.000,0.000,0.000
5450.5,0,14.831,0.000,0.000,0.000,0.000,0.004,0.281,0.036,0.000,0.000,0.000,0.000,0.000,0.000,0.000
5484.0,0,8.486,0.000,0.000,0.000,0.000,0.003,0.161,0.020,0.000,0.000,0.000,0.000,0.000,0.000,0.000
5517.0,0,4.896,0.000,0.000,0.000,0.000,0.001,0.093,0.012,0.000,0.000,0.000,0.000,0.000,0.000,0.000
5550.5,0,2.801,0.000,0.000,0.000,0.000,0.001,0.053,0.007,0.000,0.000,0.000,0.000,0.000,0.000,0.000
5584.0,0,1.603,0.000,0.000,0.000,0.000,0.000,0.030,0.004,0.000,0.000,0.000,0.000,0.000,0.000,0.000
5617.0,0,0.925,0.000,0.000,0.000,0.000,0.000,0.018,0.002,0.000,0.000,0.000,0.000,0.000,0.000,0.000
5650.5,0,0.529,0.000,0.000,0.000,0.000,0.000,12.153,0.001,0.000,0.000,0.000,0.000,0.000,0.000,0.000
5684.0,0,0.303,0.000,0.000,0.000,0.000,9.942,6.953,0.001,0.000,0.000,0.000,0.000,0.000,0.000,0.000
5717.0,0,0.175,0.000,0.000,0.000,0.000,5.736,4.012,0.000,0.000,0.000,0.000,0.000,0.000,0.000,0.000
5750.5,0,0.100,0.000,0.000,0.000,0.000,3.282,2.295,0.000,0.000,0.000,0.000,0.000,0.000,0.000,0.000
5784.0,0,0.057,0.000,0.000,0.000,0.000,1.878,1.313,0.000,0.000,0.000,0.000,0.000,0.000,0.000,0.000
5817.0,0,0.033,0.000,0.000,0.000,0.000,1.083,0.758,0.000,0.000,0.000,0.000,0.000,0.000,0.000,0.000
5850.5,0,0.019,0.000,0.000,0.000,0.000,0.620,0.434,0.000,0.000,0.000,0.000,0.000,0.000,0.000,0.000
5884.0,0,0.011,0.000,0.000,0.000,0.000,0.355,0.248,0.000,0.000,0.000,0.000,0.000,0.000,0.000,0.000
5917.0,0,12.149,0.000,0.000,0.000,0.000,0.205,0.143,0.000,0.000,0.000,0.000,0.000,0.000,0.000,0.000
5950.5,0,6.951,0.000,0.000,0.000,0.000,0.117,0.082,0.000,0.000,0.000,0.000,0.000,0.000,0.000,0.000
5984.0,0,3.977,0.000,0.000,0.000,0.000,0.067,0.047,0.000,0.000,0.000,0.000,0.000,0.000,0.000,0.000
6017.0,0,2.295,0.000,0.000,0.000,0.000,0.039,0.027,0.000,0.000,0.000,0.000,0.000,0.000,0.000,0.000
6050.5,0,13.058,0.000,0.000,10.716,0.000,0.022,0.015,0.000,0.000,0.000,0.000,0.000,0.000,0.000,0.000
6084.0,0,7.471,0.000,0.000,6.131,0.000,0.013,0.009,0.000,0.000,0.000,0.000,0.000,0.000,0.000,0.000
6117.0,0,4.310,0.000,0.000,3.537,0.000,0.007,0.005,0.000,0.000,0.000,0.000,0.000,0.000,0.000,0.000
6150.5,0,2.466,0.000,0.000,2.024,0.000,0.004,0.003,0.000,0.000,0.000,0.000,0.000,0.000,0.000,0.000
6184.0,0,1.411,0.000,0.000,1.158,0.000,0.002,0.002,0.000,0.000,0.000,0.000,0.000,0.000,0.000,0.000
6217.0,0,0.814,0.000,0.000,0.668,0.000,0.001,0.001,0.000,0.000,0.000,0.000,0.000,0.000,0.000,0.000
6250.5,0,0.466,0.000,0.000,0.382,0.000,0.001,0.001,0.000,0.000,0.000,0.000,0.000,0.000,0.000,0.000
6284.0,0,0.267,0.000,0.000,0.219,0.000,0.000,0.000,0.000,0.000,0.000,0.000,0.000,0.000,0.000,0.000
6317.0,0,0.154,0.000,0.000,0.126,0.000,0.000,0.000,0.000,0.000,0.000,0.000,0.000,0.000,0.000,0.000
6350.5,0,0.088,0.000,0.000,0.072,0.000,0.000,0.000,0.000,0.000,0.000,0.000,0.000,0.000,0.000,0.000
6384.0,0,0.050,0.000,0.000,0.041,0.000,0.000,0.000,0.000,0.000,0.000,0.000,0.000,0.000,0.000,0.000
6417.0,0,0.029,0.000,0.000,0.024,0.000,0.000,0.000,0.000,0.000,0.000,0.000,0.000,0.000,0.000,0.000
6450.5,0,0.017,0.000,0.000,0.014,0.000,0.000,0.000,0.000,0.000,0.000,0.000,0.000,0.000,0.000,0.000
6484.0,0,0.010,0.000,0.000,0.008,0.000,0.000,0.000,0.000,0.000,0.000,0.000,0.000,0.000,0.000,0.000
6517.0,0,0.005,0.000,0.000,0.005,0.000,0.000,0.000,0.000,0.000,0.000,0.000,0.000,0.000,0.000,0.000
6550.5,0,0.003,0.000,0.000,0.003,0.000,0.000,0.000,0.000,0.000,0.000,0.000,0.000,0.000,0.000,0.000
6584.0,0,0.002,0.000,0.000,0.001,0.000,0.000,0.000,0.000,0.000,0.000,0.000,0.000,0.000,0.000,0.000
6617.0,0,0.001,0.000,0.000,0.001,0.000,0.000,0.000,0.000,0.000,0.000,0.000,0.000,0.000,0.000,0.000
6650.5,0,0.001,0.000,0.000,0.000,0.000,0.000,0.000,0.000,0.000,0.000,0.000,0.000,0.000,0.000,0.000
6684.0,0,0.000,0.000,0.000,0.000,0.000,0.000,0.000,0.000,0.000,0.000,0.000,0.000,0.000,0.000,0.000
6717.0,0,0.000,0.000,0.000,0.000,0.000,0.000,14.708,0.000,0.000,0.000,0.000,0.000,0.000,0.000,0.000
6750.5,0,0.000,0.000,0.000,0.000,0.000,0.000,8.416,0.000,0.000,0.000,0.000,0.000,0.000,0.000,0.000
6784.0,0,0.000,0.000,12.765,0.000,0.000,0.000,4.815,0.000,0.000,0.000,0.000,0.000,0.000,0.000,0.000
6817.0,0,0.000,0.000,7.365,0.000,0.000,0.000,2.778,0.000,0.000,0.000,0.000,0.000,0.000,0.000,0.000
6850.5,0,0.000,0.000,4.214,0.000,0.000,0.000,1.589,0.000,0.000,0.000,0.000,0.000,0.000,0.000,0.000
6884.0,0,0.000,0.000,2.411,0.000,0.000,0.000,0.909,0.000,0.000,0.000,0.000,0.000,0.000,0.000,0.000
6917.0,0,0.000,0.000,1.391,0.000,0.000,0.000,0.525,0.000,0.000,0.000,0.000,0.000,0.000,0.000,0.000
6950.5,0,0.000,0.000,0.796,0.000,0.000,0.000,0.300,11.360,0.000,0.000,0.000,0.000,0.000,0.000,0.000
6984.0,0,0.000,0.000,0.455,0.000,0.000,0.000,0.172,6.500,0.000,0.000,0.000,0.000,0.000,0.000,0.000
7017.0,0,0.000,0.000,0.263,0.000,0.000,0.000,0.099,3.750,0.000,0.000,0.000,0.000,0.000,0.000,0.000
7050.5,0,0.000,0.000,0.150,0.000,0.000,0.000,0.057,2.146,0.000,0.000,0.000,0.000,0.000,0.000,0.000
7084.0,0,0.000,0.000,0.086,0.000,0.000,0.000,0.032,1.228,0.000,0.000,0.000,0.000,0.000,0.000,0.000
7117.0,0,0.000,0.000,0.050,0.000,0.000,0.000,0.019,0.708,0.000,0.000,0.000,0.000,0.000,0.000,0.000
7150.5,0,0.000,0.000,0.028,0.000,0.000,0.000,0.011,0.405,0.000,0.000,0.000,0.000,0.000,0.000,0.000
7184.0,0,0.000,0.000,0.016,0.000,0.000,0.000,0.006,0.232,0.000,0.000,0.000,0.000,0.000,0.000,0.000
7217.0,0,0.000,0.000,0.009,0.000,0.000,0.000,0.004,0.134,0.000,0.000,0.000,0.000,0.000,0.000,0.000
7250.5,0,0.000,0.000,0.005,0.000,0.000,0.000,0.002,0.077,0.000,0.000,0.000,0.000,0.000,0.000,0.000
7284.0,0,0.000,0.000,0.003,0.000,0.000,0.000,0.001,0.044,0.000,0.000,0.000,0.000,0.000,0.000,0.000
7317.0,0,0.000,0.000,0.002,0.000,0.000,0.000,0.001,0.025,0.000,0.000,0.000,0.000,0.000,0.000,0.000
7350.5,0,0.000,0.000,0.001,0.000,0.000,0.000,0.000,0.014,0.000,0.000,0.000,0.000,0.000,0.000,0.000
7384.0,0,0.000,0.000,0.001,0.000,0.000,0.000,0.000,0.008,0.000,0.000,0.000,0.000,0.000,0.000,0.000
7417.0,0,0.000,0.000,0.000,0.000,0.000,0.000,0.000,0.005,0.000,0.000,0.000,0.000,0.000,0.000,0.000
7450.5,0,0.000,0.000,0.000,0.000,0.000,0.000,0.000,0.003,0.000,0.000,0.000,0.000,0.000,0.000,0.000
7484.0,0,0.000,0.000,0.000,0.000,0.000,0.000,0.000,10.453,0.000,0.000,0.000,0.000,0.000,0.000,0.000
7517.0,0,0.000,0.000,0.000,0.000,0.000,0.000,0.000,6.031,0.000,0.000,0.000,0.000,0.000,0.000,0.000
7550.5,0,0.000,0.000,0.000,0.000,0.000,0.000,0.000,3.451,0.000,0.000,0.000,0.000,0.000,0.000,0.000
7584.0,0,0.000,0.000,0.000,0.000,0.000,0.000,15.462,1.974,0.000,0.000,0.000,0.000,0.000,0.000,0.000
7617.0,0,0.000,0.000,0.000,0.000,0.000,0.000,8.921,1.139,0.000,0.000,0.000,0.000,0.000,0.000,0.000
7650.5,0,0.000,0.000,0.000,0.000,0.000,0.000,5.104,0.652,0.000,0.000,0.000,0.000,0.000,0.000,0.000
7684.0,0,0.000,0.000,0.000,0.000,0.000,0.000,2.920,0.373,0.000,0.000,0.000,0.000,0.000,0.000,0.000
7717.0,0,0.000,0.000,0.000,0.000,0.000,0.000,1.685,0.215,0.000,0.000,0.000,0.000,0.000,0.000,0.000
7750.5,0,0.000,0.000,0.000,0.000,0.000,0.000,0.964,0.123,0.000,0.000,0.000,0.000,0.000,0.000,0.000
7784.0,0,0.000,0.000,0.000,0.000,0.000,0.000,0.552,0.070,0.000,0.000,0.000,0.000,0.000,0.000,0.000
7817.0,0,0.000,0.000,0.000,0.000,0.000,0.000,0.318,0.041,0.000,0.000,0.000,0.000,0.000,0.000,0.000
7850.5,0,0.000,0.000,0.000,0.000,0.000,0.000,0.182,0.023,0.000,0.000,0.000,0.000,0.000,0.000,0.000
7884.0,0,0.000,0.000,0.000,0.000,0.000,0.000,0.104,0.013,0.000,0.000,0.000,0.000,0.000,0.000,0.000
7917.0,0,0.000,0.000,0.000,0.000,0.000,0.000,0.060,0.008,0.000,0.000,0.000,0.000,0.000,0.000,0.000
7950.5,0,0.000,0.000,0.000,0.000,0.000,0.000,0.034,0.004,0.000,0.000,0.000,0.000,0.000,0.000,0.000
7984.0,0,0.000,0.000,0.000,0.000,0.000,0.000,0.020,0.003,0.000,0.000,0.000,0.000,0.000,0.000,0.000
8017.0,0,0.000,0.000,0.000,0.000,0.000,0.000,0.011,0.001,0.000,0.000,0.000,0.000,0.000,0.000,0.000
8050.5,0,0.000,0.000,0.000,0.000,0.000,0.000,0.006,0.001,0.000,0.000,0.000,0.000,0.000,0.000,0.000
8084.0,0,0.000,0.000,0.000,0.000,0.000,0.000,0.004,0.000,0.000,0.000,0.000,0.000,0.000,0.000,0.000
8117.0,0,0.000,0.000,0.000,0.000,0.000,0.000,0.002,0.000,0.000,0.000,0.000,0.000,0.000,0.000,0.000
8150.5,0,10.451,0.000,0.000,0.000,0.000,0.000,0.001,0.000,0.000,0.000,0.000,0.000,0.000,0.000,0.000
8184.0,0,5.980,0.000,0.000,0.000,0.000,0.000,0.001,0.000,0.000,0.000,0.000,0.000,0.000,0.000,0.000
8217.0,0,3.450,0.000,0.000,0.000,0.000,0.000,0.000,0.000,0.000,0.000,0.000,0.000,0.000,0.000,0.000
8250.5,0,1.974,0.000,0.000,0.000,0.000,0.000,0.000,0.000,0.000,0.000,0.000,0.000,0.000,0.000,0.000
8284.0,0,1.129,0.000,0.000,0.000,0.000,0.000,0.000,0.000,0.000,0.000,0.000,0.000,0.000,0.000,0.000
8317.0,0,0.652,0.000,0.000,0.000,0.000,0.000,0.000,0.000,0.000,0.000,0.000,0.000,0.000,0.000,0.000
8350.5,0,0.373,0.000,0.000,0.000,0.000,0.000,0.000,0.000,0.000,0.000,0.000,0.000,0.000,0.000,0.000
8384.0,0,0.213,0.000,0.000,0.000,0.000,0.000,0.000,0.000,0.000,0.000,0.000,0.000,0.000,0.000,0.000
8417.0,0,0.123,0.000,0.000,0.000,0.000,0.000,0.000,0.000,0.000,0.000,0.000,0.000,0.000,0.000,0.000
8450.5,0,0.070,0.000,0.000,0.000,0.000,0.000,0.000,0.000,0.000,0.000,0.000,0.000,0.000,0.000,0.000
8484.0,0,0.040,0.000,0.000,0.000,0.000,0.000,13.875,0.000,0.000,0.000,0.000,0.000,0.000,0.000,0.000
8517.0,0,0.023,0.000,0.000,0.000,0.000,0.000,8.005,0.000,0.000,0.000,0.000,0.000,0.000,0.000,0.000
8550.5,0,0.013,0.000,0.000,0.000,0.000,0.000,4.580,0.000,0.000,0.000,0.000,0.000,0.000,0.000,0.000
8584.0,0,0.008,0.000,0.000,0.000,0.000,0.000,2.621,0.000,0.000,0.000,0.000,0.000,0.000,0.000,0.000
8617.0,0,0.004,0.000,0.000,0.000,0.000,0.000,1.512,0.000,0.000,0.000,0.000,0.000,0.000,0.000,0.000
8650.5,0,0.003,0.000,0.000,0.000,0.000,0.000,0.865,0.000,0.000,0.000,0.000,0.000,0.000,0.000,0.000
8684.0,0,0.001,0.000,0.000,0.000,0.000,0.000,0.495,0.000,0.000,0.000,0.000,0.000,0.000,0.000,0.000
8717.0,0,0.001,0.000,0.000,0.000,0.000,0.000,0.286,0.000,0.000,0.000,0.000,0.000,0.000,0.000,0.000
8750.5,0,0.000,0.000,0.000,0.000,0.000,0.000,0.163,11.647,0.000,0.000,0.000,0.000,0.000,0.000,0.000
8784.0,0,0.000,0.000,0.000,0.000,0.000,0.000,0.093,6.664,0.000,0.000,0.000,0.000,0.000,0.000,0.000
8817.0,0,0.000,0.000,0.000,0.000,0.000,0.000,0.054,3.845,0.000,0.000,0.000,0.000,0.000,0.000,0.000
8850.5,0,0.000,0.000,0.000,0.000,0.000,0.000,0.031,2.200,0.000,0.000,0.000,0.000,0.000,0.000,0.000
8884.0,0,0.000,0.000,0.000,0.000,0.000,0.000,0.018,1.259,0.000,0.000,0.000,0.000,0.000,0.000,0.000
8917.0,0,0.000,0.000,0.000,0.000,0.000,0.000,0.010,0.726,0.000,0.000,0.000,0.000,0.000,0.000,0.000
8950.5,0,0.000,0.000,0.000,0.000,0.000,0.000,0.006,0.416,0.000,0.000,0.000,0.000,0.000,0.000,0.000
8984.0,0,0.000,0.000,0.000,0.000,0.000,0.000,0.003,0.238,0.000,0.000,0.000,0.000,0.000,0.000,0.000
9017.0,0,0.000,0.000,0.000,0.000,0.000,0.000,11.845,0.137,0.000,0.000,0.000,0.000,0.000,0.000,0.000
9050.5,0,0.000,0.000,0.000,0.000,0.000,0.000,6.777,0.078,0.000,0.000,0.000,0.000,0.000,0.000,0.000
9084.0,0,0.000,0.000,0.000,0.000,0.000,0.000,16.328,0.045,0.000,0.000,0.000,0.000,0.000,0.000,0.000
9117.0,0,0.000,0.000,0.000,0.000,0.000,0.000,9.420,0.026,0.000,0.000,0.000,0.000,0.000,0.000,0.000
9150.5,0,0.000,0.000,0.000,0.000,0.000,0.000,5.390,0.015,0.000,0.000,0.000,0.000,0.000,0.000,0.000
9184.0,0,0.000,0.000,0.000,0.000,0.000,0.000,3.084,0.008,0.000,0.000,0.000,0.000,0.000,0.000,0.000
9217.0,0,0.000,0.000,0.000,0.000,0.000,0.000,1.779,0.005,0.000,0.000,0.000,0.000,0.000,0.000,0.000
9250.5,0,0.000,0.000,0.000,0.000,0.000,0.000,1.018,0.003,0.000,0.000,0.000,0.000,0.000,0.000,0.000
9284.0,0,0.000,0.000,0.000,0.000,0.000,0.000,0.582,0.002,0.000,0.000,0.000,0.000,0.000,0.000,0.000
9317.0,0,0.000,0.000,0.000,0.000,0.000,0.000,0.336,0.001,0.000,0.000,0.000,0.000,0.000,0.000,0.000
9350.5,0,0.000,0.000,0.000,0.000,0.000,0.000,0.192,0.001,0.000,0.000,0.000,0.000,0.000,0.000,0.000
9384.0,0,0.000,0.000,13.198,0.000,0.000,0.000,0.110,0.000,0.000,0.000,0.000,0.000,0.000,0.000,0.000
9417.0,0,0.000,0.000,7.615,0.000,0.000,0.000,13.043,0.000,0.000,0.000,0.000,0.000,0.000,0.000,0.000
9450.5,0,0.000,0.000,4.357,0.000,0.000,0.000,7.463,0.000,0.000,0.000,0.000,0.000,0.000,0.000,0.000
9484.0,0,0.000,0.000,2.493,0.000,0.000,0.000,4.270,0.000,0.000,0.000,0.000,0.000,0.000,0.000,0.000
9517.0,0,0.000,0.000,1.438,0.000,0.000,0.000,2.464,0.000,0.000,0.000,0.000,0.000,0.000,0.000,0.000
9550.5,0,0.000,0.000,0.823,0.000,0.000,0.000,1.410,0.000,0.000,0.000,0.000,0.000,0.000,0.000,0.000
9584.0,0,0.000,0.000,0.471,0.000,0.000,0.000,0.807,0.000,0.000,0.000,0.000,0.000,0.000,0.000,0.000
9617.0,0,0.000,0.000,0.272,0.000,0.000,0.000,0.465,0.000,0.000,0.000,0.000,0.000,0.000,0.000,0.000
9650.5,0,0.000,0.000,0.155,0.000,0.000,0.000,0.266,0.000,0.000,0.000,0.000,0.000,0.000,0.000,0.000
9684.0,0,0.000,0.000,0.089,0.000,0.000,0.000,0.152,0.000,0.000,0.000,0.000,0.000,0.000,0.000,0.000
9717.0,0,0.000,0.000,0.051,0.000,0.000,0.000,0.088,0.000,0.000,0.000,0.000,0.000,0.000,0.000,0.000
9750.5,0,0.000,0.000,0.029,0.000,0.000,0.000,0.050,0.000,0.000,0.000,0.000,0.000,0.000,0.000,0.000
9784.0,0,0.000,0.000,0.017,0.000,0.000,0.000,0.029,0.000,0.000,0.000,0.000,0.000,0.000,0.000,0.000
9817.0,0,0.000,0.000,0.010,0.000,0.000,0.000,0.017,0.000,0.000,0.000,0.000,0.000,0.000,0.000,0.000
9850.5,0,0.000,0.000,0.006,0.000,0.000,0.000,0.009,0.000,0.000,0.000,0.000,0.000,0.000,0.000,0.000
9884.0,0,0.000,0.000,0.003,0.000,0.000,0.000,0.005,0.000,0.000,0.000,0.000,0.000,0.000,0.000,0.000
9917.0,0,0.000,0.000,0.002,0.000,0.000,0.000,0.003,0.000,0.000,0.000,0.000,0.000,0.000,0.000,0.000
9950.5,0,0.000,0.000,0.001,0.000,0.000,0.000,0.002,0.000,0.000,0.000,0.000,0.000,0.000,0.000,0.000
9984.0,0,0.000,0.000,0.001,0.000,0.000,0.000,11.080,0.000,0.000,0.000,0.000,0.000,0.000,0.000,0.000
10017.0,0,0.000,0.000,0.000,0.000,0.000,0.000,6.393,0.000,0.000,0.000,0.000,0.000,0.000,0.000,0.000
10050.5,0,0.000,0.000,0.000,0.000,0.000,0.000,3.658,0.000,0.000,0.000,0.000,0.000,0.000,0.000,0.000
10084.0,0,0.000,11.172,0.000,0.000,0.000,0.000,2.093,0.000,0.000,0.000,0.000,0.000,0.000,0.000,0.000
10117.0,0,0.000,6.446,0.000,0.000,0.000,0.000,1.207,0.000,0.000,0.000,0.000,0.000,0.000,0.000,0.000
10150.5,0,0.000,3.688,0.000,0.000,0.000,0.000,0.691,0.000,0.000,0.000,0.000,0.000,0.000,0.000,0.000
10184.0,0,0.000,2.110,0.000,0.000,0.000,0.000,0.395,0.000,0.000,0.000,0.000,0.000,0.000,0.000,0.000
10217.0,0,0.000,1.217,0.000,0.000,0.000,0.000,0.228,0.000,0.000,0.000,0.000,0.000,0.000,0.000,0.000
10250.5,0,0.000,0.697,0.000,0.000,0.000,0.000,0.130,0.000,0.000,0.000,0.000,0.000,0.000,0.000,0.000
10284.0,0,0.000,0.399,0.000,0.000,0.000,0.000,0.075,0.000,0.000,0.000,0.000,0.000,0.000,0.000,0.000
10317.0,0,0.000,0.230,0.000,0.000,0.000,0.000,0.043,0.000,0.000,0.000,0.000,0.000,0.000,0.000,0.000
10350.5,0,0.000,0.132,0.000,0.000,0.000,0.000,0.025,0.000,0.000,0.000,0.000,0.000,0.000,0.000,0.000
10384.0,0,0.000,0.075,0.000,0.000,0.000,0.000,0.014,0.000,0.000,0.000,0.000,0.000,0.000,0.000,0.000
10417.0,0,0.000,0.043,0.000,0.000,0.000,0.000,0.008,0.000,0.000,0.000,0.000,0.000,0.000,0.000,0.000
10450.5,0,0.000,0.025,0.000,0.000,0.000,0.000,0.005,0.000,0.000,0.000,0.000,0.000,0.000,0.000,0.000
10484.0,0,0.000,0.014,0.000,0.000,0.000,0.000,0.003,0.000,0.000,0.000,0.000,0.000,0.000,0.000,0.000
10517.0,0,0.000,0.008,0.000,0.000,0.000,0.000,0.002,0.000,0.000,0.000,0.000,0.000,0.000,0.000,0.000
10550.5,0,0.000,0.005,0.000,0.000,0.000,0.000,0.001,0.000,0.000,0.000,0.000,0.000,0.000,0.000,0.000
10584.0,0,0.000,0.003,0.000,9.616,0.000,0.000,0.001,0.000,0.000,0.000,0.000,0.000,0.000,0.000,0.000
10617.0,0,0.000,0.002,0.000,5.548,0.000,0.000,0.000,0.000,0.000,0.000,0.000,0.000,0.000,0.000,0.000
10650.5,0,0.000,0.001,0.000,3.174,0.000,0.000,0.000,0.000,0.000,0.000,0.000,0.000,0.000,0.000,0.000
10684.0,0,0.000,0.001,0.000,1.816,0.000,0.000,0.000,0.000,0.000,0.000,0.000,0.000,0.000,0.000,0.000
10717.0,0,0.000,0.000,0.000,1.048,0.000,0.000,0.000,0.000,0.000,0.000,0.000,0.000,0.000,0.000,0.000
10750.5,0,0.000,0.000,15.592,0.600,0.000,0.000,0.000,0.000,0.000,0.000,0.000,0.000,0.000,0.000,0.000
10784.0,0,0.000,0.000,8.921,0.343,0.000,0.000,0.000,0.000,0.000,0.000,0.000,0.000,0.000,0.000,0.000
10817.0,0,0.000,0.000,5.147,0.198,0.000,0.000,0.000,0.000,0.000,0.000,0.000,0.000,0.000,0.000,0.000
10850.5,0,0.000,0.000,2.945,0.113,0.000,0.000,0.000,0.000,0.000,0.000,0.000,0.000,0.000,0.000,0.000
10884.0,0,0.000,0.000,1.685,0.065,0.000,0.000,0.000,0.000,0.000,0.000,0.000,0.000,0.000,0.000,0.000
10917.0,0,0.000,0.000,0.972,0.037,0.000,0.000,0.000,0.000,0.000,0.000,0.000,0.000,0.000,0.000,0.000
10950.5,0,0.000,0.000,0.556,0.021,0.000,0.000,0.000,0.000,0.000,0.000,0.000,0.000,0.000,0.000,0.000
10984.0,0,0.000,0.000,0.318,0.012,0.000,0.000,0.000,0.000,0.000,0.000,0.000,0.000,0.000,0.000,0.000
11017.0,0,0.000,0.000,0.184,0.007,0.000,0.000,0.000,0.000,0.000,0.000,0.000,0.000,0.000,0.000,0.000
11050.5,0,0.000,0.000,0.105,0.004,0.000,0.000,0.000,0.000,0.000,0.000,0.000,0.000,0.000,0.000,0.000
11084.0,0,0.000,0.000,0.060,0.002,0.000,0.000,0.000,0.000,0.000,0.000,0.000,0.000,0.000,0.000,0.000
11117.0,0,0.000,0.000,0.035,0.001,0.000,0.000,0.000,0.000,0.000,0.000,0.000,0.000,0.000,0.000,0.000
11150.5,0,0.000,0.000,0.020,0.001,0.000,0.000,0.000,0.000,0.000,0.000,0.000,0.000,0.000,0.000,0.000
11184.0,0,0.000,0.000,0.011,0.000,0.000,0.000,0.000,0.000,0.000,0.000,0.000,0.000,0.000,0.000,0.000
11217.0,0,0.000,0.000,0.007,0.000,0.000,0.000,0.000,0.000,0.000,0.000,0.000,0.000,0.000,0.000,0.000
11250.5,0,0.000,0.000,0.004,0.000,0.000,0.000,0.000,0.000,0.000,0.000,0.000,0.000,0.000,0.000,0.000
11284.0,0,0.000,0.000,0.002,0.000,0.000,0.000,0.000,0.000,0.000,0.000,0.000,0.000,0.000,0.000,0.000
11317.0,0,0.000,0.000,0.001,0.000,0.000,0.000,0.000,0.000,0.000,0.000,0.000,0.000,0.000,0.000,0.000
11350.5,0,0.000,0.000,0.001,0.000,0.000,0.000,0.000,0.000,0.000,0.000,0.000,0.000,0.000,0.000,0.000
11384.0,0,0.000,0.000,0.000,0.000,0.000,0.000,0.000,0.000,0.000,0.000,0.000,0.000,0.000,0.000,0.000
11417.0,0,0.000,0.000,0.000,0.000,0.000,0.000,0.000,0.000,0.000,0.000,0.000,0.000,0.000,0.000,0.000
11450.5,0,0.000,0.000,0.000,0.000,0.000,0.000,0.000,0.000,0.000,0.000,0.000,0.000,0.000,0.000,0.000
11484.0,0,0.000,0.000,0.000,0.000,0.000,0.000,0.000,0.000,0.000,0.000,0.000,0.000,0.000,0.000,0.000
11517.0,0,0.000,0.000,0.000,0.000,0.000,0.000,0.000,0.000,0.000,0.000,0.000,0.000,0.000,0.000,0.000
11550.5,0,0.000,10.896,0.000,0.000,0.000,0.000,0.000,0.000,0.000,0.000,0.000,0.000,0.000,0.000,0.000
11584.0,0,0.000,6.234,0.000,0.000,14.831,0.000,0.000,0.000,0.000,0.000,0.000,0.000,0.000,0.000,0.000
11617.0,0,0.000,3.597,0.000,0.000,8.557,10.627,0.000,0.000,0.000,0.000,0.000,0.000,0.000,0.000,0.000
11650.5,0,0.000,2.058,0.000,0.000,4.896,6.080,0.000,0.000,0.000,0.000,0.000,0.000,0.000,0.000,0.000
11684.0,0,0.000,1.178,0.000,0.000,2.801,3.479,0.000,0.000,0.000,0.000,0.000,0.000,0.000,0.000,0.000
11717.0,0,0.000,0.679,0.000,0.000,1.616,2.007,0.000,0.000,0.000,0.000,0.000,0.000,0.000,0.000,0.000
11750.5,0,0.000,0.389,0.000,0.000,0.925,1.148,0.000,0.000,0.000,0.000,0.000,0.000,0.000,0.000,0.000
11784.0,0,0.000,15.178,0.000,0.000,0.529,0.657,0.000,0.000,0.000,0.000,0.000,0.000,0.000,0.000,0.000
11817.0,0,0.000,8.757,0.000,0.000,0.305,0.379,0.000,0.000,0.000,0.000,0.000,0.000,0.000,0.000,0.000
11850.5,0,0.000,5.010,0.000,0.000,0.175,0.217,0.000,0.000,0.000,0.000,0.000,0.000,0.000,0.000,0.000
11884.0,0,0.000,2.867,0.000,0.000,0.100,0.124,0.000,0.000,0.000,0.000,0.000,0.000,0.000,0.000,0.000
11917.0,0,0.000,1.654,0.000,0.000,0.058,0.072,0.000,0.000,0.000,0.000,0.000,0.000,0.000,0.000,0.000
11950.5,0,0.000,0.946,0.000,0.000,0.033,0.041,0.000,0.000,0.000,0.000,0.000,0.000,0.000,0.000,0.000
11984.0,0,0.000,0.541,0.000,0.000,0.019,0.023,0.000,0.000,0.000,0.000,0.000,0.000,0.000,0.000,0.000
12017.0,0,0.000,0.312,0.000,0.000,0.011,0.014,0.000,0.000,0.000,0.000,0.000,0.000,0.000,0.000,0.000
12050.5,0,0.000,0.179,0.000,0.000,0.006,0.008,0.000,0.000,0.000,0.000,0.000,0.000,0.000,0.000,0.000
12084.0,0,0.000,0.102,0.000,0.000,13.649,12.249,0.000,0.000,0.000,0.000,0.000,0.000,0.000,0.000,0.000
12117.0,0,0.000,0.059,0.000,0.000,7.875,7.067,0.000,0.000,0.000,0.000,0.000,0.000,0.000,0.000,0.000
12150.5,0,0.000,0.034,0.000,0.000,4.506,4.043,0.000,0.000,0.000,0.000,0.000,0.000,0.000,0.000,0.000
12184.0,0,0.000,0.019,0.000,0.000,2.578,2.314,0.000,0.000,0.000,0.000,0.000,0.000,0.000,0.000,0.000
12217.0,0,0.000,0.011,0.000,0.000,1.487,1.335,13.089,0.000,0.000,0.000,0.000,0.000,0.000,0.000,0.000
12250.5,0,0.000,0.006,0.000,0.000,0.851,0.764,7.489,0.000,0.000,0.000,0.000,0.000,0.000,0.000,0.000
12284.0,0,0.000,0.004,0.000,0.000,0.487,0.437,4.285,0.000,0.000,0.000,0.000,0.000,0.000,0.000,0.000
12317.0,0,0.000,0.002,0.000,0.000,0.281,0.252,2.472,0.000,0.000,0.000,0.000,0.000,0.000,0.000,0.000
12350.5,0,0.000,0.001,0.000,0.000,0.161,0.144,1.414,0.000,0.000,0.000,0.000,0.000,0.000,0.000,0.000
12384.0,0,0.000,0.001,0.000,0.000,0.092,0.083,0.809,0.000,0.000,0.000,0.000,0.000,0.000,0.000,0.000
12417.0,0,0.000,0.000,0.000,0.000,0.053,0.048,0.467,0.000,0.000,0.000,0.000,0.000,0.000,0.000,0.000
12450.5,0,0.000,0.000,0.000,0.000,0.030,0.027,0.267,0.000,0.000,0.000,0.000,0.000,0.000,0.000,0.000
12484.0,0,13.198,0.000,0.000,0.000,0.017,0.016,0.153,0.000,0.000,0.000,0.000,0.000,0.000,0.000,0.000
12517.0,0,7.615,0.000,0.000,0.000,0.010,0.009,0.088,0.000,0.000,0.000,0.000,0.000,0.000,0.000,0.000
12550.5,0,4.357,0.000,0.000,0.000,0.006,0.005,0.050,0.000,0.000,0.000,0.000,0.000,0.000,0.000,0.000
12584.0,0,2.493,0.000,0.000,0.000,0.003,0.003,0.029,0.000,0.000,0.000,0.000,0.000,0.000,0.000,0.000
12617.0,0,1.438,11.079,0.000,0.000,0.002,0.002,0.017,0.000,0.000,0.000,0.000,0.000,0.000,0.000,0.000
12650.5,0,0.823,6.339,0.000,0.000,0.001,0.001,0.010,0.000,0.000,0.000,0.000,0.000,0.000,0.000,0.000
12684.0,0,0.471,3.627,0.000,0.000,0.001,0.001,0.005,0.000,0.000,0.000,0.000,0.000,0.000,0.000,0.000
12717.0,0,0.272,2.093,0.000,0.000,0.000,0.000,0.003,0.000,0.000,0.000,0.000,0.000,0.000,0.000,0.000
12750.5,0,0.155,1.197,0.000,0.000,0.000,0.000,0.002,0.000,0.000,0.000,0.000,0.000,0.000,0.000,0.000
12784.0,0,0.089,0.685,0.000,0.000,0.000,0.000,0.001,0.000,0.000,0.000,0.000,0.000,0.000,0.000,0.000
12817.0,0,0.051,0.395,0.000,0.000,0.000,0.000,0.001,0.000,0.000,0.000,0.000,0.000,0.000,0.000,0.000
12850.5,0,0.029,0.226,0.000,0.000,0.000,0.000,0.000,0.000,0.000,0.000,0.000,0.000,0.000,0.000,0.000
12884.0,0,0.017,0.129,0.000,0.000,0.000,0.000,0.000,0.000,0.000,0.000,0.000,0.000,0.000,0.000,0.000
12917.0,0,0.010,0.075,0.000,0.000,0.000,0.000,0.000,0.000,0.000,0.000,0.000,0.000,0.000,0.000,0.000
12950.5,0,0.006,0.043,0.000,0.000,0.000,0.000,0.000,0.000,0.000,0.000,0.000,0.000,0.000,0.000,0.000
12984.0,0,0.003,0.024,0.000,0.000,0.000,0.000,0.000,0.000,0.000,0.000,0.000,0.000,0.000,0.000,0.000
13017.0,0,0.002,0.014,0.000,0.000,0.000,0.000,0.000,0.000,0.000,0.000,0.000,0.000,0.000,0.000,0.000
13050.5,0,0.001,0.008,0.000,0.000,0.000,0.000,0.000,0.000,0.000,0.000,0.000,0.000,0.000,0.000,0.000
13084.0,0,0.001,0.005,0.000,0.000,0.000,0.000,0.000,0.000,0.000,0.000,0.000,0.000,0.000,0.000,0.000
13117.0,0,0.000,0.003,0.000,0.000,0.000,0.000,0.000,0.000,0.000,0.000,0.000,0.000,0.000,0.000,0.000
13150.5,0,0.000,0.002,0.000,0.000,0.000,0.000,0.000,0.000,0.000,0.000,0.000,0.000,0.000,0.000,0.000
13184.0,0,0.000,0.001,0.000,0.000,0.000,0.000,0.000,0.000,0.000,0.000,0.000,0.000,0.000,0.000,0.000
13217.0,0,0.000,0.001,0.000,0.000,0.000,0.000,0.000,0.000,0.000,0.000,0.000,0.000,0.000,0.000,0.000
13250.5,0,0.000,0.000,0.000,0.000,0.000,0.000,0.000,0.000,0.000,0.000,0.000,0.000,0.000,0.000,0.000
13284.0,0,0.000,0.000,0.000,0.000,0.000,0.000,11.942,0.000,0.000,0.000,0.000,0.000,0.000,0.000,0.000
13317.0,0,0.000,0.000,0.000,0.000,0.000,0.000,6.890,0.000,0.000,0.000,0.000,0.000,0.000,0.000,0.000
13350.5,0,0.000,0.000,0.000,0.000,0.000,0.000,3.942,0.000,0.000,0.000,0.000,0.000,0.000,0.000,0.000
13384.0,0,0.000,0.000,0.000,0.000,0.000,0.000,2.256,0.000,0.000,0.000,0.000,0.000,0.000,0.000,0.000
13417.0,0,0.000,0.000,0.000,0.000,0.000,0.000,1.301,0.000,0.000,0.000,0.000,0.000,0.000,0.000,0.000
13450.5,0,0.000,0.000,0.000,0.000,0.000,0.000,0.745,0.000,0.000,0.000,0.000,0.000,0.000,0.000,0.000
13484.0,0,0.000,0.000,0.000,0.000,0.000,0.000,0.426,0.000,0.000,0.000,0.000,0.000,0.000,0.000,0.000
13517.0,0,0.000,0.000,0.000,0.000,0.000,0.000,0.246,0.000,0.000,0.000,0.000,0.000,0.000,0.000,0.000
13550.5,0,0.000,0.000,0.000,0.000,0.000,0.000,0.141,0.000,0.000,0.000,0.000,0.000,0.000,0.000,0.000
13584.0,0,0.000,0.000,0.000,0.000,0.000,0.000,0.080,0.000,0.000,0.000,0.000,0.000,0.000,0.000,0.000
13617.0,0,0.000,0.000,0.000,0.000,0.000,0.000,0.046,0.000,0.000,0.000,0.000,0.000,0.000,0.000,0.000
13650.5,0,0.000,0.000,0.000,0.000,0.000,0.000,0.027,0.000,0.000,0.000,0.000,0.000,0.000,0.000,0.000
13684.0,0,0.000,0.000,0.000,0.000,0.000,0.000,0.015,0.000,0.000,0.000,0.000,0.000,0.000,0.000,0.000
13717.0,0,0.000,0.000,0.000,0.000,0.000,0.000,0.009,0.000,0.000,0.000,0.000,0.000,0.000,0.000,0.000
13750.5,0,0.000,0.000,0.000,0.000,0.000,0.000,0.005,0.000,0.000,0.000,0.000,0.000,0.000,0.000,0.000
13784.0,0,0.000,0.000,0.000,0.000,0.000,0.000,0.003,0.000,0.000,0.000,0.000,0.000,0.000,0.000,0.000
13817.0,0,0.000,0.000,0.000,0.000,0.000,0.000,0.002,0.000,0.000,0.000,0.000,0.000,0.000,0.000,0.000
13850.5,0,0.000,0.000,0.000,0.000,0.000,0.000,0.001,0.000,0.000,0.000,0.000,0.000,0.000,0.000,0.000
13884.0,0,0.000,0.000,0.000,0.000,0.000,0.000,0.001,0.000,0.000,0.000,0.000,0.000,0.000,0.000,0.000
13917.0,0,0.000,0.000,0.000,0.000,0.000,0.000,0.000,0.000,0.000,0.000,0.000,0.000,0.000,0.000,0.000
13950.5,0,0.000,0.000,0.000,0.000,0.000,0.000,11.360,0.000,0.000,0.000,0.000,0.000,0.000,0.000,0.000
