DNg100,score,tripod,lf,lm,lh,rf,rm,rh,DNa02,DNb08,DNg97,DNp09
400.0,0.086,0.0,"(np.float64(7.5), np.float64(1.03), -65, np.float64(0.36))","(np.float64(4.2), np.float64(0.15), -2, np.float64(0.0))","(np.float64(4.2), np.float64(0.02), 42, np.float64(0.1))","(np.float64(4.2), np.float64(0.26), -124, np.float64(0.3))","(np.float64(3.3), np.float64(0.37), -141, np.float64(0.21))","(nan, 0, 0, nan)",,,,
400.0,0.145,0.0,"(np.float64(4.2), np.float64(0.6), -173, np.float64(0.42))","(np.float64(4.2), np.float64(0.62), -128, np.float64(0.31))","(np.float64(7.5), np.float64(0.29), -156, np.float64(0.87))","(np.float64(4.2), np.float64(0.53), -139, np.float64(0.34))","(nan, 0, 0, nan)","(nan, 0, 0, nan)",200.0,,,
400.0,0.136,0.0,"(np.float64(10.8), np.float64(0.51), 156, np.float64(0.87))","(nan, 0, 0, nan)","(np.float64(3.3), np.float64(0.47), 127, np.float64(0.19))","(np.float64(10.8), np.float64(0.04), -55, np.float64(0.3))","(nan, 0, 0, nan)","(np.float64(4.2), np.float64(0.66), -173, np.float64(0.42))",,200.0,,
400.0,0.147,-0.09,"(np.float64(8.3), np.float64(0.92), -78, np.float64(0.43))","(np.float64(4.2), np.float64(0.54), -157, np.float64(0.38))","(np.float64(3.3), np.float64(0.13), 84, np.float64(0.12))","(np.float64(4.2), np.float64(0.29), 121, np.float64(0.29))","(np.float64(3.3), np.float64(0.38), -136, np.float64(0.2))","(np.float64(4.2), np.float64(0.33), 134, np.float64(0.32))",0.0,0.0,200.0,0.0
0.0,0.005,0.0,"(nan, 0, 0, nan)","(nan, 0, 0, nan)","(nan, 0, 0, nan)","(np.float64(10.0), np.float64(0.17), 33, np.float64(0.18))","(nan, 0, 0, nan)","(nan, 0, 0, nan)",100.0,300.0,100.0,300.0
200.0,0.0,0.0,"(nan, 0, 0, nan)","(nan, 0, 0, nan)","(nan, 0, 0, nan)","(nan, 0, 0, nan)","(nan, 0, 0, nan)","(nan, 0, 0, nan)",300.0,0.0,300.0,400.0
0.0,0.01,0.0,"(nan, 0, 0, nan)","(nan, 0, 0, nan)","(np.float64(4.2), np.float64(0.07), 149, np.float64(0.36))","(np.float64(11.7), np.float64(0.11), 58, np.float64(0.32))","(nan, 0, 0, nan)","(nan, 0, 0, nan)",0.0,200.0,200.0,0.0
200.0,0.0,0.0,"(nan, 0, 0, nan)","(nan, 0, 0, nan)","(nan, 0, 0, nan)","(nan, 0, 0, nan)","(nan, 0, 0, nan)","(nan, 0, 0, nan)",200.0,0.0,0.0,0.0
100.0,0.0,0.0,"(nan, 0, 0, nan)","(nan, 0, 0, nan)","(nan, 0, 0, nan)","(nan, 0, 0, nan)","(nan, 0, 0, nan)","(nan, 0, 0, nan)",400.0,100.0,0.0,400.0
0.0,0.01,0.0,"(nan, 0, 0, nan)","(nan, 0, 0, nan)","(nan, 0, 0, nan)","(nan, 0, 0, nan)","(np.float64(10.8), np.float64(0.23), -47, np.float64(0.26))","(nan, 0, 0, nan)",400.0,300.0,200.0,100.0
200.0,0.036,0.0,"(np.float64(10.0), np.float64(0.45), 29, np.float64(0.16))","(np.float64(3.3), np.float64(0.32), 45, np.float64(0.07))","(np.float64(4.2), np.float64(0.16), 45, np.float64(0.11))","(np.float64(5.0), np.float64(0.16), 157, np.float64(0.52))","(np.float64(3.3), np.float64(0.28), -55, np.float64(0.08))","(nan, 0, 0, nan)",400.0,400.0,200.0,0.0
400.0,0.028,0.0,"(nan, 0, 0, nan)","(nan, 0, 0, nan)","(np.float64(3.3), np.float64(0.49), 80, np.float64(0.12))","(np.float64(10.8), np.float64(0.17), -16, np.float64(0.09))","(nan, 0, 0, nan)","(np.float64(3.3), np.float64(0.52), -121, np.float64(0.18))",0.0,300.0,100.0,200.0
0.0,0.0,0.0,"(nan, 0, 0, nan)","(nan, 0, 0, nan)","(nan, 0, 0, nan)","(nan, 0, 0, nan)","(nan, 0, 0, nan)","(nan, 0, 0, nan)",400.0,0.0,100.0,400.0
200.0,0.019,0.0,"(nan, 0, 0, nan)","(nan, 0, 0, nan)","(nan, 0, 0, nan)","(np.float64(3.3), np.float64(0.13), 179, np.float64(0.27))","(nan, 0, 0, nan)","(np.float64(3.3), np.float64(0.42), 123, np.float64(0.18))",200.0,200.0,100.0,0.0
0.0,0.014,0.0,"(nan, 0, 0, nan)","(nan, 0, 0, nan)","(nan, 0, 0, nan)","(np.float64(11.7), np.float64(0.28), 55, np.float64(0.3))","(nan, 0, 0, nan)","(nan, 0, 0, nan)",200.0,200.0,100.0,0.0
100.0,0.0,0.0,"(nan, 0, 0, nan)","(nan, 0, 0, nan)","(nan, 0, 0, nan)","(nan, 0, 0, nan)","(nan, 0, 0, nan)","(nan, 0, 0, nan)",100.0,0.0,0.0,0.0
100.0,0.0,0.0,"(nan, 0, 0, nan)","(nan, 0, 0, nan)","(nan, 0, 0, nan)","(nan, 0, 0, nan)","(nan, 0, 0, nan)","(nan, 0, 0, nan)",200.0,0.0,100.0,200.0
0.0,0.0,0.0,"(nan, 0, 0, nan)","(nan, 0, 0, nan)","(nan, 0, 0, nan)","(nan, 0, 0, nan)","(nan, 0, 0, nan)","(nan, 0, 0, nan)",200.0,0.0,0.0,0.0
300.0,0.029,0.0,"(np.float64(6.7), np.float64(0.3), -100, np.float64(0.52))","(nan, 0, 0, nan)","(nan, 0, 0, nan)","(np.float64(6.7), np.float64(0.07), -47, np.float64(0.24))","(nan, 0, 0, nan)","(nan, 0, 0, nan)",300.0,0.0,0.0,0.0
200.0,0.03,0.0,"(nan, 0, 0, nan)","(nan, 0, 0, nan)","(np.float64(5.0), np.float64(0.32), 142, np.float64(0.47))","(np.float64(11.7), np.float64(0.19), 28, np.float64(0.16))","(nan, 0, 0, nan)","(nan, 0, 0, nan)",100.0,200.0,100.0,100.0
300.0,0.034,0.0,"(nan, 0, 0, nan)","(nan, 0, 0, nan)","(np.float64(5.0), np.float64(0.3), -168, np.float64(0.56))","(np.float64(10.8), np.float64(0.15), 17, np.float64(0.09))","(nan, 0, 0, nan)","(np.float64(5.0), np.float64(0.1), 65, np.float64(0.22))",200.0,200.0,400.0,100.0
200.0,0.001,0.0,"(nan, 0, 0, nan)","(nan, 0, 0, nan)","(nan, 0, 0, nan)","(np.float64(10.0), np.float64(0.23), 5, np.float64(0.03))","(nan, 0, 0, nan)","(nan, 0, 0, nan)",0.0,400.0,200.0,100.0
400.0,0.131,0.0,"(np.float64(10.0), np.float64(0.72), -101, np.float64(0.56))","(nan, 0, 0, nan)","(np.float64(4.2), np.float64(0.25), 175, np.float64(0.42))","(np.float64(10.0), np.float64(0.17), -21, np.float64(0.11))","(nan, 0, 0, nan)","(np.float64(5.0), np.float64(0.49), 158, np.float64(0.53))",0.0,200.0,400.0,0.0
0.0,0.034,0.0,"(nan, 0, 0, nan)","(np.float64(3.3), np.float64(0.47), -98, np.float64(0.15))","(np.float64(3.3), np.float64(0.28), 139, np.float64(0.21))","(np.float64(10.0), np.float64(0.14), -55, np.float64(0.3))","(np.float64(5.0), np.float64(0.14), 82, np.float64(0.28))","(nan, 0, 0, nan)",200.0,400.0,0.0,300.0
400.0,0.074,0.0,"(np.float64(3.3), np.float64(0.3), -159, np.float64(0.24))","(np.float64(3.3), np.float64(0.17), 99, np.float64(0.15))","(np.float64(5.0), np.float64(0.51), 139, np.float64(0.46))","(np.float64(7.5), np.float64(0.11), -60, np.float64(0.33))","(nan, 0, 0, nan)","(np.float64(5.8), np.float64(0.13), 132, np.float64(0.56))",200.0,400.0,300.0,400.0
0.0,0.0,0.0,"(nan, 0, 0, nan)","(nan, 0, 0, nan)","(nan, 0, 0, nan)","(nan, 0, 0, nan)","(nan, 0, 0, nan)","(nan, 0, 0, nan)",400.0,0.0,400.0,0.0
300.0,0.1,0.0,"(np.float64(10.8), np.float64(0.58), 176, np.float64(0.98))","(nan, 0, 0, nan)","(np.float64(3.3), np.float64(0.09), -137, np.float64(0.2))","(np.float64(10.8), np.float64(0.16), -19, np.float64(0.1))","(nan, 0, 0, nan)","(nan, 0, 0, nan)",0.0,200.0,0.0,100.0
300.0,0.005,0.0,"(nan, 0, 0, nan)","(nan, 0, 0, nan)","(np.float64(3.3), np.float64(0.14), -153, np.float64(0.23))","(nan, 0, 0, nan)","(nan, 0, 0, nan)","(nan, 0, 0, nan)",300.0,200.0,200.0,200.0
300.0,0.005,0.0,"(nan, 0, 0, nan)","(nan, 0, 0, nan)","(nan, 0, 0, nan)","(np.float64(10.0), np.float64(0.31), -19, np.float64(0.11))","(nan, 0, 0, nan)","(nan, 0, 0, nan)",0.0,400.0,0.0,100.0
200.0,0.0,0.0,"(nan, 0, 0, nan)","(nan, 0, 0, nan)","(nan, 0, 0, nan)","(nan, 0, 0, nan)","(nan, 0, 0, nan)","(nan, 0, 0, nan)",0.0,0.0,0.0,0.0
100.0,0.0,0.0,"(nan, 0, 0, nan)","(nan, 0, 0, nan)","(nan, 0, 0, nan)","(nan, 0, 0, nan)","(nan, 0, 0, nan)","(nan, 0, 0, nan)",200.0,0.0,0.0,100.0
100.0,0.006,0.0,"(nan, 0, 0, nan)","(nan, 0, 0, nan)","(nan, 0, 0, nan)","(np.float64(11.7), np.float64(0.13), 45, np.float64(0.25))","(nan, 0, 0, nan)","(nan, 0, 0, nan)",0.0,200.0,300.0,300.0
0.0,0.0,0.0,"(nan, 0, 0, nan)","(nan, 0, 0, nan)","(nan, 0, 0, nan)","(nan, 0, 0, nan)","(nan, 0, 0, nan)","(nan, 0, 0, nan)",300.0,100.0,300.0,200.0
200.0,0.029,0.0,"(nan, 0, 0, nan)","(nan, 0, 0, nan)","(nan, 0, 0, nan)","(np.float64(5.0), np.float64(0.36), -143, np.float64(0.48))","(nan, 0, 0, nan)","(nan, 0, 0, nan)",300.0,300.0,100.0,300.0
100.0,0.0,0.0,"(nan, 0, 0, nan)","(nan, 0, 0, nan)","(nan, 0, 0, nan)","(nan, 0, 0, nan)","(nan, 0, 0, nan)","(nan, 0, 0, nan)",400.0,0.0,100.0,0.0
400.0,0.131,0.0,"(np.float64(8.3), np.float64(0.78), -99, np.float64(0.55))","(np.float64(4.2), np.float64(0.38), -146, np.float64(0.35))","(np.float64(4.2), np.float64(0.4), 96, np.float64(0.23))","(np.float64(4.2), np.float64(0.35), 152, np.float64(0.37))","(nan, 0, 0, nan)","(nan, 0, 0, nan)",0.0,0.0,200.0,300.0
0.0,0.01,0.0,"(nan, 0, 0, nan)","(np.float64(3.3), np.float64(0.17), -85, np.float64(0.13))","(nan, 0, 0, nan)","(np.float64(3.3), np.float64(0.21), -121, np.float64(0.18))","(nan, 0, 0, nan)","(nan, 0, 0, nan)",0.0,400.0,100.0,0.0
200.0,0.0,0.0,"(nan, 0, 0, nan)","(nan, 0, 0, nan)","(nan, 0, 0, nan)","(nan, 0, 0, nan)","(nan, 0, 0, nan)","(nan, 0, 0, nan)",100.0,0.0,100.0,200.0
100.0,0.024,0.0,"(nan, 0, 0, nan)","(np.float64(3.3), np.float64(0.63), -27, np.float64(0.04))","(np.float64(3.3), np.float64(0.27), -123, np.float64(0.18))","(np.float64(4.2), np.float64(0.04), 142, np.float64(0.34))","(np.float64(3.3), np.float64(0.37), -95, np.float64(0.14))","(nan, 0, 0, nan)",300.0,400.0,0.0,0.0
0.0,0.038,0.0,"(nan, 0, 0, nan)","(np.float64(8.3), np.float64(0.33), 10, np.float64(0.06))","(nan, 0, 0, nan)","(np.float64(8.3), np.float64(0.41), -92, np.float64(0.51))","(nan, 0, 0, nan)","(nan, 0, 0, nan)",0.0,300.0,400.0,100.0
200.0,0.014,0.0,"(nan, 0, 0, nan)","(nan, 0, 0, nan)","(np.float64(5.0), np.float64(0.03), 23, np.float64(0.08))","(np.float64(10.0), np.float64(0.39), -39, np.float64(0.22))","(nan, 0, 0, nan)","(nan, 0, 0, nan)",0.0,0.0,400.0,200.0
0.0,0.0,0.0,"(nan, 0, 0, nan)","(nan, 0, 0, nan)","(nan, 0, 0, nan)","(nan, 0, 0, nan)","(nan, 0, 0, nan)","(nan, 0, 0, nan)",200.0,0.0,400.0,0.0
0.0,0.0,0.0,"(nan, 0, 0, nan)","(nan, 0, 0, nan)","(nan, 0, 0, nan)","(nan, 0, 0, nan)","(nan, 0, 0, nan)","(nan, 0, 0, nan)",0.0,0.0,0.0,0.0
200.0,0.014,0.0,"(nan, 0, 0, nan)","(nan, 0, 0, nan)","(np.float64(5.0), np.float64(0.03), 23, np.float64(0.08))","(np.float64(10.0), np.float64(0.39), -39, np.float64(0.22))","(nan, 0, 0, nan)","(nan, 0, 0, nan)",0.0,0.0,400.0,200.0
0.0,0.0,0.0,"(nan, 0, 0, nan)","(nan, 0, 0, nan)","(nan, 0, 0, nan)","(nan, 0, 0, nan)","(nan, 0, 0, nan)","(nan, 0, 0, nan)",400.0,0.0,200.0,200.0
0.0,0.01,0.0,"(nan, 0, 0, nan)","(nan, 0, 0, nan)","(np.float64(4.2), np.float64(0.07), 149, np.float64(0.36))","(np.float64(11.7), np.float64(0.11), 58, np.float64(0.32))","(nan, 0, 0, nan)","(nan, 0, 0, nan)",0.0,200.0,200.0,0.0
0.0,0.0,0.0,"(nan, 0, 0, nan)","(nan, 0, 0, nan)","(nan, 0, 0, nan)","(nan, 0, 0, nan)","(nan, 0, 0, nan)","(nan, 0, 0, nan)",300.0,100.0,0.0,0.0
200.0,0.002,0.0,"(nan, 0, 0, nan)","(nan, 0, 0, nan)","(nan, 0, 0, nan)","(np.float64(10.8), np.float64(0.13), -13, np.float64(0.07))","(nan, 0, 0, nan)","(nan, 0, 0, nan)",0.0,400.0,100.0,200.0
0.0,0.046,0.0,"(nan, 0, 0, nan)","(nan, 0, 0, nan)","(np.float64(5.8), np.float64(0.42), 138, np.float64(0.59))","(np.float64(11.7), np.float64(0.17), 27, np.float64(0.15))","(nan, 0, 0, nan)","(nan, 0, 0, nan)",100.0,200.0,0.0,0.0
200.0,0.077,0.0,"(np.float64(6.7), np.float64(0.32), -83, np.float64(0.43))","(np.float64(3.3), np.float64(0.23), 150, np.float64(0.22))","(np.float64(4.2), np.float64(0.52), 98, np.float64(0.24))","(np.float64(6.7), np.float64(0.23), -107, np.float64(0.56))","(np.float64(3.3), np.float64(0.13), 111, np.float64(0.16))","(nan, 0, 0, nan)",100.0,400.0,200.0,300.0
200.0,0.003,0.0,"(nan, 0, 0, nan)","(nan, 0, 0, nan)","(nan, 0, 0, nan)","(nan, 0, 0, nan)","(np.float64(10.8), np.float64(0.35), -9, np.float64(0.05))","(nan, 0, 0, nan)",400.0,300.0,0.0,100.0
0.0,0.052,0.0,"(np.float64(6.7), np.float64(0.38), -9, np.float64(0.04))","(nan, 0, 0, nan)","(np.float64(5.8), np.float64(0.37), -148, np.float64(0.63))","(np.float64(8.3), np.float64(0.21), -51, np.float64(0.29))","(nan, 0, 0, nan)","(nan, 0, 0, nan)",0.0,400.0,400.0,100.0
300.0,0.001,0.0,"(nan, 0, 0, nan)","(nan, 0, 0, nan)","(nan, 0, 0, nan)","(np.float64(10.8), np.float64(0.29), 6, np.float64(0.03))","(nan, 0, 0, nan)","(nan, 0, 0, nan)",0.0,300.0,0.0,200.0
100.0,0.0,0.0,"(nan, 0, 0, nan)","(nan, 0, 0, nan)","(nan, 0, 0, nan)","(nan, 0, 0, nan)","(nan, 0, 0, nan)","(nan, 0, 0, nan)",400.0,0.0,100.0,100.0
0.0,0.0,0.0,"(nan, 0, 0, nan)","(nan, 0, 0, nan)","(nan, 0, 0, nan)","(nan, 0, 0, nan)","(nan, 0, 0, nan)","(nan, 0, 0, nan)",0.0,100.0,0.0,400.0
0.0,0.0,0.0,"(nan, 0, 0, nan)","(nan, 0, 0, nan)","(nan, 0, 0, nan)","(nan, 0, 0, nan)","(nan, 0, 0, nan)","(nan, 0, 0, nan)",0.0,0.0,100.0,100.0
200.0,0.069,0.0,"(np.float64(8.3), np.float64(0.88), -85, np.float64(0.47))","(nan, 0, 0, nan)","(nan, 0, 0, nan)","(nan, 0, 0, nan)","(nan, 0, 0, nan)","(nan, 0, 0, nan)",400.0,0.0,300.0,400.0
0.0,0.005,0.0,"(nan, 0, 0, nan)","(nan, 0, 0, nan)","(nan, 0, 0, nan)","(np.float64(10.8), np.float64(0.16), 36, np.float64(0.2))","(nan, 0, 0, nan)","(nan, 0, 0, nan)",100.0,300.0,200.0,100.0
0.0,0.027,0.0,"(nan, 0, 0, nan)","(nan, 0, 0, nan)","(nan, 0, 0, nan)","(np.float64(5.0), np.float64(0.03), 109, np.float64(0.36))","(np.float64(5.0), np.float64(0.4), 115, np.float64(0.38))","(nan, 0, 0, nan)",400.0,400.0,0.0,0.0
400.0,0.031,0.0,"(nan, 0, 0, nan)","(nan, 0, 0, nan)","(np.float64(4.2), np.float64(0.25), 93, np.float64(0.23))","(np.float64(10.0), np.float64(0.22), -48, np.float64(0.27))","(nan, 0, 0, nan)","(np.float64(4.2), np.float64(0.17), -171, np.float64(0.41))",100.0,400.0,0.0,400.0
400.0,0.075,0.0,"(np.float64(7.5), np.float64(0.29), -92, np.float64(0.51))","(np.float64(3.3), np.float64(0.31), -138, np.float64(0.2))","(np.float64(3.3), np.float64(0.68), 149, np.float64(0.22))","(np.float64(4.2), np.float64(0.22), -164, np.float64(0.4))","(nan, 0, 0, nan)","(nan, 0, 0, nan)",0.0,0.0,100.0,200.0
200.0,0.0,0.0,"(nan, 0, 0, nan)","(nan, 0, 0, nan)","(nan, 0, 0, nan)","(nan, 0, 0, nan)","(nan, 0, 0, nan)","(nan, 0, 0, nan)",0.0,0.0,300.0,300.0
100.0,0.002,0.0,"(nan, 0, 0, nan)","(nan, 0, 0, nan)","(nan, 0, 0, nan)","(np.float64(13.3), np.float64(0.05), 33, np.float64(0.18))","(nan, 0, 0, nan)","(nan, 0, 0, nan)",0.0,100.0,200.0,0.0
0.0,0.024,0.0,"(nan, 0, 0, nan)","(nan, 0, 0, nan)","(nan, 0, 0, nan)","(np.float64(5.8), np.float64(0.22), -153, np.float64(0.65))","(nan, 0, 0, nan)","(nan, 0, 0, nan)",300.0,400.0,100.0,400.0
300.0,0.0,0.0,"(nan, 0, 0, nan)","(nan, 0, 0, nan)","(nan, 0, 0, nan)","(nan, 0, 0, nan)","(nan, 0, 0, nan)","(nan, 0, 0, nan)",300.0,100.0,0.0,400.0
0.0,0.093,0.0,"(np.float64(9.2), np.float64(0.37), -169, np.float64(0.94))","(np.float64(3.3), np.float64(0.4), -138, np.float64(0.21))","(np.float64(5.0), np.float64(0.34), 39, np.float64(0.13))","(np.float64(10.8), np.float64(0.18), -21, np.float64(0.12))","(np.float64(3.3), np.float64(0.24), -175, np.float64(0.26))","(nan, 0, 0, nan)",0.0,400.0,200.0,0.0
0.0,0.02,0.0,"(nan, 0, 0, nan)","(np.float64(3.3), np.float64(0.27), -96, np.float64(0.14))","(np.float64(4.2), np.float64(0.16), 108, np.float64(0.26))","(np.float64(4.2), np.float64(0.2), -42, np.float64(0.1))","(np.float64(3.3), np.float64(0.12), -94, np.float64(0.14))","(nan, 0, 0, nan)",200.0,400.0,0.0,400.0
400.0,0.068,0.0,"(np.float64(9.2), np.float64(0.85), -86, np.float64(0.48))","(nan, 0, 0, nan)","(nan, 0, 0, nan)","(nan, 0, 0, nan)","(nan, 0, 0, nan)","(nan, 0, 0, nan)",400.0,0.0,300.0,100.0
300.0,0.012,0.0,"(nan, 0, 0, nan)","(nan, 0, 0, nan)","(np.float64(5.0), np.float64(0.15), -150, np.float64(0.5))","(nan, 0, 0, nan)","(nan, 0, 0, nan)","(nan, 0, 0, nan)",400.0,200.0,0.0,400.0
300.0,0.044,0.0,"(np.float64(10.0), np.float64(0.69), -68, np.float64(0.38))","(nan, 0, 0, nan)","(nan, 0, 0, nan)","(nan, 0, 0, nan)","(nan, 0, 0, nan)","(nan, 0, 0, nan)",400.0,0.0,400.0,0.0
0.0,0.0,0.0,"(nan, 0, 0, nan)","(nan, 0, 0, nan)","(nan, 0, 0, nan)","(nan, 0, 0, nan)","(nan, 0, 0, nan)","(nan, 0, 0, nan)",0.0,100.0,100.0,0.0
200.0,0.013,0.0,"(nan, 0, 0, nan)","(nan, 0, 0, nan)","(nan, 0, 0, nan)","(nan, 0, 0, nan)","(nan, 0, 0, nan)","(np.float64(10.8), np.float64(0.1), 149, np.float64(0.83))",200.0,0.0,400.0,100.0
0.0,0.085,0.0,"(np.float64(5.8), np.float64(0.48), -148, np.float64(0.63))","(np.float64(5.0), np.float64(0.15), -111, np.float64(0.37))","(np.float64(5.8), np.float64(0.46), 25, np.float64(0.11))","(np.float64(8.3), np.float64(0.2), -93, np.float64(0.52))","(nan, 0, 0, nan)","(nan, 0, 0, nan)",0.0,400.0,400.0,0.0
300.0,0.021,0.0,"(nan, 0, 0, nan)","(nan, 0, 0, nan)","(nan, 0, 0, nan)","(np.float64(10.0), np.float64(0.28), -31, np.float64(0.17))","(nan, 0, 0, nan)","(np.float64(4.2), np.float64(0.25), -129, np.float64(0.31))",0.0,400.0,100.0,100.0
300.0,0.0,0.0,"(nan, 0, 0, nan)","(nan, 0, 0, nan)","(nan, 0, 0, nan)","(nan, 0, 0, nan)","(nan, 0, 0, nan)","(nan, 0, 0, nan)",300.0,100.0,0.0,400.0
0.0,0.0,0.0,"(nan, 0, 0, nan)","(nan, 0, 0, nan)","(nan, 0, 0, nan)","(nan, 0, 0, nan)","(nan, 0, 0, nan)","(nan, 0, 0, nan)",0.0,0.0,0.0,300.0
300.0,0.207,0.0,"(np.float64(8.3), np.float64(1.15), -74, np.float64(0.41))","(np.float64(4.2), np.float64(0.83), -176, np.float64(0.42))","(np.float64(4.2), np.float64(0.83), 145, np.float64(0.35))","(np.float64(4.2), np.float64(0.68), 116, np.float64(0.28))","(nan, 0, 0, nan)","(nan, 0, 0, nan)",100.0,0.0,200.0,200.0
0.0,0.0,0.0,"(nan, 0, 0, nan)","(nan, 0, 0, nan)","(nan, 0, 0, nan)","(nan, 0, 0, nan)","(nan, 0, 0, nan)","(nan, 0, 0, nan)",100.0,0.0,100.0,300.0
200.0,0.009,0.0,"(nan, 0, 0, nan)","(nan, 0, 0, nan)","(nan, 0, 0, nan)","(np.float64(10.0), np.float64(0.19), 1, np.float64(0.01))","(np.float64(4.2), np.float64(0.13), -158, np.float64(0.38))","(nan, 0, 0, nan)",300.0,400.0,200.0,0.0
300.0,0.077,0.0,"(np.float64(8.3), np.float64(0.66), -104, np.float64(0.58))","(nan, 0, 0, nan)","(np.float64(9.2), np.float64(0.11), 142, np.float64(0.79))","(nan, 0, 0, nan)","(nan, 0, 0, nan)","(nan, 0, 0, nan)",0.0,0.0,300.0,0.0
0.0,0.01,0.0,"(nan, 0, 0, nan)","(nan, 0, 0, nan)","(np.float64(5.0), np.float64(0.1), -51, np.float64(0.17))","(np.float64(10.8), np.float64(0.21), -38, np.float64(0.21))","(nan, 0, 0, nan)","(nan, 0, 0, nan)",0.0,400.0,0.0,100.0
0.0,0.038,0.0,"(nan, 0, 0, nan)","(np.float64(8.3), np.float64(0.33), 10, np.float64(0.06))","(nan, 0, 0, nan)","(np.float64(8.3), np.float64(0.41), -92, np.float64(0.51))","(nan, 0, 0, nan)","(nan, 0, 0, nan)",0.0,300.0,400.0,100.0
400.0,0.016,0.0,"(nan, 0, 0, nan)","(nan, 0, 0, nan)","(nan, 0, 0, nan)","(np.float64(10.0), np.float64(0.28), -27, np.float64(0.15))","(nan, 0, 0, nan)","(np.float64(4.2), np.float64(0.17), -138, np.float64(0.33))",100.0,400.0,0.0,0.0
0.0,0.0,0.0,"(nan, 0, 0, nan)","(nan, 0, 0, nan)","(nan, 0, 0, nan)","(nan, 0, 0, nan)","(nan, 0, 0, nan)","(nan, 0, 0, nan)",400.0,0.0,300.0,400.0
400.0,0.032,0.0,"(nan, 0, 0, nan)","(nan, 0, 0, nan)","(np.float64(5.0), np.float64(0.18), 160, np.float64(0.53))","(np.float64(10.0), np.float64(0.16), -14, np.float64(0.08))","(nan, 0, 0, nan)","(np.float64(4.2), np.float64(0.27), 125, np.float64(0.3))",300.0,400.0,200.0,200.0
100.0,0.009,0.0,"(nan, 0, 0, nan)","(nan, 0, 0, nan)","(nan, 0, 0, nan)","(np.float64(11.7), np.float64(0.16), 64, np.float64(0.35))","(nan, 0, 0, nan)","(nan, 0, 0, nan)",0.0,200.0,0.0,400.0
0.0,0.008,0.0,"(nan, 0, 0, nan)","(nan, 0, 0, nan)","(nan, 0, 0, nan)","(np.float64(10.0), np.float64(0.09), 18, np.float64(0.1))","(np.float64(5.0), np.float64(0.07), 162, np.float64(0.54))","(nan, 0, 0, nan)",400.0,300.0,0.0,0.0
300.0,0.0,0.0,"(nan, 0, 0, nan)","(nan, 0, 0, nan)","(nan, 0, 0, nan)","(nan, 0, 0, nan)","(nan, 0, 0, nan)","(nan, 0, 0, nan)",400.0,100.0,0.0,400.0
0.0,0.0,0.0,"(nan, 0, 0, nan)","(nan, 0, 0, nan)","(nan, 0, 0, nan)","(nan, 0, 0, nan)","(nan, 0, 0, nan)","(nan, 0, 0, nan)",400.0,0.0,100.0,200.0
400.0,0.147,-0.09,"(np.float64(8.3), np.float64(0.92), -78, np.float64(0.43))","(np.float64(4.2), np.float64(0.54), -157, np.float64(0.38))","(np.float64(3.3), np.float64(0.13), 84, np.float64(0.12))","(np.float64(4.2), np.float64(0.29), 121, np.float64(0.29))","(np.float64(3.3), np.float64(0.38), -136, np.float64(0.2))","(np.float64(4.2), np.float64(0.33), 134, np.float64(0.32))",0.0,0.0,200.0,0.0
300.0,0.032,0.0,"(nan, 0, 0, nan)","(nan, 0, 0, nan)","(np.float64(6.7), np.float64(0.08), 153, np.float64(0.79))","(np.float64(5.0), np.float64(0.28), -131, np.float64(0.44))","(nan, 0, 0, nan)","(nan, 0, 0, nan)",300.0,300.0,100.0,300.0
0.0,0.024,0.0,"(nan, 0, 0, nan)","(np.float64(5.0), np.float64(0.82), -47, np.float64(0.16))","(nan, 0, 0, nan)","(np.float64(10.0), np.float64(0.29), 11, np.float64(0.06))","(nan, 0, 0, nan)","(nan, 0, 0, nan)",0.0,400.0,100.0,300.0
0.0,0.01,0.0,"(nan, 0, 0, nan)","(nan, 0, 0, nan)","(nan, 0, 0, nan)","(np.float64(10.0), np.float64(0.31), 36, np.float64(0.2))","(nan, 0, 0, nan)","(nan, 0, 0, nan)",200.0,300.0,100.0,200.0
300.0,0.041,0.0,"(nan, 0, 0, nan)","(nan, 0, 0, nan)","(np.float64(4.2), np.float64(0.31), -178, np.float64(0.43))","(np.float64(10.8), np.float64(0.16), 2, np.float64(0.01))","(nan, 0, 0, nan)","(np.float64(4.2), np.float64(0.48), 95, np.float64(0.23))",100.0,200.0,400.0,0.0
300.0,0.007,0.0,"(nan, 0, 0, nan)","(nan, 0, 0, nan)","(np.float64(4.2), np.float64(0.24), 23, np.float64(0.06))","(np.float64(10.8), np.float64(0.23), -21, np.float64(0.12))","(nan, 0, 0, nan)","(nan, 0, 0, nan)",100.0,200.0,0.0,0.0
400.0,0.015,0.0,"(nan, 0, 0, nan)","(nan, 0, 0, nan)","(np.float64(5.8), np.float64(0.03), -146, np.float64(0.62))","(np.float64(10.0), np.float64(0.14), -49, np.float64(0.27))","(np.float64(3.3), np.float64(0.15), -112, np.float64(0.17))","(np.float64(3.3), np.float64(0.06), -89, np.float64(0.13))",200.0,400.0,100.0,200.0
200.0,0.006,0.0,"(nan, 0, 0, nan)","(nan, 0, 0, nan)","(np.float64(11.7), np.float64(0.06), -35, np.float64(0.19))","(np.float64(11.7), np.float64(0.3), 15, np.float64(0.09))","(nan, 0, 0, nan)","(nan, 0, 0, nan)",0.0,100.0,200.0,100.0
300.0,0.028,0.0,"(nan, 0, 0, nan)","(nan, 0, 0, nan)","(np.float64(5.0), np.float64(0.3), -154, np.float64(0.51))","(np.float64(10.0), np.float64(0.17), 15, np.float64(0.08))","(nan, 0, 0, nan)","(nan, 0, 0, nan)",300.0,300.0,300.0,200.0
400.0,0.101,0.0,"(np.float64(9.2), np.float64(0.35), 84, np.float64(0.47))","(nan, 0, 0, nan)","(np.float64(8.3), np.float64(0.45), -120, np.float64(0.67))","(np.float64(9.2), np.float64(0.39), -60, np.float64(0.33))","(nan, 0, 0, nan)","(np.float64(5.0), np.float64(0.09), 21, np.float64(0.07))",0.0,400.0,200.0,300.0
300.0,0.066,0.0,"(np.float64(10.0), np.float64(0.67), -84, np.float64(0.46))","(nan, 0, 0, nan)","(np.float64(5.8), np.float64(0.23), -84, np.float64(0.36))","(nan, 0, 0, nan)","(nan, 0, 0, nan)","(nan, 0, 0, nan)",0.0,0.0,400.0,100.0
400.0,0.078,0.0,"(np.float64(5.0), np.float64(0.87), -85, np.float64(0.28))","(np.float64(3.3), np.float64(0.8), -66, np.float64(0.1))","(np.float64(4.2), np.float64(0.12), -24, np.float64(0.06))","(np.float64(3.3), np.float64(0.44), -134, np.float64(0.2))","(nan, 0, 0, nan)","(np.float64(5.0), np.float64(0.1), -135, np.float64(0.45))",300.0,100.0,100.0,0.0
0.0,0.035,0.0,"(nan, 0, 0, nan)","(nan, 0, 0, nan)","(nan, 0, 0, nan)","(np.float64(10.0), np.float64(0.29), 56, np.float64(0.31))","(np.float64(5.0), np.float64(0.23), -152, np.float64(0.51))","(nan, 0, 0, nan)",300.0,300.0,300.0,0.0
300.0,0.069,0.0,"(np.float64(5.8), np.float64(0.69), -110, np.float64(0.47))","(np.float64(3.3), np.float64(0.22), -124, np.float64(0.18))","(nan, 0, 0, nan)","(np.float64(5.8), np.float64(0.11), -102, np.float64(0.43))","(nan, 0, 0, nan)","(nan, 0, 0, nan)",300.0,0.0,0.0,400.0
0.0,0.0,0.0,"(nan, 0, 0, nan)","(nan, 0, 0, nan)","(nan, 0, 0, nan)","(nan, 0, 0, nan)","(nan, 0, 0, nan)","(nan, 0, 0, nan)",100.0,0.0,0.0,0.0
0.0,0.001,0.0,"(nan, 0, 0, nan)","(nan, 0, 0, nan)","(nan, 0, 0, nan)","(np.float64(10.0), np.float64(0.03), -52, np.float64(0.29))","(nan, 0, 0, nan)","(nan, 0, 0, nan)",400.0,100.0,0.0,200.0
200.0,0.0,0.0,"(nan, 0, 0, nan)","(nan, 0, 0, nan)","(nan, 0, 0, nan)","(nan, 0, 0, nan)","(nan, 0, 0, nan)","(nan, 0, 0, nan)",300.0,100.0,0.0,400.0
300.0,0.028,0.0,"(nan, 0, 0, nan)","(nan, 0, 0, nan)","(np.float64(4.2), np.float64(0.2), -125, np.float64(0.3))","(np.float64(10.8), np.float64(0.17), 45, np.float64(0.25))","(nan, 0, 0, nan)","(np.float64(3.3), np.float64(0.26), -175, np.float64(0.26))",200.0,200.0,200.0,0.0
400.0,0.018,0.0,"(nan, 0, 0, nan)","(nan, 0, 0, nan)","(nan, 0, 0, nan)","(np.float64(10.0), np.float64(0.27), -30, np.float64(0.17))","(nan, 0, 0, nan)","(np.float64(4.2), np.float64(0.18), -143, np.float64(0.34))",0.0,400.0,100.0,0.0
0.0,0.0,0.0,"(nan, 0, 0, nan)","(nan, 0, 0, nan)","(nan, 0, 0, nan)","(nan, 0, 0, nan)","(nan, 0, 0, nan)","(nan, 0, 0, nan)",100.0,0.0,300.0,100.0
300.0,0.002,0.0,"(nan, 0, 0, nan)","(nan, 0, 0, nan)","(nan, 0, 0, nan)","(np.float64(11.7), np.float64(0.16), 13, np.float64(0.07))","(nan, 0, 0, nan)","(nan, 0, 0, nan)",0.0,200.0,100.0,200.0
400.0,0.031,0.0,"(nan, 0, 0, nan)","(nan, 0, 0, nan)","(np.float64(3.3), np.float64(0.37), 145, np.float64(0.22))","(np.float64(10.8), np.float64(0.08), -10, np.float64(0.05))","(nan, 0, 0, nan)","(np.float64(3.3), np.float64(0.42), -162, np.float64(0.24))",200.0,300.0,200.0,100.0
0.0,0.0,0.0,"(nan, 0, 0, nan)","(nan, 0, 0, nan)","(nan, 0, 0, nan)","(nan, 0, 0, nan)","(nan, 0, 0, nan)","(nan, 0, 0, nan)",200.0,0.0,400.0,200.0
0.0,0.0,0.0,"(nan, 0, 0, nan)","(nan, 0, 0, nan)","(nan, 0, 0, nan)","(nan, 0, 0, nan)","(nan, 0, 0, nan)","(nan, 0, 0, nan)",200.0,100.0,0.0,300.0
200.0,0.0,0.0,"(nan, 0, 0, nan)","(nan, 0, 0, nan)","(nan, 0, 0, nan)","(nan, 0, 0, nan)","(nan, 0, 0, nan)","(nan, 0, 0, nan)",200.0,0.0,0.0,0.0
200.0,0.03,0.0,"(nan, 0, 0, nan)","(nan, 0, 0, nan)","(np.float64(4.2), np.float64(0.1), 98, np.float64(0.24))","(np.float64(11.7), np.float64(0.23), -21, np.float64(0.12))","(np.float64(5.0), np.float64(0.31), -90, np.float64(0.3))","(np.float64(3.3), np.float64(0.16), -160, np.float64(0.24))",100.0,100.0,200.0,0.0
0.0,0.0,0.0,"(nan, 0, 0, nan)","(nan, 0, 0, nan)","(nan, 0, 0, nan)","(nan, 0, 0, nan)","(nan, 0, 0, nan)","(nan, 0, 0, nan)",100.0,0.0,400.0,0.0
100.0,0.0,0.0,"(nan, 0, 0, nan)","(nan, 0, 0, nan)","(nan, 0, 0, nan)","(nan, 0, 0, nan)","(nan, 0, 0, nan)","(nan, 0, 0, nan)",300.0,100.0,300.0,0.0
200.0,0.013,0.0,"(nan, 0, 0, nan)","(nan, 0, 0, nan)","(np.float64(3.3), np.float64(0.08), -112, np.float64(0.17))","(np.float64(11.7), np.float64(0.26), 45, np.float64(0.25))","(nan, 0, 0, nan)","(nan, 0, 0, nan)",200.0,100.0,300.0,100.0
400.0,0.002,0.0,"(nan, 0, 0, nan)","(nan, 0, 0, nan)","(np.float64(3.3), np.float64(0.14), -60, np.float64(0.09))","(nan, 0, 0, nan)","(nan, 0, 0, nan)","(nan, 0, 0, nan)",400.0,100.0,300.0,0.0
300.0,0.166,0.0,"(np.float64(4.2), np.float64(1.37), -177, np.float64(0.43))","(np.float64(4.2), np.float64(1.16), -139, np.float64(0.34))","(np.float64(4.2), np.float64(0.58), -148, np.float64(0.36))","(np.float64(4.2), np.float64(0.33), -35, np.float64(0.09))","(nan, 0, 0, nan)","(nan, 0, 0, nan)",100.0,0.0,0.0,0.0
400.0,0.024,0.0,"(nan, 0, 0, nan)","(nan, 0, 0, nan)","(np.float64(5.0), np.float64(0.25), -34, np.float64(0.11))","(np.float64(10.8), np.float64(0.08), -4, np.float64(0.02))","(nan, 0, 0, nan)","(np.float64(3.3), np.float64(0.62), -121, np.float64(0.18))",100.0,300.0,0.0,300.0
100.0,0.0,0.0,"(nan, 0, 0, nan)","(nan, 0, 0, nan)","(nan, 0, 0, nan)","(nan, 0, 0, nan)","(nan, 0, 0, nan)","(nan, 0, 0, nan)",100.0,0.0,100.0,200.0
100.0,0.017,0.0,"(nan, 0, 0, nan)","(np.float64(5.0), np.float64(0.42), -21, np.float64(0.07))","(nan, 0, 0, nan)","(np.float64(10.0), np.float64(0.22), 32, np.float64(0.18))","(np.float64(10.0), np.float64(0.29), -20, np.float64(0.11))","(nan, 0, 0, nan)",400.0,400.0,300.0,200.0
200.0,0.001,0.0,"(nan, 0, 0, nan)","(nan, 0, 0, nan)","(np.float64(4.2), np.float64(0.02), -174, np.float64(0.42))","(nan, 0, 0, nan)","(nan, 0, 0, nan)","(nan, 0, 0, nan)",400.0,200.0,400.0,0.0
0.0,0.012,0.0,"(nan, 0, 0, nan)","(nan, 0, 0, nan)","(np.float64(5.8), np.float64(0.29), 39, np.float64(0.17))","(np.float64(10.8), np.float64(0.14), 31, np.float64(0.17))","(nan, 0, 0, nan)","(nan, 0, 0, nan)",0.0,300.0,0.0,200.0
0.0,0.062,0.0,"(np.float64(9.2), np.float64(0.14), -120, np.float64(0.67))","(np.float64(3.3), np.float64(0.43), 21, np.float64(0.03))","(np.float64(3.3), np.float64(0.38), 126, np.float64(0.19))","(np.float64(9.2), np.float64(0.23), -111, np.float64(0.62))","(np.float64(3.3), np.float64(0.23), -167, np.float64(0.25))","(nan, 0, 0, nan)",100.0,400.0,300.0,0.0
300.0,0.016,0.0,"(nan, 0, 0, nan)","(nan, 0, 0, nan)","(nan, 0, 0, nan)","(np.float64(10.0), np.float64(0.33), -20, np.float64(0.11))","(nan, 0, 0, nan)","(np.float64(4.2), np.float64(0.19), -135, np.float64(0.32))",100.0,400.0,100.0,100.0
0.0,0.0,0.0,"(nan, 0, 0, nan)","(nan, 0, 0, nan)","(nan, 0, 0, nan)","(nan, 0, 0, nan)","(nan, 0, 0, nan)","(nan, 0, 0, nan)",0.0,0.0,200.0,100.0
0.0,0.009,0.0,"(nan, 0, 0, nan)","(nan, 0, 0, nan)","(np.float64(5.0), np.float64(0.2), 47, np.float64(0.16))","(np.float64(10.8), np.float64(0.16), 22, np.float64(0.12))","(nan, 0, 0, nan)","(nan, 0, 0, nan)",0.0,300.0,100.0,0.0
300.0,0.133,0.0,"(np.float64(10.0), np.float64(0.8), -169, np.float64(0.94))","(nan, 0, 0, nan)","(np.float64(3.3), np.float64(0.08), 45, np.float64(0.07))","(np.float64(10.0), np.float64(0.16), -38, np.float64(0.21))","(nan, 0, 0, nan)","(nan, 0, 0, nan)",200.0,400.0,0.0,0.0
400.0,0.034,0.0,"(nan, 0, 0, nan)","(nan, 0, 0, nan)","(np.float64(10.8), np.float64(0.1), -173, np.float64(0.96))","(np.float64(10.8), np.float64(0.18), -4, np.float64(0.02))","(nan, 0, 0, nan)","(np.float64(3.3), np.float64(0.41), 170, np.float64(0.25))",0.0,200.0,300.0,100.0
400.0,0.013,0.0,"(nan, 0, 0, nan)","(nan, 0, 0, nan)","(np.float64(3.3), np.float64(0.17), 160, np.float64(0.24))","(np.float64(10.8), np.float64(0.11), -45, np.float64(0.25))","(nan, 0, 0, nan)","(np.float64(4.2), np.float64(0.49), 8, np.float64(0.02))",0.0,200.0,0.0,100.0
200.0,0.002,0.0,"(nan, 0, 0, nan)","(nan, 0, 0, nan)","(nan, 0, 0, nan)","(np.float64(10.0), np.float64(0.33), -6, np.float64(0.03))","(nan, 0, 0, nan)","(nan, 0, 0, nan)",100.0,400.0,100.0,0.0
400.0,0.112,0.0,"(np.float64(5.0), np.float64(0.48), -140, np.float64(0.47))","(np.float64(3.3), np.float64(0.15), -79, np.float64(0.12))","(np.float64(3.3), np.float64(0.29), -88, np.float64(0.13))","(np.float64(5.0), np.float64(0.71), -124, np.float64(0.41))","(nan, 0, 0, nan)","(np.float64(4.2), np.float64(0.34), 118, np.float64(0.29))",100.0,0.0,400.0,200.0
200.0,0.004,0.0,"(nan, 0, 0, nan)","(nan, 0, 0, nan)","(nan, 0, 0, nan)","(np.float64(10.8), np.float64(0.19), 26, np.float64(0.14))","(nan, 0, 0, nan)","(nan, 0, 0, nan)",0.0,300.0,100.0,0.0
200.0,0.0,0.0,"(nan, 0, 0, nan)","(nan, 0, 0, nan)","(nan, 0, 0, nan)","(nan, 0, 0, nan)","(nan, 0, 0, nan)","(nan, 0, 0, nan)",300.0,200.0,0.0,100.0
0.0,0.006,0.0,"(nan, 0, 0, nan)","(nan, 0, 0, nan)","(nan, 0, 0, nan)","(np.float64(10.8), np.float64(0.15), 45, np.float64(0.25))","(nan, 0, 0, nan)","(nan, 0, 0, nan)",300.0,300.0,0.0,300.0
0.0,0.084,0.0,"(np.float64(5.0), np.float64(0.41), 157, np.float64(0.53))","(np.float64(3.3), np.float64(0.28), 20, np.float64(0.03))","(np.float64(3.3), np.float64(0.38), 125, np.float64(0.19))","(np.float64(9.2), np.float64(0.24), -113, np.float64(0.63))","(np.float64(3.3), np.float64(0.25), -162, np.float64(0.24))","(nan, 0, 0, nan)",0.0,400.0,300.0,100.0
200.0,0.109,0.0,"(np.float64(7.5), np.float64(0.99), -104, np.float64(0.58))","(nan, 0, 0, nan)","(nan, 0, 0, nan)","(np.float64(7.5), np.float64(0.14), -104, np.float64(0.58))","(nan, 0, 0, nan)","(nan, 0, 0, nan)",300.0,0.0,200.0,400.0
300.0,0.036,0.0,"(nan, 0, 0, nan)","(nan, 0, 0, nan)","(nan, 0, 0, nan)","(np.float64(9.2), np.float64(0.64), -60, np.float64(0.33))","(nan, 0, 0, nan)","(nan, 0, 0, nan)",100.0,0.0,400.0,300.0
100.0,0.033,0.0,"(nan, 0, 0, nan)","(nan, 0, 0, nan)","(nan, 0, 0, nan)","(np.float64(10.0), np.float64(0.28), 54, np.float64(0.3))","(np.float64(5.0), np.float64(0.22), -153, np.float64(0.51))","(nan, 0, 0, nan)",300.0,300.0,300.0,0.0
0.0,0.0,0.0,"(nan, 0, 0, nan)","(nan, 0, 0, nan)","(nan, 0, 0, nan)","(nan, 0, 0, nan)","(nan, 0, 0, nan)","(nan, 0, 0, nan)",0.0,0.0,200.0,400.0
100.0,0.0,0.0,"(nan, 0, 0, nan)","(nan, 0, 0, nan)","(nan, 0, 0, nan)","(nan, 0, 0, nan)","(nan, 0, 0, nan)","(nan, 0, 0, nan)",0.0,0.0,400.0,200.0
0.0,0.0,0.0,"(nan, 0, 0, nan)","(nan, 0, 0, nan)","(nan, 0, 0, nan)","(nan, 0, 0, nan)","(nan, 0, 0, nan)","(nan, 0, 0, nan)",200.0,0.0,300.0,0.0
300.0,0.016,0.0,"(nan, 0, 0, nan)","(nan, 0, 0, nan)","(np.float64(5.0), np.float64(0.22), -130, np.float64(0.43))","(nan, 0, 0, nan)","(nan, 0, 0, nan)","(nan, 0, 0, nan)",200.0,100.0,200.0,300.0
100.0,0.019,0.0,"(nan, 0, 0, nan)","(nan, 0, 0, nan)","(nan, 0, 0, nan)","(np.float64(5.0), np.float64(0.23), -143, np.float64(0.48))","(nan, 0, 0, nan)","(nan, 0, 0, nan)",300.0,300.0,100.0,200.0
400.0,0.067,0.0,"(np.float64(9.2), np.float64(0.26), -90, np.float64(0.5))","(np.float64(9.2), np.float64(0.23), -137, np.float64(0.76))","(np.float64(3.3), np.float64(0.55), 84, np.float64(0.12))","(np.float64(3.3), np.float64(0.3), -80, np.float64(0.12))","(nan, 0, 0, nan)","(nan, 0, 0, nan)",400.0,200.0,100.0,0.0
200.0,0.0,0.0,"(nan, 0, 0, nan)","(nan, 0, 0, nan)","(nan, 0, 0, nan)","(nan, 0, 0, nan)","(nan, 0, 0, nan)","(nan, 0, 0, nan)",0.0,0.0,200.0,0.0
0.0,0.004,0.0,"(nan, 0, 0, nan)","(nan, 0, 0, nan)","(nan, 0, 0, nan)","(np.float64(10.8), np.float64(0.14), 29, np.float64(0.16))","(nan, 0, 0, nan)","(nan, 0, 0, nan)",0.0,300.0,200.0,300.0
100.0,0.006,0.0,"(nan, 0, 0, nan)","(nan, 0, 0, nan)","(np.float64(12.5), np.float64(0.01), -134, np.float64(0.75))","(np.float64(12.5), np.float64(0.14), 36, np.float64(0.2))","(nan, 0, 0, nan)","(nan, 0, 0, nan)",0.0,100.0,300.0,0.0
400.0,0.056,0.0,"(np.float64(9.2), np.float64(0.74), -78, np.float64(0.44))","(nan, 0, 0, nan)","(np.float64(3.3), np.float64(0.1), -113, np.float64(0.17))","(nan, 0, 0, nan)","(nan, 0, 0, nan)","(nan, 0, 0, nan)",300.0,0.0,300.0,100.0
300.0,0.013,0.0,"(nan, 0, 0, nan)","(nan, 0, 0, nan)","(np.float64(5.0), np.float64(0.36), 66, np.float64(0.22))","(nan, 0, 0, nan)","(nan, 0, 0, nan)","(nan, 0, 0, nan)",300.0,200.0,0.0,200.0
100.0,0.0,0.0,"(nan, 0, 0, nan)","(nan, 0, 0, nan)","(nan, 0, 0, nan)","(nan, 0, 0, nan)","(nan, 0, 0, nan)","(nan, 0, 0, nan)",300.0,0.0,300.0,400.0
200.0,0.036,0.0,"(nan, 0, 0, nan)","(nan, 0, 0, nan)","(np.float64(5.0), np.float64(0.31), -162, np.float64(0.54))","(np.float64(10.0), np.float64(0.35), -22, np.float64(0.12))","(nan, 0, 0, nan)","(nan, 0, 0, nan)",100.0,400.0,0.0,0.0
300.0,0.174,0.0,"(np.float64(5.8), np.float64(0.97), -176, np.float64(0.75))","(nan, 0, 0, nan)","(np.float64(6.7), np.float64(0.17), -146, np.float64(0.76))","(np.float64(5.8), np.float64(0.35), -72, np.float64(0.31))","(nan, 0, 0, nan)","(np.float64(4.2), np.float64(0.19), 176, np.float64(0.42))",300.0,400.0,400.0,0.0
0.0,0.0,0.0,"(nan, 0, 0, nan)","(nan, 0, 0, nan)","(nan, 0, 0, nan)","(nan, 0, 0, nan)","(nan, 0, 0, nan)","(nan, 0, 0, nan)",400.0,0.0,0.0,0.0
400.0,0.027,0.0,"(nan, 0, 0, nan)","(np.float64(3.3), np.float64(0.09), 33, np.float64(0.05))","(np.float64(3.3), np.float64(0.46), 161, np.float64(0.24))","(np.float64(5.0), np.float64(0.04), 161, np.float64(0.54))","(nan, 0, 0, nan)","(np.float64(5.8), np.float64(0.09), -69, np.float64(0.29))",300.0,300.0,100.0,0.0
300.0,0.06,0.0,"(nan, 0, 0, nan)","(nan, 0, 0, nan)","(np.float64(5.0), np.float64(0.62), -111, np.float64(0.37))","(np.float64(10.8), np.float64(0.09), -28, np.float64(0.16))","(nan, 0, 0, nan)","(np.float64(5.8), np.float64(0.52), 51, np.float64(0.22))",100.0,100.0,100.0,200.0
200.0,0.004,0.0,"(nan, 0, 0, nan)","(nan, 0, 0, nan)","(nan, 0, 0, nan)","(np.float64(10.0), np.float64(0.23), 21, np.float64(0.12))","(nan, 0, 0, nan)","(nan, 0, 0, nan)",300.0,300.0,300.0,400.0
200.0,0.068,0.0,"(nan, 0, 0, nan)","(np.float64(5.0), np.float64(0.75), 138, np.float64(0.46))","(nan, 0, 0, nan)","(np.float64(5.0), np.float64(0.07), 167, np.float64(0.56))","(np.float64(5.0), np.float64(0.14), 54, np.float64(0.18))","(nan, 0, 0, nan)",400.0,400.0,100.0,400.0
200.0,0.004,0.0,"(nan, 0, 0, nan)","(nan, 0, 0, nan)","(np.float64(11.7), np.float64(0.03), -104, np.float64(0.58))","(np.float64(11.7), np.float64(0.36), 4, np.float64(0.02))","(nan, 0, 0, nan)","(nan, 0, 0, nan)",0.0,100.0,300.0,400.0
100.0,0.0,0.0,"(nan, 0, 0, nan)","(nan, 0, 0, nan)","(nan, 0, 0, nan)","(nan, 0, 0, nan)","(nan, 0, 0, nan)","(nan, 0, 0, nan)",400.0,0.0,400.0,100.0
300.0,0.026,0.0,"(nan, 0, 0, nan)","(nan, 0, 0, nan)","(np.float64(10.8), np.float64(0.14), 177, np.float64(0.98))","(np.float64(10.8), np.float64(0.21), 16, np.float64(0.09))","(nan, 0, 0, nan)","(nan, 0, 0, nan)",200.0,200.0,300.0,400.0
0.0,0.01,0.0,"(nan, 0, 0, nan)","(nan, 0, 0, nan)","(nan, 0, 0, nan)","(nan, 0, 0, nan)","(np.float64(10.8), np.float64(0.23), -47, np.float64(0.26))","(nan, 0, 0, nan)",400.0,300.0,200.0,0.0
200.0,0.037,0.0,"(nan, 0, 0, nan)","(nan, 0, 0, nan)","(nan, 0, 0, nan)","(np.float64(5.0), np.float64(0.56), -117, np.float64(0.39))","(nan, 0, 0, nan)","(nan, 0, 0, nan)",0.0,0.0,400.0,0.0
0.0,0.0,0.0,"(nan, 0, 0, nan)","(nan, 0, 0, nan)","(nan, 0, 0, nan)","(nan, 0, 0, nan)","(nan, 0, 0, nan)","(nan, 0, 0, nan)",200.0,0.0,100.0,0.0
400.0,0.056,0.0,"(nan, 0, 0, nan)","(nan, 0, 0, nan)","(np.float64(5.0), np.float64(0.35), -153, np.float64(0.51))","(np.float64(10.8), np.float64(0.07), -8, np.float64(0.04))","(nan, 0, 0, nan)","(np.float64(3.3), np.float64(0.82), -124, np.float64(0.18))",0.0,300.0,100.0,300.0
100.0,0.0,0.0,"(nan, 0, 0, nan)","(nan, 0, 0, nan)","(nan, 0, 0, nan)","(nan, 0, 0, nan)","(nan, 0, 0, nan)","(nan, 0, 0, nan)",200.0,0.0,0.0,200.0
300.0,0.095,0.0,"(np.float64(6.7), np.float64(1.1), -56, np.float64(0.29))","(np.float64(3.3), np.float64(0.37), -93, np.float64(0.14))","(np.float64(3.3), np.float64(1.49), 122, np.float64(0.18))","(np.float64(3.3), np.float64(0.28), 113, np.float64(0.17))","(nan, 0, 0, nan)","(nan, 0, 0, nan)",0.0,0.0,100.0,0.0
400.0,0.131,0.0,"(np.float64(5.8), np.float64(0.92), -168, np.float64(0.71))","(nan, 0, 0, nan)","(np.float64(8.3), np.float64(0.1), 123, np.float64(0.68))","(np.float64(9.2), np.float64(0.22), -48, np.float64(0.27))","(nan, 0, 0, nan)","(nan, 0, 0, nan)",300.0,400.0,300.0,400.0
200.0,0.061,0.0,"(np.float64(7.5), np.float64(0.46), -118, np.float64(0.65))","(nan, 0, 0, nan)","(nan, 0, 0, nan)","(np.float64(7.5), np.float64(0.12), -96, np.float64(0.53))","(nan, 0, 0, nan)","(nan, 0, 0, nan)",400.0,0.0,200.0,0.0
300.0,0.015,0.0,"(nan, 0, 0, nan)","(nan, 0, 0, nan)","(np.float64(5.8), np.float64(0.09), -114, np.float64(0.49))","(np.float64(5.0), np.float64(0.08), -175, np.float64(0.59))","(nan, 0, 0, nan)","(nan, 0, 0, nan)",400.0,300.0,200.0,300.0
200.0,0.096,0.0,"(np.float64(5.8), np.float64(0.26), -124, np.float64(0.53))","(nan, 0, 0, nan)","(np.float64(6.7), np.float64(0.48), -123, np.float64(0.64))","(np.float64(5.8), np.float64(0.23), -109, np.float64(0.46))","(nan, 0, 0, nan)","(np.float64(4.2), np.float64(0.09), -127, np.float64(0.31))",100.0,400.0,300.0,100.0
200.0,0.035,0.0,"(nan, 0, 0, nan)","(nan, 0, 0, nan)","(nan, 0, 0, nan)","(np.float64(5.0), np.float64(0.58), -110, np.float64(0.37))","(nan, 0, 0, nan)","(nan, 0, 0, nan)",0.0,0.0,400.0,100.0
400.0,0.059,0.0,"(nan, 0, 0, nan)","(nan, 0, 0, nan)","(np.float64(4.2), np.float64(0.47), 154, np.float64(0.37))","(np.float64(10.8), np.float64(0.23), -24, np.float64(0.13))","(nan, 0, 0, nan)","(np.float64(8.3), np.float64(0.15), 175, np.float64(0.97))",100.0,200.0,0.0,300.0
400.0,0.103,0.0,"(np.float64(9.2), np.float64(0.63), -75, np.float64(0.42))","(nan, 0, 0, nan)","(np.float64(9.2), np.float64(0.3), -68, np.float64(0.38))","(np.float64(9.2), np.float64(0.46), -70, np.float64(0.39))","(nan, 0, 0, nan)","(np.float64(4.2), np.float64(0.16), -160, np.float64(0.39))",100.0,400.0,100.0,200.0
0.0,0.003,0.0,"(nan, 0, 0, nan)","(nan, 0, 0, nan)","(nan, 0, 0, nan)","(nan, 0, 0, nan)","(np.float64(10.0), np.float64(0.17), -18, np.float64(0.1))","(nan, 0, 0, nan)",400.0,300.0,100.0,100.0
0.0,0.001,0.0,"(nan, 0, 0, nan)","(np.float64(5.0), np.float64(0.29), -5, np.float64(0.02))","(nan, 0, 0, nan)","(nan, 0, 0, nan)","(nan, 0, 0, nan)","(nan, 0, 0, nan)",400.0,300.0,100.0,400.0
300.0,0.125,0.0,"(np.float64(9.2), np.float64(0.77), -55, np.float64(0.3))","(nan, 0, 0, nan)","(np.float64(5.0), np.float64(0.5), 135, np.float64(0.45))","(np.float64(9.2), np.float64(0.35), -148, np.float64(0.82))","(nan, 0, 0, nan)","(nan, 0, 0, nan)",0.0,300.0,400.0,400.0
0.0,0.0,0.0,"(nan, 0, 0, nan)","(nan, 0, 0, nan)","(nan, 0, 0, nan)","(nan, 0, 0, nan)","(nan, 0, 0, nan)","(nan, 0, 0, nan)",0.0,0.0,400.0,400.0
0.0,0.129,0.0,"(np.float64(7.5), np.float64(0.81), -171, np.float64(0.95))","(nan, 0, 0, nan)","(nan, 0, 0, nan)","(nan, 0, 0, nan)","(nan, 0, 0, nan)","(nan, 0, 0, nan)",0.0,0.0,300.0,100.0
400.0,0.213,0.0,"(np.float64(8.3), np.float64(0.88), -91, np.float64(0.51))","(np.float64(8.3), np.float64(0.63), -161, np.float64(0.9))","(np.float64(8.3), np.float64(0.83), -30, np.float64(0.16))","(np.float64(4.2), np.float64(0.22), -162, np.float64(0.39))","(nan, 0, 0, nan)","(np.float64(3.3), np.float64(0.38), 74, np.float64(0.11))",0.0,100.0,0.0,0.0
100.0,0.021,0.0,"(nan, 0, 0, nan)","(nan, 0, 0, nan)","(nan, 0, 0, nan)","(np.float64(5.0), np.float64(0.19), -169, np.float64(0.56))","(np.float64(3.3), np.float64(0.14), 109, np.float64(0.16))","(nan, 0, 0, nan)",300.0,400.0,0.0,300.0
200.0,0.0,0.0,"(nan, 0, 0, nan)","(nan, 0, 0, nan)","(nan, 0, 0, nan)","(nan, 0, 0, nan)","(nan, 0, 0, nan)","(nan, 0, 0, nan)",200.0,0.0,0.0,100.0
400.0,0.036,0.0,"(nan, 0, 0, nan)","(nan, 0, 0, nan)","(np.float64(5.8), np.float64(0.17), 171, np.float64(0.73))","(np.float64(10.8), np.float64(0.11), -22, np.float64(0.12))","(nan, 0, 0, nan)","(np.float64(3.3), np.float64(0.36), -148, np.float64(0.22))",0.0,200.0,300.0,400.0
100.0,0.022,0.0,"(nan, 0, 0, nan)","(nan, 0, 0, nan)","(np.float64(5.0), np.float64(0.25), -146, np.float64(0.49))","(np.float64(10.0), np.float64(0.28), 7, np.float64(0.04))","(nan, 0, 0, nan)","(nan, 0, 0, nan)",0.0,300.0,300.0,100.0
0.0,0.014,0.0,"(nan, 0, 0, nan)","(nan, 0, 0, nan)","(nan, 0, 0, nan)","(np.float64(5.0), np.float64(0.14), -174, np.float64(0.58))","(nan, 0, 0, nan)","(nan, 0, 0, nan)",300.0,300.0,0.0,200.0
300.0,0.017,0.0,"(nan, 0, 0, nan)","(nan, 0, 0, nan)","(np.float64(10.0), np.float64(0.12), -143, np.float64(0.79))","(np.float64(10.0), np.float64(0.2), -6, np.float64(0.03))","(nan, 0, 0, nan)","(nan, 0, 0, nan)",0.0,100.0,400.0,200.0
300.0,0.01,0.0,"(nan, 0, 0, nan)","(np.float64(3.3), np.float64(0.53), -10, np.float64(0.01))","(np.float64(5.0), np.float64(0.37), 34, np.float64(0.11))","(np.float64(10.0), np.float64(0.03), -60, np.float64(0.34))","(nan, 0, 0, nan)","(nan, 0, 0, nan)",300.0,300.0,0.0,0.0
100.0,0.012,0.0,"(nan, 0, 0, nan)","(nan, 0, 0, nan)","(nan, 0, 0, nan)","(np.float64(10.0), np.float64(0.26), 49, np.float64(0.27))","(nan, 0, 0, nan)","(nan, 0, 0, nan)",0.0,300.0,0.0,400.0
100.0,0.0,0.0,"(nan, 0, 0, nan)","(nan, 0, 0, nan)","(nan, 0, 0, nan)","(nan, 0, 0, nan)","(nan, 0, 0, nan)","(nan, 0, 0, nan)",200.0,0.0,200.0,100.0
0.0,0.0,0.0,"(nan, 0, 0, nan)","(nan, 0, 0, nan)","(nan, 0, 0, nan)","(nan, 0, 0, nan)","(nan, 0, 0, nan)","(nan, 0, 0, nan)",0.0,0.0,400.0,0.0
400.0,0.065,0.0,"(nan, 0, 0, nan)","(nan, 0, 0, nan)","(np.float64(5.0), np.float64(0.27), -67, np.float64(0.22))","(np.float64(10.0), np.float64(0.14), -18, np.float64(0.1))","(nan, 0, 0, nan)","(np.float64(5.8), np.float64(0.52), -143, np.float64(0.61))",0.0,200.0,300.0,300.0
0.0,0.005,0.0,"(nan, 0, 0, nan)","(nan, 0, 0, nan)","(np.float64(13.3), np.float64(0.01), -144, np.float64(0.8))","(np.float64(13.3), np.float64(0.09), 34, np.float64(0.19))","(nan, 0, 0, nan)","(nan, 0, 0, nan)",0.0,100.0,300.0,0.0
400.0,0.008,0.0,"(nan, 0, 0, nan)","(nan, 0, 0, nan)","(np.float64(10.8), np.float64(0.07), -124, np.float64(0.69))","(nan, 0, 0, nan)","(nan, 0, 0, nan)","(nan, 0, 0, nan)",400.0,200.0,300.0,200.0
100.0,0.0,0.0,"(nan, 0, 0, nan)","(nan, 0, 0, nan)","(nan, 0, 0, nan)","(nan, 0, 0, nan)","(nan, 0, 0, nan)","(nan, 0, 0, nan)",400.0,100.0,200.0,300.0
400.0,0.07,0.0,"(np.float64(9.2), np.float64(0.85), -88, np.float64(0.49))","(nan, 0, 0, nan)","(nan, 0, 0, nan)","(nan, 0, 0, nan)","(nan, 0, 0, nan)","(nan, 0, 0, nan)",400.0,0.0,300.0,0.0
300.0,0.008,0.0,"(nan, 0, 0, nan)","(nan, 0, 0, nan)","(nan, 0, 0, nan)","(np.float64(5.0), np.float64(0.08), 177, np.float64(0.59))","(nan, 0, 0, nan)","(nan, 0, 0, nan)",400.0,300.0,200.0,400.0
0.0,0.006,0.0,"(nan, 0, 0, nan)","(nan, 0, 0, nan)","(nan, 0, 0, nan)","(np.float64(10.8), np.float64(0.16), 42, np.float64(0.23))","(nan, 0, 0, nan)","(nan, 0, 0, nan)",100.0,300.0,0.0,300.0
200.0,0.025,0.0,"(nan, 0, 0, nan)","(nan, 0, 0, nan)","(nan, 0, 0, nan)","(np.float64(11.7), np.float64(0.58), 46, np.float64(0.25))","(nan, 0, 0, nan)","(nan, 0, 0, nan)",200.0,200.0,0.0,400.0
200.0,0.0,0.0,"(nan, 0, 0, nan)","(nan, 0, 0, nan)","(nan, 0, 0, nan)","(nan, 0, 0, nan)","(nan, 0, 0, nan)","(nan, 0, 0, nan)",0.0,0.0,200.0,0.0
200.0,0.005,0.0,"(nan, 0, 0, nan)","(nan, 0, 0, nan)","(np.float64(10.8), np.float64(0.07), 6, np.float64(0.03))","(np.float64(10.8), np.float64(0.27), 21, np.float64(0.11))","(nan, 0, 0, nan)","(nan, 0, 0, nan)",0.0,100.0,400.0,0.0
300.0,0.082,0.0,"(np.float64(10.0), np.float64(1.01), -79, np.float64(0.44))","(nan, 0, 0, nan)","(nan, 0, 0, nan)","(nan, 0, 0, nan)","(nan, 0, 0, nan)","(np.float64(5.0), np.float64(0.09), -166, np.float64(0.55))",300.0,0.0,400.0,0.0
0.0,0.0,0.0,"(nan, 0, 0, nan)","(nan, 0, 0, nan)","(nan, 0, 0, nan)","(nan, 0, 0, nan)","(nan, 0, 0, nan)","(nan, 0, 0, nan)",0.0,0.0,400.0,100.0
0.0,0.01,0.0,"(nan, 0, 0, nan)","(nan, 0, 0, nan)","(nan, 0, 0, nan)","(np.float64(10.8), np.float64(0.17), 63, np.float64(0.35))","(nan, 0, 0, nan)","(nan, 0, 0, nan)",400.0,300.0,400.0,0.0
400.0,0.022,0.0,"(nan, 0, 0, nan)","(nan, 0, 0, nan)","(nan, 0, 0, nan)","(np.float64(10.8), np.float64(0.21), -12, np.float64(0.07))","(nan, 0, 0, nan)","(np.float64(5.0), np.float64(0.28), -128, np.float64(0.43))",100.0,300.0,100.0,0.0
0.0,0.144,0.0,"(np.float64(7.5), np.float64(0.9), -173, np.float64(0.96))","(nan, 0, 0, nan)","(nan, 0, 0, nan)","(nan, 0, 0, nan)","(nan, 0, 0, nan)","(nan, 0, 0, nan)",0.0,0.0,300.0,200.0
0.0,0.05,0.0,"(np.float64(9.2), np.float64(0.06), -21, np.float64(0.12))","(np.float64(3.3), np.float64(0.53), 9, np.float64(0.01))","(np.float64(5.0), np.float64(0.39), 93, np.float64(0.31))","(np.float64(9.2), np.float64(0.22), -106, np.float64(0.59))","(np.float64(3.3), np.float64(0.17), 129, np.float64(0.19))","(nan, 0, 0, nan)",0.0,400.0,300.0,300.0
200.0,0.003,0.0,"(nan, 0, 0, nan)","(nan, 0, 0, nan)","(nan, 0, 0, nan)","(np.float64(10.0), np.float64(0.32), 10, np.float64(0.06))","(nan, 0, 0, nan)","(nan, 0, 0, nan)",200.0,400.0,100.0,300.0
200.0,0.0,0.0,"(nan, 0, 0, nan)","(nan, 0, 0, nan)","(nan, 0, 0, nan)","(nan, 0, 0, nan)","(nan, 0, 0, nan)","(nan, 0, 0, nan)",400.0,0.0,400.0,0.0
400.0,0.286,-0.2,"(np.float64(8.3), np.float64(0.92), -98, np.float64(0.54))","(np.float64(4.2), np.float64(0.93), -178, np.float64(0.43))","(np.float64(4.2), np.float64(0.7), 44, np.float64(0.11))","(np.float64(4.2), np.float64(0.76), 160, np.float64(0.38))","(np.float64(4.2), np.float64(0.64), 168, np.float64(0.41))","(np.float64(4.2), np.float64(0.46), 172, np.float64(0.41))",100.0,100.0,100.0,0.0
100.0,0.0,0.0,"(nan, 0, 0, nan)","(nan, 0, 0, nan)","(nan, 0, 0, nan)","(nan, 0, 0, nan)","(nan, 0, 0, nan)","(nan, 0, 0, nan)",300.0,0.0,100.0,0.0
0.0,0.0,0.0,"(nan, 0, 0, nan)","(nan, 0, 0, nan)","(nan, 0, 0, nan)","(nan, 0, 0, nan)","(nan, 0, 0, nan)","(nan, 0, 0, nan)",400.0,0.0,100.0,100.0
400.0,0.246,0.18,"(np.float64(8.3), np.float64(0.69), -83, np.float64(0.46))","(np.float64(3.3), np.float64(0.78), -113, np.float64(0.17))","(np.float64(3.3), np.float64(0.55), -136, np.float64(0.2))","(np.float64(3.3), np.float64(0.67), -167, np.float64(0.25))","(np.float64(3.3), np.float64(1.02), -98, np.float64(0.15))","(np.float64(3.3), np.float64(0.37), 139, np.float64(0.21))",200.0,0.0,200.0,0.0
0.0,0.0,0.0,"(nan, 0, 0, nan)","(nan, 0, 0, nan)","(nan, 0, 0, nan)","(nan, 0, 0, nan)","(nan, 0, 0, nan)","(nan, 0, 0, nan)",200.0,100.0,200.0,0.0
400.0,0.093,0.0,"(np.float64(7.5), np.float64(1.09), -29, np.float64(0.16))","(np.float64(7.5), np.float64(0.48), 31, np.float64(0.17))","(np.float64(4.2), np.float64(0.38), -47, np.float64(0.11))","(np.float64(3.3), np.float64(0.57), 173, np.float64(0.26))","(np.float64(3.3), np.float64(0.57), -147, np.float64(0.22))","(nan, 0, 0, nan)",100.0,0.0,0.0,100.0
400.0,0.068,0.0,"(nan, 0, 0, nan)","(np.float64(4.2), np.float64(0.17), -64, np.float64(0.16))","(np.float64(9.2), np.float64(0.44), 151, np.float64(0.84))","(np.float64(3.3), np.float64(0.1), -75, np.float64(0.11))","(nan, 0, 0, nan)","(nan, 0, 0, nan)",400.0,100.0,0.0,300.0
400.0,0.107,0.0,"(np.float64(10.0), np.float64(0.86), -90, np.float64(0.5))","(nan, 0, 0, nan)","(np.float64(10.0), np.float64(0.11), -119, np.float64(0.66))","(np.float64(5.0), np.float64(0.26), -162, np.float64(0.54))","(nan, 0, 0, nan)","(nan, 0, 0, nan)",100.0,100.0,400.0,0.0
300.0,0.009,0.0,"(nan, 0, 0, nan)","(nan, 0, 0, nan)","(np.float64(4.2), np.float64(0.17), -122, np.float64(0.29))","(np.float64(10.8), np.float64(0.23), -2, np.float64(0.01))","(nan, 0, 0, nan)","(nan, 0, 0, nan)",100.0,200.0,200.0,400.0
0.0,0.006,0.0,"(nan, 0, 0, nan)","(nan, 0, 0, nan)","(nan, 0, 0, nan)","(np.float64(10.8), np.float64(0.15), 45, np.float64(0.25))","(nan, 0, 0, nan)","(nan, 0, 0, nan)",300.0,300.0,0.0,300.0
300.0,0.056,0.0,"(nan, 0, 0, nan)","(nan, 0, 0, nan)","(np.float64(5.0), np.float64(0.66), -145, np.float64(0.48))","(np.float64(10.8), np.float64(0.07), -50, np.float64(0.28))","(nan, 0, 0, nan)","(nan, 0, 0, nan)",0.0,100.0,0.0,200.0
200.0,0.001,0.0,"(nan, 0, 0, nan)","(nan, 0, 0, nan)","(nan, 0, 0, nan)","(np.float64(10.0), np.float64(0.26), -3, np.float64(0.02))","(nan, 0, 0, nan)","(nan, 0, 0, nan)",0.0,400.0,0.0,400.0
400.0,0.031,0.0,"(nan, 0, 0, nan)","(nan, 0, 0, nan)","(np.float64(4.2), np.float64(0.25), 93, np.float64(0.23))","(np.float64(10.0), np.float64(0.22), -48, np.float64(0.27))","(nan, 0, 0, nan)","(np.float64(4.2), np.float64(0.17), -171, np.float64(0.41))",100.0,400.0,0.0,400.0
400.0,0.044,0.0,"(nan, 0, 0, nan)","(nan, 0, 0, nan)","(np.float64(10.0), np.float64(0.11), -151, np.float64(0.84))","(np.float64(10.0), np.float64(0.1), 5, np.float64(0.03))","(nan, 0, 0, nan)","(np.float64(5.0), np.float64(0.4), 128, np.float64(0.43))",200.0,200.0,300.0,200.0
300.0,0.136,0.0,"(np.float64(8.3), np.float64(1.13), -71, np.float64(0.4))","(nan, 0, 0, nan)","(np.float64(4.2), np.float64(0.65), 159, np.float64(0.38))","(np.float64(4.2), np.float64(0.65), 110, np.float64(0.26))","(nan, 0, 0, nan)","(nan, 0, 0, nan)",100.0,0.0,200.0,0.0
0.0,0.008,0.0,"(nan, 0, 0, nan)","(nan, 0, 0, nan)","(np.float64(3.3), np.float64(0.05), -157, np.float64(0.23))","(np.float64(11.7), np.float64(0.14), 46, np.float64(0.26))","(nan, 0, 0, nan)","(nan, 0, 0, nan)",100.0,200.0,300.0,200.0
0.0,0.009,0.0,"(nan, 0, 0, nan)","(nan, 0, 0, nan)","(np.float64(5.0), np.float64(0.03), 179, np.float64(0.6))","(np.float64(11.7), np.float64(0.14), 43, np.float64(0.24))","(nan, 0, 0, nan)","(nan, 0, 0, nan)",0.0,200.0,400.0,200.0
0.0,0.046,0.0,"(nan, 0, 0, nan)","(np.float64(3.3), np.float64(0.53), -44, np.float64(0.07))","(np.float64(3.3), np.float64(0.27), -140, np.float64(0.21))","(np.float64(4.2), np.float64(0.05), 154, np.float64(0.37))","(np.float64(5.0), np.float64(0.53), 93, np.float64(0.31))","(nan, 0, 0, nan)",300.0,400.0,0.0,0.0
0.0,0.01,0.0,"(nan, 0, 0, nan)","(nan, 0, 0, nan)","(np.float64(4.2), np.float64(0.07), 149, np.float64(0.36))","(np.float64(11.7), np.float64(0.11), 58, np.float64(0.32))","(nan, 0, 0, nan)","(nan, 0, 0, nan)",0.0,200.0,200.0,0.0
100.0,0.0,0.0,"(nan, 0, 0, nan)","(nan, 0, 0, nan)","(nan, 0, 0, nan)","(nan, 0, 0, nan)","(nan, 0, 0, nan)","(nan, 0, 0, nan)",200.0,0.0,400.0,100.0
0.0,0.039,0.0,"(nan, 0, 0, nan)","(nan, 0, 0, nan)","(np.float64(5.8), np.float64(0.37), 33, np.float64(0.14))","(np.float64(11.7), np.float64(0.17), 32, np.float64(0.18))","(nan, 0, 0, nan)","(np.float64(5.0), np.float64(0.78), 57, np.float64(0.19))",0.0,200.0,0.0,0.0
0.0,0.0,0.0,"(nan, 0, 0, nan)","(nan, 0, 0, nan)","(nan, 0, 0, nan)","(nan, 0, 0, nan)","(nan, 0, 0, nan)","(nan, 0, 0, nan)",0.0,0.0,0.0,400.0
100.0,0.006,0.0,"(nan, 0, 0, nan)","(nan, 0, 0, nan)","(nan, 0, 0, nan)","(np.float64(10.0), np.float64(0.08), 27, np.float64(0.15))","(np.float64(10.0), np.float64(0.19), -25, np.float64(0.14))","(nan, 0, 0, nan)",400.0,300.0,0.0,0.0
400.0,0.052,0.0,"(np.float64(9.2), np.float64(0.72), -79, np.float64(0.44))","(nan, 0, 0, nan)","(nan, 0, 0, nan)","(nan, 0, 0, nan)","(nan, 0, 0, nan)","(nan, 0, 0, nan)",300.0,0.0,300.0,300.0
400.0,0.136,0.0,"(np.float64(10.8), np.float64(0.51), 156, np.float64(0.87))","(nan, 0, 0, nan)","(np.float64(3.3), np.float64(0.47), 127, np.float64(0.19))","(np.float64(10.8), np.float64(0.04), -55, np.float64(0.3))","(nan, 0, 0, nan)","(np.float64(4.2), np.float64(0.66), -173, np.float64(0.42))",0.0,200.0,0.0,0.0
400.0,0.138,0.0,"(nan, 0, 0, nan)","(nan, 0, 0, nan)","(np.float64(5.0), np.float64(1.05), -150, np.float64(0.5))","(np.float64(8.3), np.float64(0.68), -86, np.float64(0.48))","(nan, 0, 0, nan)","(nan, 0, 0, nan)",0.0,0.0,300.0,400.0
200.0,0.0,0.0,"(nan, 0, 0, nan)","(nan, 0, 0, nan)","(nan, 0, 0, nan)","(nan, 0, 0, nan)","(nan, 0, 0, nan)","(nan, 0, 0, nan)",200.0,100.0,100.0,300.0
200.0,0.0,0.0,"(nan, 0, 0, nan)","(nan, 0, 0, nan)","(nan, 0, 0, nan)","(nan, 0, 0, nan)","(nan, 0, 0, nan)","(nan, 0, 0, nan)",0.0,0.0,0.0,0.0
0.0,0.008,0.0,"(nan, 0, 0, nan)","(nan, 0, 0, nan)","(np.float64(12.5), np.float64(0.02), -144, np.float64(0.8))","(np.float64(12.5), np.float64(0.28), 21, np.float64(0.12))","(nan, 0, 0, nan)","(nan, 0, 0, nan)",0.0,100.0,300.0,400.0
400.0,0.213,0.0,"(np.float64(8.3), np.float64(0.88), -91, np.float64(0.51))","(np.float64(8.3), np.float64(0.63), -161, np.float64(0.9))","(np.float64(8.3), np.float64(0.83), -30, np.float64(0.16))","(np.float64(4.2), np.float64(0.22), -162, np.float64(0.39))","(nan, 0, 0, nan)","(np.float64(3.3), np.float64(0.38), 74, np.float64(0.11))",0.0,100.0,0.0,0.0
300.0,0.082,0.0,"(np.float64(10.0), np.float64(1.01), -79, np.float64(0.44))","(nan, 0, 0, nan)","(nan, 0, 0, nan)","(nan, 0, 0, nan)","(nan, 0, 0, nan)","(np.float64(5.0), np.float64(0.09), -166, np.float64(0.55))",300.0,0.0,400.0,0.0
100.0,0.0,0.0,"(nan, 0, 0, nan)","(nan, 0, 0, nan)","(nan, 0, 0, nan)","(nan, 0, 0, nan)","(nan, 0, 0, nan)","(nan, 0, 0, nan)",400.0,0.0,0.0,0.0
100.0,0.119,0.0,"(np.float64(8.3), np.float64(0.74), -174, np.float64(0.97))","(nan, 0, 0, nan)","(nan, 0, 0, nan)","(nan, 0, 0, nan)","(nan, 0, 0, nan)","(nan, 0, 0, nan)",0.0,0.0,300.0,0.0
100.0,0.0,0.0,"(nan, 0, 0, nan)","(nan, 0, 0, nan)","(nan, 0, 0, nan)","(nan, 0, 0, nan)","(nan, 0, 0, nan)","(nan, 0, 0, nan)",100.0,100.0,200.0,300.0
200.0,0.024,0.0,"(nan, 0, 0, nan)","(nan, 0, 0, nan)","(np.float64(4.2), np.float64(0.35), -131, np.float64(0.32))","(np.float64(10.0), np.float64(0.36), -16, np.float64(0.09))","(nan, 0, 0, nan)","(nan, 0, 0, nan)",0.0,400.0,0.0,0.0
200.0,0.072,0.0,"(np.float64(9.2), np.float64(0.08), -154, np.float64(0.85))","(np.float64(3.3), np.float64(0.43), 16, np.float64(0.02))","(np.float64(5.8), np.float64(0.46), 60, np.float64(0.25))","(np.float64(9.2), np.float64(0.41), -97, np.float64(0.54))","(np.float64(3.3), np.float64(0.09), 128, np.float64(0.19))","(nan, 0, 0, nan)",200.0,400.0,300.0,300.0
100.0,0.0,0.0,"(nan, 0, 0, nan)","(nan, 0, 0, nan)","(nan, 0, 0, nan)","(nan, 0, 0, nan)","(nan, 0, 0, nan)","(nan, 0, 0, nan)",300.0,0.0,0.0,0.0
200.0,0.009,0.0,"(nan, 0, 0, nan)","(nan, 0, 0, nan)","(np.float64(4.2), np.float64(0.01), -70, np.float64(0.17))","(np.float64(11.7), np.float64(0.35), 27, np.float64(0.15))","(nan, 0, 0, nan)","(nan, 0, 0, nan)",100.0,100.0,300.0,300.0
200.0,0.01,0.0,"(nan, 0, 0, nan)","(nan, 0, 0, nan)","(np.float64(4.2), np.float64(0.04), 123, np.float64(0.3))","(np.float64(11.7), np.float64(0.19), 44, np.float64(0.24))","(nan, 0, 0, nan)","(nan, 0, 0, nan)",0.0,200.0,300.0,200.0
0.0,0.012,0.0,"(nan, 0, 0, nan)","(nan, 0, 0, nan)","(np.float64(5.8), np.float64(0.29), 39, np.float64(0.17))","(np.float64(10.8), np.float64(0.14), 31, np.float64(0.17))","(nan, 0, 0, nan)","(nan, 0, 0, nan)",0.0,300.0,0.0,200.0
400.0,0.173,0.09,"(np.float64(4.2), np.float64(0.69), -86, np.float64(0.21))","(np.float64(4.2), np.float64(0.63), -159, np.float64(0.38))","(np.float64(4.2), np.float64(0.86), -35, np.float64(0.08))","(np.float64(5.0), np.float64(0.3), -134, np.float64(0.45))","(np.float64(3.3), np.float64(0.5), -131, np.float64(0.19))","(np.float64(5.0), np.float64(0.31), 69, np.float64(0.23))",0.0,100.0,200.0,0.0
300.0,0.032,0.0,"(nan, 0, 0, nan)","(nan, 0, 0, nan)","(np.float64(5.0), np.float64(0.17), -167, np.float64(0.56))","(np.float64(5.0), np.float64(0.1), -179, np.float64(0.6))","(np.float64(5.0), np.float64(0.08), -155, np.float64(0.52))","(nan, 0, 0, nan)",400.0,400.0,200.0,400.0
100.0,0.004,0.0,"(nan, 0, 0, nan)","(nan, 0, 0, nan)","(nan, 0, 0, nan)","(np.float64(10.8), np.float64(0.15), 27, np.float64(0.15))","(nan, 0, 0, nan)","(nan, 0, 0, nan)",0.0,300.0,200.0,0.0
100.0,0.0,0.0,"(nan, 0, 0, nan)","(nan, 0, 0, nan)","(nan, 0, 0, nan)","(nan, 0, 0, nan)","(nan, 0, 0, nan)","(nan, 0, 0, nan)",0.0,0.0,400.0,100.0
200.0,0.036,0.0,"(np.float64(9.2), np.float64(0.08), -75, np.float64(0.42))","(np.float64(3.3), np.float64(0.49), 40, np.float64(0.06))","(np.float64(3.3), np.float64(0.68), 16, np.float64(0.02))","(np.float64(9.2), np.float64(0.15), -141, np.float64(0.78))","(np.float64(3.3), np.float64(0.09), -131, np.float64(0.19))","(nan, 0, 0, nan)",100.0,400.0,400.0,400.0
0.0,0.022,0.0,"(nan, 0, 0, nan)","(nan, 0, 0, nan)","(nan, 0, 0, nan)","(np.float64(5.8), np.float64(0.24), -126, np.float64(0.54))","(nan, 0, 0, nan)","(nan, 0, 0, nan)",200.0,300.0,0.0,400.0
200.0,0.171,0.0,"(np.float64(5.8), np.float64(0.88), 174, np.float64(0.74))","(nan, 0, 0, nan)","(np.float64(5.8), np.float64(0.45), -143, np.float64(0.61))","(np.float64(5.8), np.float64(0.39), -61, np.float64(0.26))","(nan, 0, 0, nan)","(nan, 0, 0, nan)",300.0,400.0,400.0,300.0
200.0,0.027,0.0,"(nan, 0, 0, nan)","(nan, 0, 0, nan)","(np.float64(5.0), np.float64(0.31), -140, np.float64(0.47))","(np.float64(10.0), np.float64(0.23), 14, np.float64(0.08))","(nan, 0, 0, nan)","(nan, 0, 0, nan)",300.0,400.0,300.0,300.0
100.0,0.0,0.0,"(nan, 0, 0, nan)","(nan, 0, 0, nan)","(nan, 0, 0, nan)","(nan, 0, 0, nan)","(nan, 0, 0, nan)","(nan, 0, 0, nan)",300.0,0.0,0.0,300.0
200.0,0.004,0.0,"(nan, 0, 0, nan)","(nan, 0, 0, nan)","(nan, 0, 0, nan)","(np.float64(10.8), np.float64(0.21), 21, np.float64(0.12))","(nan, 0, 0, nan)","(nan, 0, 0, nan)",100.0,300.0,100.0,100.0
0.0,0.077,0.0,"(np.float64(3.3), np.float64(1.06), -106, np.float64(0.16))","(np.float64(3.3), np.float64(0.48), -175, np.float64(0.26))","(np.float64(4.2), np.float64(0.25), 18, np.float64(0.04))","(np.float64(7.5), np.float64(0.16), 171, np.float64(0.95))","(np.float64(3.3), np.float64(0.05), -149, np.float64(0.22))","(nan, 0, 0, nan)",0.0,400.0,100.0,400.0
400.0,0.028,0.0,"(nan, 0, 0, nan)","(np.float64(3.3), np.float64(0.38), 96, np.float64(0.14))","(np.float64(3.3), np.float64(0.19), 65, np.float64(0.1))","(np.float64(7.5), np.float64(0.12), -149, np.float64(0.83))","(nan, 0, 0, nan)","(nan, 0, 0, nan)",300.0,200.0,0.0,300.0
100.0,0.119,0.0,"(np.float64(8.3), np.float64(0.74), -174, np.float64(0.97))","(nan, 0, 0, nan)","(nan, 0, 0, nan)","(nan, 0, 0, nan)","(nan, 0, 0, nan)","(nan, 0, 0, nan)",0.0,0.0,300.0,100.0
400.0,0.126,0.0,"(np.float64(8.3), np.float64(0.99), -93, np.float64(0.52))","(nan, 0, 0, nan)","(np.float64(5.0), np.float64(0.25), -74, np.float64(0.25))","(np.float64(4.2), np.float64(0.3), -83, np.float64(0.2))","(nan, 0, 0, nan)","(np.float64(5.0), np.float64(0.35), 104, np.float64(0.35))",100.0,0.0,300.0,100.0
100.0,0.0,0.0,"(nan, 0, 0, nan)","(nan, 0, 0, nan)","(nan, 0, 0, nan)","(nan, 0, 0, nan)","(nan, 0, 0, nan)","(nan, 0, 0, nan)",300.0,0.0,0.0,100.0
400.0,0.002,0.0,"(nan, 0, 0, nan)","(nan, 0, 0, nan)","(np.float64(3.3), np.float64(0.14), -60, np.float64(0.09))","(nan, 0, 0, nan)","(nan, 0, 0, nan)","(nan, 0, 0, nan)",400.0,100.0,300.0,0.0
200.0,0.008,0.0,"(nan, 0, 0, nan)","(nan, 0, 0, nan)","(nan, 0, 0, nan)","(np.float64(10.0), np.float64(0.33), -26, np.float64(0.14))","(nan, 0, 0, nan)","(nan, 0, 0, nan)",200.0,400.0,0.0,0.0
200.0,0.0,0.0,"(nan, 0, 0, nan)","(nan, 0, 0, nan)","(nan, 0, 0, nan)","(nan, 0, 0, nan)","(nan, 0, 0, nan)","(nan, 0, 0, nan)",200.0,100.0,100.0,400.0
0.0,0.093,0.0,"(np.float64(9.2), np.float64(0.37), -169, np.float64(0.94))","(np.float64(3.3), np.float64(0.4), -138, np.float64(0.21))","(np.float64(5.0), np.float64(0.34), 39, np.float64(0.13))","(np.float64(10.8), np.float64(0.18), -21, np.float64(0.12))","(np.float64(3.3), np.float64(0.24), -175, np.float64(0.26))","(nan, 0, 0, nan)",0.0,400.0,200.0,0.0
0.0,0.129,0.0,"(np.float64(7.5), np.float64(0.82), -171, np.float64(0.95))","(nan, 0, 0, nan)","(nan, 0, 0, nan)","(nan, 0, 0, nan)","(nan, 0, 0, nan)","(nan, 0, 0, nan)",0.0,0.0,300.0,0.0
0.0,0.004,0.0,"(nan, 0, 0, nan)","(nan, 0, 0, nan)","(nan, 0, 0, nan)","(np.float64(11.7), np.float64(0.13), 38, np.float64(0.21))","(nan, 0, 0, nan)","(nan, 0, 0, nan)",100.0,200.0,200.0,200.0
400.0,0.037,0.0,"(nan, 0, 0, nan)","(nan, 0, 0, nan)","(np.float64(10.0), np.float64(0.17), 176, np.float64(0.98))","(np.float64(10.8), np.float64(0.12), -4, np.float64(0.02))","(nan, 0, 0, nan)","(np.float64(4.2), np.float64(0.32), 73, np.float64(0.18))",200.0,200.0,400.0,300.0
0.0,0.0,0.0,"(nan, 0, 0, nan)","(nan, 0, 0, nan)","(nan, 0, 0, nan)","(nan, 0, 0, nan)","(nan, 0, 0, nan)","(nan, 0, 0, nan)",300.0,0.0,0.0,0.0
400.0,0.024,0.0,"(nan, 0, 0, nan)","(nan, 0, 0, nan)","(np.float64(5.0), np.float64(0.3), -133, np.float64(0.45))","(np.float64(10.0), np.float64(0.09), -20, np.float64(0.11))","(nan, 0, 0, nan)","(nan, 0, 0, nan)",300.0,400.0,0.0,300.0
0.0,0.112,0.0,"(np.float64(5.0), np.float64(0.86), 179, np.float64(0.6))","(np.float64(5.8), np.float64(0.16), -86, np.float64(0.37))","(nan, 0, 0, nan)","(np.float64(6.7), np.float64(0.16), -117, np.float64(0.61))","(nan, 0, 0, nan)","(nan, 0, 0, nan)",300.0,400.0,400.0,200.0
100.0,0.0,0.0,"(nan, 0, 0, nan)","(nan, 0, 0, nan)","(nan, 0, 0, nan)","(nan, 0, 0, nan)","(nan, 0, 0, nan)","(nan, 0, 0, nan)",0.0,100.0,0.0,300.0
0.0,0.007,0.0,"(nan, 0, 0, nan)","(nan, 0, 0, nan)","(nan, 0, 0, nan)","(np.float64(10.0), np.float64(0.26), 29, np.float64(0.16))","(nan, 0, 0, nan)","(nan, 0, 0, nan)",0.0,300.0,300.0,200.0
100.0,0.0,0.0,"(nan, 0, 0, nan)","(nan, 0, 0, nan)","(nan, 0, 0, nan)","(nan, 0, 0, nan)","(nan, 0, 0, nan)","(nan, 0, 0, nan)",400.0,0.0,0.0,100.0
300.0,0.003,0.0,"(nan, 0, 0, nan)","(nan, 0, 0, nan)","(np.float64(3.3), np.float64(0.11), -120, np.float64(0.18))","(nan, 0, 0, nan)","(nan, 0, 0, nan)","(nan, 0, 0, nan)",400.0,200.0,300.0,0.0
0.0,0.006,0.0,"(nan, 0, 0, nan)","(nan, 0, 0, nan)","(nan, 0, 0, nan)","(np.float64(11.7), np.float64(0.16), 43, np.float64(0.24))","(nan, 0, 0, nan)","(nan, 0, 0, nan)",200.0,200.0,300.0,200.0
200.0,0.082,-0.07,"(np.float64(7.5), np.float64(0.49), 22, np.float64(0.12))","(np.float64(4.2), np.float64(0.03), 143, np.float64(0.35))","(np.float64(7.5), np.float64(0.42), 137, np.float64(0.76))","(np.float64(7.5), np.float64(0.22), -60, np.float64(0.33))","(np.float64(4.2), np.float64(0.03), -108, np.float64(0.26))","(np.float64(3.3), np.float64(0.11), 134, np.float64(0.2))",0.0,400.0,300.0,200.0
400.0,0.083,0.0,"(np.float64(4.2), np.float64(0.76), -86, np.float64(0.21))","(np.float64(4.2), np.float64(0.57), -126, np.float64(0.3))","(np.float64(3.3), np.float64(0.21), 111, np.float64(0.17))","(np.float64(4.2), np.float64(0.42), -134, np.float64(0.32))","(nan, 0, 0, nan)","(nan, 0, 0, nan)",0.0,0.0,0.0,200.0
0.0,0.0,0.0,"(nan, 0, 0, nan)","(nan, 0, 0, nan)","(nan, 0, 0, nan)","(nan, 0, 0, nan)","(nan, 0, 0, nan)","(nan, 0, 0, nan)",300.0,100.0,400.0,0.0
300.0,0.066,0.0,"(np.float64(10.0), np.float64(0.67), -84, np.float64(0.46))","(nan, 0, 0, nan)","(np.float64(5.8), np.float64(0.23), -84, np.float64(0.36))","(nan, 0, 0, nan)","(nan, 0, 0, nan)","(nan, 0, 0, nan)",0.0,0.0,400.0,100.0
300.0,0.017,0.0,"(nan, 0, 0, nan)","(nan, 0, 0, nan)","(nan, 0, 0, nan)","(np.float64(5.8), np.float64(0.14), -162, np.float64(0.69))","(nan, 0, 0, nan)","(nan, 0, 0, nan)",300.0,200.0,200.0,300.0
400.0,0.106,0.0,"(np.float64(10.0), np.float64(0.55), -46, np.float64(0.26))","(nan, 0, 0, nan)","(np.float64(5.0), np.float64(0.52), -124, np.float64(0.42))","(np.float64(10.0), np.float64(0.21), -33, np.float64(0.18))","(nan, 0, 0, nan)","(np.float64(4.2), np.float64(0.68), -146, np.float64(0.35))",0.0,300.0,200.0,0.0
100.0,0.043,0.0,"(nan, 0, 0, nan)","(nan, 0, 0, nan)","(nan, 0, 0, nan)","(np.float64(5.0), np.float64(0.32), -136, np.float64(0.46))","(np.float64(5.0), np.float64(0.31), -105, np.float64(0.35))","(nan, 0, 0, nan)",400.0,300.0,300.0,400.0
300.0,0.039,0.0,"(nan, 0, 0, nan)","(nan, 0, 0, nan)","(np.float64(4.2), np.float64(0.15), 163, np.float64(0.39))","(np.float64(5.0), np.float64(0.32), -158, np.float64(0.53))","(np.float64(4.2), np.float64(0.03), 92, np.float64(0.22))","(nan, 0, 0, nan)",300.0,400.0,0.0,400.0
300.0,0.006,0.0,"(nan, 0, 0, nan)","(nan, 0, 0, nan)","(nan, 0, 0, nan)","(np.float64(10.0), np.float64(0.3), -23, np.float64(0.13))","(nan, 0, 0, nan)","(nan, 0, 0, nan)",0.0,400.0,0.0,0.0
400.0,0.051,0.0,"(nan, 0, 0, nan)","(nan, 0, 0, nan)","(np.float64(10.0), np.float64(0.2), -126, np.float64(0.7))","(np.float64(10.0), np.float64(0.3), -43, np.float64(0.24))","(nan, 0, 0, nan)","(np.float64(5.0), np.float64(0.42), 66, np.float64(0.22))",0.0,300.0,300.0,300.0
0.0,0.0,0.0,"(nan, 0, 0, nan)","(nan, 0, 0, nan)","(nan, 0, 0, nan)","(nan, 0, 0, nan)","(nan, 0, 0, nan)","(nan, 0, 0, nan)",0.0,0.0,0.0,0.0
100.0,0.047,0.0,"(nan, 0, 0, nan)","(np.float64(8.3), np.float64(0.33), 10, np.float64(0.05))","(np.float64(8.3), np.float64(0.27), 38, np.float64(0.21))","(np.float64(8.3), np.float64(0.4), -95, np.float64(0.53))","(nan, 0, 0, nan)","(nan, 0, 0, nan)",100.0,300.0,400.0,0.0
100.0,0.0,0.0,"(nan, 0, 0, nan)","(nan, 0, 0, nan)","(nan, 0, 0, nan)","(nan, 0, 0, nan)","(nan, 0, 0, nan)","(nan, 0, 0, nan)",300.0,0.0,400.0,100.0
200.0,0.0,0.0,"(nan, 0, 0, nan)","(nan, 0, 0, nan)","(nan, 0, 0, nan)","(nan, 0, 0, nan)","(nan, 0, 0, nan)","(nan, 0, 0, nan)",200.0,0.0,200.0,200.0
300.0,0.068,0.0,"(np.float64(10.0), np.float64(0.88), -84, np.float64(0.46))","(nan, 0, 0, nan)","(nan, 0, 0, nan)","(nan, 0, 0, nan)","(nan, 0, 0, nan)","(nan, 0, 0, nan)",200.0,0.0,400.0,0.0
400.0,0.021,0.0,"(nan, 0, 0, nan)","(nan, 0, 0, nan)","(np.float64(5.0), np.float64(0.19), 102, np.float64(0.34))","(np.float64(5.0), np.float64(0.11), 165, np.float64(0.55))","(nan, 0, 0, nan)","(nan, 0, 0, nan)",400.0,300.0,200.0,100.0
100.0,0.013,0.0,"(nan, 0, 0, nan)","(nan, 0, 0, nan)","(nan, 0, 0, nan)","(np.float64(8.3), np.float64(0.3), -46, np.float64(0.26))","(nan, 0, 0, nan)","(nan, 0, 0, nan)",0.0,300.0,400.0,400.0
100.0,0.007,0.0,"(nan, 0, 0, nan)","(nan, 0, 0, nan)","(np.float64(5.0), np.float64(0.01), 53, np.float64(0.18))","(np.float64(11.7), np.float64(0.16), 46, np.float64(0.26))","(nan, 0, 0, nan)","(nan, 0, 0, nan)",200.0,200.0,400.0,300.0
0.0,0.01,0.0,"(nan, 0, 0, nan)","(nan, 0, 0, nan)","(np.float64(5.8), np.float64(0.2), -49, np.float64(0.21))","(np.float64(10.8), np.float64(0.2), 16, np.float64(0.09))","(nan, 0, 0, nan)","(nan, 0, 0, nan)",0.0,300.0,0.0,100.0
0.0,0.008,0.0,"(nan, 0, 0, nan)","(nan, 0, 0, nan)","(nan, 0, 0, nan)","(np.float64(11.7), np.float64(0.15), 55, np.float64(0.3))","(nan, 0, 0, nan)","(nan, 0, 0, nan)",100.0,200.0,100.0,400.0
