DNg100,DNb08,DNa02,DNg97,DNp09,score,speed_mm_s,height_mm,stepping_legs
0,0,0,0,0,nan,nan,nan,-1
400,100,100,100,0,nan,nan,nan,-1
800,0,0,0,0,0.96,0.96,0.663,2
400,0,0,0,0,nan,nan,nan,-1
0,0,0,0,400,-0.354,-0.354,1.094,2
400.0,0.0,400.0,0.0,0.0,-0.435,-0.435,1.421,2
0.0,400.0,0.0,800.0,800.0,nan,nan,nan,-1
400.0,400.0,800.0,200.0,0.0,1.233,1.233,1.261,2
200.0,0.0,0.0,800.0,0.0,1.055,1.055,0.751,1
400.0,800.0,800.0,0.0,0.0,-1.762,0.238,0.575,1
400.0,200.0,0.0,0.0,0.0,-0.043,-0.043,1.318,1
800.0,400.0,0.0,400.0,200.0,0.297,0.297,0.893,3
200.0,0.0,0.0,800.0,0.0,1.055,1.055,0.751,1
400.0,0.0,800.0,0.0,400.0,-0.518,-0.518,1.035,3
400.0,0.0,800.0,200.0,200.0,0.51,0.51,1.082,3
0.0,800.0,0.0,0.0,0.0,-0.057,-0.057,1.15,2
200.0,200.0,200.0,400.0,0.0,-0.333,-0.333,1.393,1
400.0,400.0,800.0,0.0,0.0,0.25,0.25,1.087,3
0.0,0.0,0.0,0.0,800.0,0.504,0.504,0.613,2
400.0,400.0,200.0,800.0,800.0,0.457,0.457,1.303,2
800.0,400.0,200.0,800.0,800.0,-0.087,-0.087,0.908,0
0.0,400.0,800.0,400.0,0.0,-0.108,-0.108,1.372,3
800.0,0.0,800.0,0.0,400.0,1.088,1.088,0.666,2
0.0,200.0,0.0,800.0,400.0,-0.13,-0.13,1.399,2
0.0,0.0,400.0,0.0,0.0,-0.07,-0.07,1.105,2
800.0,400.0,400.0,0.0,800.0,0.924,0.824,0.845,4
800.0,0.0,0.0,400.0,200.0,0.54,0.54,1.026,2
200.0,200.0,400.0,0.0,0.0,-0.523,-0.523,1.405,2
0.0,400.0,800.0,800.0,0.0,1.15,1.15,1.021,3
400.0,200.0,0.0,0.0,400.0,0.963,0.963,1.021,3
200.0,0.0,400.0,200.0,0.0,nan,nan,nan,-1
800.0,0.0,800.0,0.0,0.0,1.056,1.056,0.704,2
200.0,0.0,0.0,800.0,400.0,nan,nan,nan,-1
400.0,0.0,200.0,800.0,400.0,1.126,1.126,0.833,2
400.0,0.0,200.0,0.0,800.0,0.745,0.745,0.92,2
0.0,0.0,0.0,0.0,400.0,-0.354,-0.354,1.094,2
0.0,800.0,400.0,800.0,0.0,0.559,0.559,0.664,2
0.0,800.0,0.0,0.0,200.0,-0.188,-0.188,1.177,2
200.0,800.0,200.0,0.0,0.0,0.403,0.403,0.814,2
400.0,0.0,800.0,800.0,400.0,0.157,0.157,1.094,2
800.0,0.0,800.0,400.0,400.0,1.22,1.22,0.711,2
400.0,800.0,200.0,200.0,200.0,0.079,0.079,0.714,3
