DNg100,DNb08,DNa02,DNg97,score,tripod,f_median,lf,lm,lh,rf,rm,rh
400,50,50,50,0.079,0.0,4.2,"(np.float64(8.3), np.float64(0.44), -96, np.float64(0.53))","(np.float64(4.2), np.float64(0.37), -82, np.float64(0.2))","(np.float64(3.3), np.float64(0.24), 129, np.float64(0.19))","(np.float64(4.2), np.float64(0.2), -168, np.float64(0.41))","(np.float64(5.8), np.float64(0.45), 19, np.float64(0.08))","(nan, 0, 0, nan)"
400,50,50,100,0.148,-0.17,4.2,"(np.float64(8.3), np.float64(0.74), -93, np.float64(0.52))","(np.float64(8.3), np.float64(0.65), 76, np.float64(0.42))","(np.float64(4.2), np.float64(0.25), 83, np.float64(0.2))","(np.float64(4.2), np.float64(0.31), -157, np.float64(0.38))","(np.float64(3.3), np.float64(0.27), -36, np.float64(0.05))","(np.float64(4.2), np.float64(0.19), -106, np.float64(0.25))"
400,50,50,150,0.146,0.0,4.2,"(np.float64(8.3), np.float64(0.75), -94, np.float64(0.52))","(np.float64(4.2), np.float64(0.61), -126, np.float64(0.3))","(np.float64(8.3), np.float64(0.5), -19, np.float64(0.1))","(np.float64(4.2), np.float64(0.42), 150, np.float64(0.36))","(np.float64(3.3), np.float64(0.35), 176, np.float64(0.26))","(nan, 0, 0, nan)"
400,50,100,50,0.118,0.0,4.2,"(np.float64(8.3), np.float64(1.01), -27, np.float64(0.15))","(np.float64(4.2), np.float64(0.72), -98, np.float64(0.24))","(np.float64(3.3), np.float64(0.29), 149, np.float64(0.22))","(np.float64(4.2), np.float64(0.34), -163, np.float64(0.39))","(np.float64(4.2), np.float64(0.5), 156, np.float64(0.38))","(nan, 0, 0, nan)"
400,50,100,100,0.162,0.0,4.2,"(np.float64(4.2), np.float64(0.54), -114, np.float64(0.27))","(np.float64(4.2), np.float64(0.73), -119, np.float64(0.29))","(np.float64(4.2), np.float64(0.5), 15, np.float64(0.04))","(np.float64(4.2), np.float64(0.45), 173, np.float64(0.42))","(np.float64(4.2), np.float64(0.95), -177, np.float64(0.43))","(nan, 0, 0, nan)"
400,50,100,150,0.123,0.0,3.3,"(np.float64(8.3), np.float64(0.9), -83, np.float64(0.46))","(np.float64(4.2), np.float64(0.56), -125, np.float64(0.3))","(np.float64(3.3), np.float64(0.26), 32, np.float64(0.05))","(np.float64(3.3), np.float64(0.36), -155, np.float64(0.23))","(np.float64(3.3), np.float64(0.43), -88, np.float64(0.13))","(nan, 0, 0, nan)"
400,50,150,50,0.168,0.0,4.2,"(np.float64(4.2), np.float64(1.19), -169, np.float64(0.41))","(np.float64(4.2), np.float64(1.06), -104, np.float64(0.25))","(np.float64(8.3), np.float64(0.58), -44, np.float64(0.24))","(np.float64(4.2), np.float64(0.37), -174, np.float64(0.42))","(np.float64(3.3), np.float64(0.24), 155, np.float64(0.23))","(nan, 0, 0, nan)"
400,50,150,100,0.157,0.13,4.2,"(np.float64(4.2), np.float64(0.5), -77, np.float64(0.19))","(np.float64(4.2), np.float64(0.2), -51, np.float64(0.12))","(np.float64(4.2), np.float64(0.21), 143, np.float64(0.35))","(np.float64(5.0), np.float64(0.25), -149, np.float64(0.5))","(np.float64(3.3), np.float64(0.38), 154, np.float64(0.23))","(np.float64(3.3), np.float64(0.59), 169, np.float64(0.25))"
400,50,150,150,0.154,-0.11,4.2,"(np.float64(3.3), np.float64(0.51), -154, np.float64(0.23))","(np.float64(3.3), np.float64(0.62), -134, np.float64(0.2))","(np.float64(5.0), np.float64(0.49), 155, np.float64(0.52))","(np.float64(4.2), np.float64(0.53), 173, np.float64(0.42))","(np.float64(4.2), np.float64(0.56), 85, np.float64(0.2))","(np.float64(3.3), np.float64(0.44), 144, np.float64(0.21))"
400,100,50,50,0.213,0.0,8.3,"(np.float64(8.3), np.float64(0.88), -91, np.float64(0.51))","(np.float64(8.3), np.float64(0.63), -161, np.float64(0.9))","(np.float64(8.3), np.float64(0.83), -30, np.float64(0.16))","(np.float64(4.2), np.float64(0.22), -162, np.float64(0.39))","(nan, 0, 0, nan)","(np.float64(3.3), np.float64(0.38), 74, np.float64(0.11))"
400,100,50,100,0.162,0.01,4.2,"(np.float64(9.2), np.float64(0.55), -83, np.float64(0.46))","(np.float64(4.2), np.float64(0.76), -163, np.float64(0.39))","(np.float64(4.2), np.float64(0.47), 44, np.float64(0.1))","(np.float64(4.2), np.float64(0.36), 160, np.float64(0.39))","(np.float64(4.2), np.float64(0.45), 81, np.float64(0.2))","(np.float64(4.2), np.float64(0.42), 124, np.float64(0.3))"
400,100,50,150,0.068,0.0,3.3,"(np.float64(9.2), np.float64(0.49), -63, np.float64(0.35))","(np.float64(3.3), np.float64(0.25), -124, np.float64(0.18))","(np.float64(3.3), np.float64(0.19), 119, np.float64(0.18))","(np.float64(8.3), np.float64(0.1), -82, np.float64(0.45))","(nan, 0, 0, nan)","(np.float64(3.3), np.float64(0.42), 180, np.float64(0.27))"
400,100,100,50,0.128,0.0,4.2,"(np.float64(4.2), np.float64(0.4), -174, np.float64(0.42))","(np.float64(4.2), np.float64(0.95), -122, np.float64(0.29))","(np.float64(4.2), np.float64(0.17), -13, np.float64(0.03))","(np.float64(4.2), np.float64(0.4), -173, np.float64(0.42))","(nan, 0, 0, nan)","(np.float64(3.3), np.float64(0.78), 128, np.float64(0.19))"
400,100,100,100,0.286,-0.2,4.2,"(np.float64(8.3), np.float64(0.92), -98, np.float64(0.54))","(np.float64(4.2), np.float64(0.93), -178, np.float64(0.43))","(np.float64(4.2), np.float64(0.7), 44, np.float64(0.11))","(np.float64(4.2), np.float64(0.76), 160, np.float64(0.38))","(np.float64(4.2), np.float64(0.64), 168, np.float64(0.41))","(np.float64(4.2), np.float64(0.46), 172, np.float64(0.41))"
400,100,100,150,0.235,0.07,4.2,"(np.float64(8.3), np.float64(0.78), -124, np.float64(0.69))","(np.float64(3.3), np.float64(0.65), -113, np.float64(0.17))","(np.float64(4.2), np.float64(0.28), 71, np.float64(0.17))","(np.float64(4.2), np.float64(0.4), -136, np.float64(0.33))","(np.float64(4.2), np.float64(0.34), 131, np.float64(0.32))","(np.float64(5.0), np.float64(0.51), 158, np.float64(0.53))"
400,100,150,50,0.12,0.0,4.2,"(np.float64(8.3), np.float64(0.76), -79, np.float64(0.44))","(np.float64(3.3), np.float64(0.06), 114, np.float64(0.17))","(np.float64(4.2), np.float64(0.52), 125, np.float64(0.3))","(np.float64(4.2), np.float64(0.23), -158, np.float64(0.38))","(nan, 0, 0, nan)","(np.float64(4.2), np.float64(0.37), 145, np.float64(0.35))"
400,100,150,100,0.095,0.0,5.0,"(np.float64(10.0), np.float64(0.54), -60, np.float64(0.33))","(np.float64(3.3), np.float64(0.25), -99, np.float64(0.15))","(np.float64(5.0), np.float64(0.34), 110, np.float64(0.37))","(np.float64(10.0), np.float64(0.07), -90, np.float64(0.5))","(nan, 0, 0, nan)","(np.float64(4.2), np.float64(0.53), 151, np.float64(0.36))"
400,100,150,150,0.118,0.0,5.0,"(np.float64(10.0), np.float64(0.75), -63, np.float64(0.35))","(np.float64(3.3), np.float64(0.16), -102, np.float64(0.15))","(np.float64(5.0), np.float64(0.4), 174, np.float64(0.58))","(np.float64(5.0), np.float64(0.15), -179, np.float64(0.6))","(nan, 0, 0, nan)","(np.float64(5.0), np.float64(0.18), -169, np.float64(0.56))"
400,150,50,50,0.115,0.0,5.0,"(np.float64(7.5), np.float64(0.25), -20, np.float64(0.11))","(np.float64(3.3), np.float64(0.74), 131, np.float64(0.19))","(np.float64(3.3), np.float64(0.27), 144, np.float64(0.21))","(np.float64(7.5), np.float64(0.43), -168, np.float64(0.93))","(nan, 0, 0, nan)","(np.float64(5.0), np.float64(0.51), -36, np.float64(0.12))"
400,150,50,100,0.255,0.0,4.2,"(np.float64(8.3), np.float64(0.97), -164, np.float64(0.91))","(np.float64(4.2), np.float64(0.68), -37, np.float64(0.09))","(np.float64(3.3), np.float64(0.26), 81, np.float64(0.12))","(np.float64(8.3), np.float64(0.31), -158, np.float64(0.88))","(nan, 0, 0, nan)","(np.float64(4.2), np.float64(0.8), -147, np.float64(0.35))"
400,150,50,150,0.148,0.0,4.2,"(np.float64(8.3), np.float64(0.8), -140, np.float64(0.78))","(np.float64(4.2), np.float64(0.2), 169, np.float64(0.41))","(np.float64(4.2), np.float64(0.03), -171, np.float64(0.41))","(np.float64(4.2), np.float64(0.24), -161, np.float64(0.39))","(nan, 0, 0, nan)","(np.float64(4.2), np.float64(0.29), -106, np.float64(0.26))"
400,150,100,50,0.159,0.0,4.2,"(np.float64(9.2), np.float64(0.69), -97, np.float64(0.54))","(np.float64(5.0), np.float64(0.27), 57, np.float64(0.19))","(np.float64(4.2), np.float64(0.39), 107, np.float64(0.26))","(np.float64(4.2), np.float64(0.39), -169, np.float64(0.41))","(nan, 0, 0, nan)","(np.float64(4.2), np.float64(0.73), -151, np.float64(0.37))"
400,150,100,100,0.128,0.0,4.2,"(np.float64(9.2), np.float64(0.74), -134, np.float64(0.74))","(np.float64(5.0), np.float64(0.23), 72, np.float64(0.24))","(np.float64(4.2), np.float64(0.16), -130, np.float64(0.31))","(np.float64(4.2), np.float64(0.17), -165, np.float64(0.4))","(nan, 0, 0, nan)","(np.float64(3.3), np.float64(0.31), 102, np.float64(0.15))"
400,150,100,150,0.077,0.0,6.7,"(nan, 0, 0, nan)","(nan, 0, 0, nan)","(np.float64(5.0), np.float64(0.39), -163, np.float64(0.54))","(np.float64(10.8), np.float64(0.18), -31, np.float64(0.17))","(nan, 0, 0, nan)","(np.float64(6.7), np.float64(0.41), 103, np.float64(0.53))"
400,150,150,50,0.19,0.0,6.7,"(np.float64(8.3), np.float64(0.87), -124, np.float64(0.69))","(np.float64(4.2), np.float64(0.65), 168, np.float64(0.41))","(np.float64(4.2), np.float64(0.11), 79, np.float64(0.19))","(np.float64(8.3), np.float64(0.26), -170, np.float64(0.95))","(nan, 0, 0, nan)","(np.float64(6.7), np.float64(0.06), -23, np.float64(0.12))"
400,150,150,100,0.15,0.0,5.0,"(np.float64(9.2), np.float64(0.74), -123, np.float64(0.69))","(np.float64(5.0), np.float64(0.35), 84, np.float64(0.28))","(np.float64(5.0), np.float64(0.22), 112, np.float64(0.37))","(np.float64(5.0), np.float64(0.18), -140, np.float64(0.47))","(nan, 0, 0, nan)","(np.float64(3.3), np.float64(0.6), 143, np.float64(0.21))"
400,150,150,150,0.041,0.0,10.8,"(nan, 0, 0, nan)","(nan, 0, 0, nan)","(np.float64(5.0), np.float64(0.36), -125, np.float64(0.42))","(np.float64(10.8), np.float64(0.17), -17, np.float64(0.1))","(nan, 0, 0, nan)","(np.float64(10.8), np.float64(0.12), -119, np.float64(0.66))"
600,50,50,50,0.129,0.0,4.2,"(np.float64(7.5), np.float64(0.93), -74, np.float64(0.41))","(np.float64(3.3), np.float64(0.66), 44, np.float64(0.06))","(np.float64(4.2), np.float64(0.33), 68, np.float64(0.16))","(np.float64(7.5), np.float64(0.2), 163, np.float64(0.91))","(nan, 0, 0, nan)","(np.float64(4.2), np.float64(0.38), 126, np.float64(0.3))"
600,50,50,100,0.079,0.0,4.2,"(np.float64(4.2), np.float64(0.64), -129, np.float64(0.31))","(np.float64(4.2), np.float64(0.78), -64, np.float64(0.15))","(np.float64(4.2), np.float64(0.36), 34, np.float64(0.08))","(np.float64(7.5), np.float64(0.19), -122, np.float64(0.68))","(nan, 0, 0, nan)","(np.float64(4.2), np.float64(0.03), -6, np.float64(0.01))"
600,50,50,150,0.166,0.05,4.2,"(np.float64(4.2), np.float64(0.69), -133, np.float64(0.32))","(np.float64(4.2), np.float64(0.86), -74, np.float64(0.18))","(np.float64(4.2), np.float64(0.25), 73, np.float64(0.18))","(np.float64(7.5), np.float64(0.21), -138, np.float64(0.76))","(np.float64(4.2), np.float64(0.53), -161, np.float64(0.39))","(np.float64(3.3), np.float64(0.37), 139, np.float64(0.21))"
600,50,100,50,0.137,0.0,4.2,"(np.float64(4.2), np.float64(1.05), 162, np.float64(0.39))","(np.float64(4.2), np.float64(0.96), -51, np.float64(0.12))","(np.float64(4.2), np.float64(0.44), 61, np.float64(0.15))","(np.float64(4.2), np.float64(0.61), -104, np.float64(0.25))","(nan, 0, 0, nan)","(np.float64(4.2), np.float64(0.36), 106, np.float64(0.26))"
600,50,100,100,0.083,0.0,4.2,"(np.float64(8.3), np.float64(0.44), 14, np.float64(0.08))","(np.float64(4.2), np.float64(0.79), -99, np.float64(0.24))","(np.float64(4.2), np.float64(0.34), 103, np.float64(0.25))","(np.float64(4.2), np.float64(0.55), -128, np.float64(0.31))","(nan, 0, 0, nan)","(np.float64(4.2), np.float64(0.09), -94, np.float64(0.23))"
600,50,100,150,0.086,0.03,4.2,"(np.float64(4.2), np.float64(0.46), -100, np.float64(0.24))","(np.float64(4.2), np.float64(0.8), -105, np.float64(0.25))","(np.float64(3.3), np.float64(0.38), 23, np.float64(0.03))","(np.float64(7.5), np.float64(0.18), -64, np.float64(0.36))","(np.float64(3.3), np.float64(0.12), -65, np.float64(0.1))","(np.float64(3.3), np.float64(0.09), 75, np.float64(0.11))"
600,50,150,50,0.097,0.0,4.2,"(np.float64(4.2), np.float64(0.67), 177, np.float64(0.43))","(np.float64(4.2), np.float64(0.44), -80, np.float64(0.19))","(np.float64(3.3), np.float64(0.24), 101, np.float64(0.15))","(np.float64(4.2), np.float64(0.51), -129, np.float64(0.31))","(nan, 0, 0, nan)","(np.float64(4.2), np.float64(0.12), 69, np.float64(0.17))"
600,50,150,100,0.104,0.0,4.2,"(np.float64(4.2), np.float64(0.89), 165, np.float64(0.4))","(np.float64(4.2), np.float64(0.49), -81, np.float64(0.19))","(np.float64(3.3), np.float64(0.33), 62, np.float64(0.09))","(np.float64(4.2), np.float64(0.5), -113, np.float64(0.27))","(nan, 0, 0, nan)","(np.float64(4.2), np.float64(0.21), 19, np.float64(0.05))"
600,50,150,150,0.083,0.0,4.2,"(np.float64(4.2), np.float64(0.59), -128, np.float64(0.31))","(np.float64(4.2), np.float64(0.76), -118, np.float64(0.28))","(np.float64(6.7), np.float64(0.08), 96, np.float64(0.5))","(np.float64(9.2), np.float64(0.12), -24, np.float64(0.13))","(nan, 0, 0, nan)","(np.float64(3.3), np.float64(0.37), 82, np.float64(0.12))"
600,100,50,50,0.167,0.0,7.5,"(np.float64(7.5), np.float64(1.05), -65, np.float64(0.36))","(np.float64(7.5), np.float64(0.53), -88, np.float64(0.49))","(nan, 0, 0, nan)","(np.float64(7.5), np.float64(0.39), 174, np.float64(0.97))","(nan, 0, 0, nan)","(np.float64(4.2), np.float64(0.05), -85, np.float64(0.2))"
600,100,50,100,0.265,0.33,4.2,"(np.float64(4.2), np.float64(0.7), -102, np.float64(0.25))","(np.float64(4.2), np.float64(0.46), -128, np.float64(0.31))","(np.float64(4.2), np.float64(0.28), 75, np.float64(0.18))","(np.float64(8.3), np.float64(0.15), -169, np.float64(0.94))","(np.float64(3.3), np.float64(0.29), 113, np.float64(0.17))","(np.float64(4.2), np.float64(0.17), -116, np.float64(0.28))"
600,100,50,150,0.143,-0.14,4.2,"(np.float64(8.3), np.float64(0.47), -105, np.float64(0.58))","(np.float64(4.2), np.float64(0.8), -133, np.float64(0.32))","(np.float64(3.3), np.float64(0.29), -98, np.float64(0.14))","(np.float64(4.2), np.float64(0.47), -171, np.float64(0.41))","(np.float64(3.3), np.float64(0.31), -108, np.float64(0.16))","(np.float64(3.3), np.float64(0.25), 95, np.float64(0.14))"
600,100,100,50,0.08,0.0,4.2,"(np.float64(4.2), np.float64(0.64), 155, np.float64(0.37))","(np.float64(4.2), np.float64(0.56), -77, np.float64(0.18))","(np.float64(4.2), np.float64(0.38), 75, np.float64(0.18))","(np.float64(3.3), np.float64(0.25), -155, np.float64(0.23))","(nan, 0, 0, nan)","(np.float64(4.2), np.float64(0.03), -130, np.float64(0.31))"
