idx,type,sc,Connectivity,Excitatory x Connectivity
57,AN_GNG_SAD_13,ascending,13,13
57,AN_GNG_SAD_13,ascending,10,10
124,CB3861,central,2,-2
125,WED013,central,1,-1
137,PS202,central,8,8
137,PS202,central,2,2
145,SMP461,central,8,8
158,CL253,central,1,-1
175,LC6,visual_projection,1,1
295,AVLP541a,central,2,-2
322,AN_multi_54,ascending,2,2
328,PLP018,central,10,-10
373,CL293,central,7,7
389,AVLP541a,central,12,-12
389,AVLP541a,central,4,-4
463,CB0125,central,3,3
472,AVLP016,central,16,-16
472,AVLP016,central,7,-7
473,AN_GNG_AVLP_1,ascending,1,1
480,SMP461,central,1,1
509,AOTU062,central,1,-1
589,LC6,visual_projection,1,1
643,CB3660,central,14,-14
643,CB3660,central,1,-1
670,CB0593,central,3,3
670,CB0593,central,4,4
676,CB0626,central,4,-4
676,CB0626,central,2,-2
733,CL269,central,10,10
733,CL269,central,3,3
750,AVLP082,central,1,-1
886,CB3899,central,9,-9
893,CB0170,central,1,1
916,CL004,central,4,-4
916,CL004,central,6,-6
919,CB1552,central,3,3
919,CB1552,central,4,4
955,AVLP521,central,1,1
993,CB1017,central,1,1
1007,CB1447,central,3,-3
1027,AN_AVLP_GNG_9,ascending,13,13
1060,CB0351,central,1,1
1115,CB2248,central,5,5
1115,CB2248,central,6,6
1133,DNp04,descending,1,1
1293,AVLP182,central,1,1
1328,AVLP451a,central,4,4
1328,AVLP451a,central,12,12
1704,SMP572,central,1,1
1768,CB2330,central,3,3
1914,CL065,central,2,2
1914,CL065,central,1,1
1916,SMP159,central,1,-1
1916,SMP159,central,1,-1
1928,CB2260,central,3,-3
1991,CL122_a,central,1,-1
1991,CL122_a,central,1,-1
2055,"AVLP037,AVLP038",central,1,1
2094,DNpe040,descending,11,11
2094,DNpe040,descending,10,10
2098,PVLP028,central,2,-2
2108,AN_AVLP_1,ascending,4,4
2111,AN_multi_75,ascending,1,-1
2111,AN_multi_75,ascending,1,-1
2126,CB1714,central,7,-7
2150,CB0363,central,2,-2
2306,LPLC2,visual_projection,1,1
2482,AN_multi_101,ascending,1,1
2647,CB2488,central,1,1
2647,CB2488,central,4,4
2692,CB1833,central,1,-1
2807,CL108,central,22,22
2807,CL108,central,22,22
2860,AVLP076,central,11,-11
2860,AVLP076,central,3,-3
2955,CB0563,central,43,-43
2955,CB0563,central,19,-19
3138,CB3243,central,1,1
3138,CB3243,central,1,1
3362,LCe04,visual_projection,2,2
3457,AVLP342,central,3,3
3534,CB1552,central,2,2
3534,CB1552,central,6,6
3548,CB3000,central,2,2
3548,CB3000,central,1,1
3589,CB1657,central,5,-5
3589,CB1657,central,7,-7
3599,PVLP123a,central,1,1
3623,AN_AVLP_PVLP_1,ascending,1,1
3639,LC6,visual_projection,1,1
3674,CL348,central,5,-5
3674,CL348,central,7,-7
3682,CB1523,central,1,-1
3687,PVLP124,central,15,15
3687,PVLP124,central,6,6
3735,AVLP096,central,4,-4
3773,LT66,visual_projection,1,1
3834,CB3899,central,1,-1
3843,CB2207,central,3,3
3987,AVLP433_a,central,1,1
4054,CB3983,central,2,2
4084,SMP055,central,1,-1
4531,LC9,visual_projection,1,1
4570,CB0459,central,1,-1
4609,AN_GNG_SAD_28,ascending,1,1
4643,AN_GNG_183,ascending,1,1
4700,LC6,visual_projection,1,1
4723,LC6,visual_projection,7,7
4776,"CL123,CRE061",central,3,3
4798,SMPp&v1A_H01,central,1,-1
4867,PVLP128,central,1,1
4876,CL022,central,1,1
4887,AN_AVLP_GNG_7,ascending,1,-1
5087,LC31b,visual_projection,1,1
5138,LC9,visual_projection,3,3
5197,CB1439,central,1,-1
5224,aMe5,visual_projection,1,1
5226,CB2604,central,2,-2
5231,CL078a,central,2,-2
5231,CL078a,central,1,-1
5263,AN_AVLP_PVLP_9,ascending,4,4
5280,CB1995,central,1,1
5353,LAL053,central,1,-1
5490,CL062_b,central,1,1
5491,CL323a,central,1,1
5532,CB0309,central,2,-2
5536,PVLP122b,central,27,27
5536,PVLP122b,central,15,15
5543,OCC01a,visual_centrifugal,1,1
5662,SMP055,central,2,-2
5662,SMP055,central,1,-1
5679,CL122_a,central,1,-1
5679,CL122_a,central,3,-3
5757,SLP227,central,3,3
5786,CL178,central,15,-15
5886,PVLP128,central,1,1
5972,CB0456,central,4,-4
6001,CL266_b,central,9,9
6001,CL266_b,central,25,25
6128,AVLP080,central,1,-1
6225,AVLP155,central,2,2
6225,AVLP155,central,2,2
6322,CB3595,central,22,-22
6322,CB3595,central,17,-17
6401,CL176,central,1,-1
6402,PLP142,central,1,-1
6426,CB3404,central,2,2
6567,AN_multi_98,ascending,2,2
6573,CB1721,central,1,1
6745,AN_GNG_118,ascending,1,1
6798,AVLP059,central,7,-7
6798,AVLP059,central,9,-9
6870,CL120b,central,1,-1
6871,SMP446b,central,4,-4
6888,CL104,central,12,12
6888,CL104,central,8,8
6931,CB0568,central,4,-4
6931,CB0568,central,2,-2
6983,CB3983,central,2,2
7015,PLP007,central,1,-1
7019,AVLP178,central,4,4
7019,AVLP178,central,2,2
7093,CB1319,central,5,-5
7093,CB1319,central,5,-5
7201,"PVLP004,PVLP005",central,5,-5
7201,"PVLP004,PVLP005",central,1,-1
7351,SLP227,central,2,2
7351,SLP227,central,3,3
7400,CB3402,central,3,3
7400,CB3402,central,2,2
7413,CB0538,central,9,-9
7413,CB0538,central,8,-8
7489,LC9,visual_projection,1,1
7489,LC9,visual_projection,1,1
7602,LCe04,visual_projection,3,3
7636,CB2027,central,1,-1
7987,OA-ASM3,central,1,1
8039,LC6,visual_projection,1,1
8045,CL208,central,8,8
8067,CB3977,central,4,4
8067,CB3977,central,33,33
8277,LC6,visual_projection,3,3
8277,LC6,visual_projection,1,1
8278,CL237,central,1,1
8337,AVLP176_c,central,13,13
8337,AVLP176_c,central,12,12
8395,CB3313,central,1,1
8395,CB3313,central,1,1
8404,LC9,visual_projection,2,2
8443,PVLP133,central,1,1
8469,AVLP579,central,1,1
8498,CB3707,central,12,-12
8498,CB3707,central,16,-16
8601,AN_AVLP_20,ascending,2,2
8601,AN_AVLP_20,ascending,1,1
8622,CL120a,central,1,-1
8641,CB3521,central,1,1
8642,CB1256,central,1,1
8789,CB3589,central,7,7
8836,CB1236,central,27,27
8836,CB1236,central,14,14
8903,CB3001,central,2,2
8903,CB3001,central,6,6
8906,CB2207,central,1,1
9005,AVLP096,central,1,-1
9012,SIP200f,central,1,1
9026,PS005,central,3,-3
9093,CB0931,central,1,-1
9101,CB1108,central,22,22
9101,CB1108,central,10,10
9109,CL078b,central,1,1
9138,LCe04,visual_projection,4,4
9138,LCe04,visual_projection,6,6
9205,CL313,central,3,3
9205,CL313,central,4,4
9235,DNp23,descending,1,1
9266,AVLP176_c,central,16,16
9266,AVLP176_c,central,23,23
9269,CL210_a,central,3,3
9269,CL210_a,central,1,1
9312,CB2660,central,5,5
9312,CB2660,central,12,12
9313,DNp103,descending,1,1
9343,SMP158,central,4,4
9343,SMP158,central,10,10
9382,SMP339,central,1,1
9455,AVLP001,central,1,-1
9497,CB0027,central,1,-1
9506,AN_multi_56,ascending,1,1
9511,AN_GNG_39,ascending,2,-2
9567,AN_multi_11,ascending,1,-1
9783,PS181,central,1,1
9820,CL261b,central,1,1
9880,CB3683,central,3,3
9913,CB0538,central,21,-21
9956,LCe04,visual_projection,1,1
10080,SLP056,central,1,-1
10086,LCe04,visual_projection,1,1
10094,AN_AVLP_20,ascending,7,7
10179,CL118,central,10,-10
10179,CL118,central,6,-6
10183,PPM1201,central,2,2
10213,CL114,central,2,-2
10228,AVLP435b,central,1,1
10268,CL270a,central,4,4
10270,"PVLP004,PVLP005",central,7,-7
10291,VES070,central,1,1
10358,CL121_a,central,9,-9
10358,CL121_a,central,16,-16
10386,CB3000,central,1,1
10392,LC31a,visual_projection,8,8
10399,CB3466,central,4,4
10399,CB3466,central,23,23
10493,LT60,visual_projection,2,2
10522,CL104,central,8,8
10522,CL104,central,6,6
10573,LC37,visual_projection,2,-2
10636,AVLP251,central,6,-6
10680,CB0890,central,3,-3
10680,CB0890,central,1,-1
10705,CL121_a,central,11,-11
10705,CL121_a,central,5,-5
10735,CB2386,central,8,8
10735,CB2386,central,5,5
10786,CB3000,central,2,2
10867,CB1534,central,3,3
10867,CB1534,central,1,1
10870,CL266_b,central,4,4
10870,CL266_b,central,17,17
10878,CB3402,central,1,1
10930,CB1259,central,4,4
10972,CL029b,central,2,-2
11074,MBON20,central,4,-4
11074,MBON20,central,6,-6
11095,LPLC2,visual_projection,1,1
11143,AN_GNG_185,ascending,1,1
11163,CL266_a,central,19,19
11163,CL266_a,central,4,4
11261,AVLP451c,central,2,2
11506,CL210_a,central,2,2
11524,LC6,visual_projection,2,2
11533,AVLP121,central,10,10
11533,AVLP121,central,16,16
11576,AVLP522,central,1,1
11576,AVLP522,central,7,7
11682,"AVLP417,AVLP438",central,1,1
11691,LC6,visual_projection,1,1
11744,PVLP122b,central,13,13
11744,PVLP122b,central,35,35
11754,AVLP186,central,5,5
11754,AVLP186,central,2,2
11814,AVLP040,central,2,2
11814,AVLP040,central,5,5
11917,VESa2_H02,central,4,-4
11917,VESa2_H02,central,1,-1
11969,CL266_a,central,5,5
11977,CL071b,central,1,1
11977,CL071b,central,3,3
11984,CB1657,central,6,-6
11984,CB1657,central,5,-5
12097,DNa11,descending,1,1
12123,CL248,central,1,-1
12123,CL248,central,3,-3
12195,cL16,visual_centrifugal,2,2
12212,AN_GNG_117,ascending,1,1
12239,AVLP176_c,central,16,16
12239,AVLP176_c,central,16,16
12391,CB1888,central,1,1
12417,CB1842,central,2,2
12417,CB1842,central,21,21
12509,CB3899,central,1,-1
12528,PVLP008,central,1,-1
12568,LC31a,visual_projection,1,1
12619,AVLP040,central,2,2
12619,AVLP040,central,4,4
12635,CB2514,central,5,5
12639,CL333,central,1,1
12639,CL333,central,1,1
12776,PS146,central,1,-1
12822,AMMC-A1,central,1,1
12851,CB0924,central,6,6
12851,CB0924,central,16,16
12894,CB1236,central,13,13
12894,CB1236,central,14,14
13066,CB1764,central,3,3
13066,CB1764,central,2,2
13069,CL271,central,3,3
13079,SMP055,central,3,-3
13079,SMP055,central,2,-2
13137,PS260,central,2,2
13205,LCe04,visual_projection,2,2
13205,LCe04,visual_projection,1,1
13211,LC6,visual_projection,1,1
13225,CB3861,central,2,-2
13305,CB3277,central,7,7
13305,CB3277,central,4,4
13386,AVLP523,central,2,2
13427,LC9,visual_projection,2,2
13427,LC9,visual_projection,2,2
13431,LC6,visual_projection,1,1
13481,IB007,central,1,-1
13536,AVLP079,central,2,-2
13636,AVLP161,central,2,2
13680,"AVLP190,AVLP191",central,2,2
13808,PLP239,central,2,2
13808,PLP239,central,5,5
13833,LC9,visual_projection,2,2
13833,LC9,visual_projection,1,1
13856,SIP020,central,3,-3
13858,SIP201f,central,1,1
13962,AVLP189_a,central,7,7
13962,AVLP189_a,central,12,12
13993,AVLP091,central,1,-1
14042,IB064,central,6,6
14042,IB064,central,7,7
14085,AN_AVLP_54,ascending,3,3
14249,DNpe045,descending,1,1
14323,PVLP020,central,2,-2
14323,PVLP020,central,2,-2
14406,CB2402,central,2,-2
14539,CB0270,central,2,2
14579,AN_multi_98,ascending,2,2
14649,PVLP151,central,10,10
14695,LC9,visual_projection,3,3
14786,CL208,central,4,4
14829,CL111,central,10,10
14829,CL111,central,6,6
14849,AVLP186,central,2,2
14849,AVLP186,central,1,1
14972,CB3660,central,3,-3
14972,CB3660,central,2,-2
14979,CB0563,central,25,-25
14979,CB0563,central,35,-35
15009,CB3595,central,12,-12
15009,CB3595,central,28,-28
15154,CL160a,central,1,1
15256,SMP469a,central,1,1
15397,VESa1_P02,central,5,-5
15453,LC31a,visual_projection,2,2
15463,CL361,central,2,2
15463,CL361,central,1,1
15578,CL073,central,5,5
15578,CL073,central,3,3
15582,SMP092,central,1,-1
15696,CB0526,central,1,-1
15714,MTe40,visual_projection,8,8
15787,LC9,visual_projection,1,1
15868,CB2260,central,1,-1
15920,CB1498,central,2,2
15920,CB1498,central,4,4
16130,CB3143,central,2,-2
16150,CL096,central,7,7
16151,CB2458,central,1,1
16151,CB2458,central,1,1
16223,LC6,visual_projection,2,2
16223,LC6,visual_projection,2,2
16287,LHAD2c1,central,1,1
16485,LPLC2,visual_projection,1,1
16503,CL201,central,2,2
16503,CL201,central,1,1
16580,CB1758,central,1,1
16581,AN_GNG_39,ascending,1,-1
16705,AVLP369,central,22,22
16705,AVLP369,central,9,9
16776,CB0924,central,6,6
16776,CB0924,central,5,5
16937,AVLP369,central,13,13
16937,AVLP369,central,5,5
16998,CL267,central,8,8
16998,CL267,central,14,14
17268,CB1657,central,8,-8
17268,CB1657,central,8,-8
17281,WED060,central,2,2
17363,CL323b,central,1,1
17385,SMP068,central,16,-16
17385,SMP068,central,26,-26
17428,LT62,visual_projection,1,1
17428,LT62,visual_projection,3,3
17486,CL094,central,1,1
17510,LC9,visual_projection,1,1
17615,CB3660,central,2,-2
17615,CB3660,central,4,-4
17779,CL290,central,3,3
17847,cL16,visual_centrifugal,2,2
17995,CB3932,central,1,1
18003,CB1934,central,3,3
18003,CB1934,central,4,4
18219,CL078b,central,2,2
18457,CL092,central,50,50
18457,CL092,central,18,18
18594,LPLC2,visual_projection,1,1
18616,CB2313,central,1,1
18723,VES045,central,13,-13
18723,VES045,central,1,-1
18727,AVLP577,central,1,1
18758,AVLP444,central,6,6
18758,AVLP444,central,8,8
18878,CB1109,central,4,4
18892,AVLP476,central,1,1
18892,AVLP476,central,1,1
18929,AN_GNG_109,ascending,2,-2
18989,AN_multi_63,ascending,2,2
19014,LCe04,visual_projection,2,2
19017,AVLP187,central,4,4
19092,CL109,central,3,3
19092,CL109,central,1,1
19115,LCe04,visual_projection,3,3
19244,CB2660,central,22,22
19244,CB2660,central,21,21
19503,AVLP030,central,2,-2
19533,CB2343,central,1,-1
19611,AVLP442,central,63,63
19611,AVLP442,central,116,116
19695,LC6,visual_projection,1,1
19726,PS185b,central,1,1
19764,CB2343,central,1,-1
19768,PVLP144,central,2,2
19838,AVLP214,central,1,1
19927,LC9,visual_projection,1,1
19964,LTe18,visual_projection,2,2
20101,CL069,central,6,6
20101,CL069,central,3,3
20169,CL063,central,1,-1
20191,CL004,central,10,-10
20191,CL004,central,4,-4
20195,AVLP164,central,2,2
20202,AVLP252,central,2,-2
20257,CL099c,central,1,1
20288,CL152,central,1,-1
20345,PLP079,central,25,-25
20411,nan,ascending,1,1
20537,PLP217,central,2,2
20540,PVLP151,central,5,5
20540,PVLP151,central,1,1
20592,LMTe01,visual_projection,2,-2
20597,CB3019,central,16,16
20597,CB3019,central,11,11
20636,CL267,central,2,2
20636,CL267,central,4,4
20652,CL212,central,1,1
20781,CL036,central,1,-1
20796,AVLP252,central,4,-4
20802,DNp59,descending,19,-19
20802,DNp59,descending,10,-10
20824,IB064,central,2,2
20824,IB064,central,2,2
20871,LC6,visual_projection,1,1
20982,CB1452,central,2,-2
21009,LC6,visual_projection,3,3
21122,CL099c,central,1,1
21136,"AVLP037,AVLP038",central,1,1
21278,cL13,visual_centrifugal,1,-1
21311,CRE004,central,1,1
21408,DNge140,descending,2,2
21423,CL310,central,4,4
21468,CL269,central,8,8
21468,CL269,central,10,10
21478,CB0495,central,2,-2
21555,LC9,visual_projection,2,2
21638,AVLP492,central,2,2
21660,CB2121,central,2,2
21671,CB1543,central,2,2
21705,SMP446a,central,1,-1
21708,AVLP591,central,7,7
21708,AVLP591,central,21,21
21750,IB065,central,14,-14
21750,IB065,central,15,-15
22001,SIP020,central,1,-1
22214,PVLP030,central,2,-2
22215,SLP033,central,1,1
22264,CB0150,central,2,-2
22306,LC9,visual_projection,1,1
22415,DNae007,descending,1,1
22439,CB3598,central,1,1
22613,DNpe042,descending,2,2
22613,DNpe042,descending,20,20
22722,LC6,visual_projection,1,1
22778,AVLP189_b,central,2,2
22895,AVLP523,central,3,3
22895,AVLP523,central,3,3
22897,VES065,central,2,2
22943,CL268,central,19,19
22943,CL268,central,20,20
23070,CL270b,central,2,2
23215,AVLP215,central,3,-3
23215,AVLP215,central,11,-11
23259,SMP543,central,5,-5
23322,CB3705,central,1,1
23391,AN_GNG_SAD_15,ascending,1,1
23533,CB1660,central,1,-1
23562,CL287,central,8,-8
23591,LC6,visual_projection,2,2
23647,CB3917,central,1,-1
23647,CB3917,central,3,-3
23679,AN_multi_98,ascending,4,4
23680,CB2982,central,1,-1
23684,CB1314,central,1,-1
23901,CB3439,central,15,-15
23901,CB3439,central,4,-4
23917,CL095,central,21,21
23917,CL095,central,25,25
24136,CB3660,central,3,-3
24136,CB3660,central,10,-10
24608,LTe63,visual_projection,2,-2
24673,DNp60,descending,3,3
24792,PVLP076,central,2,2
24849,CB2459,central,2,-2
24849,CB2459,central,5,-5
25037,CL252,central,5,-5
25037,CL252,central,4,-4
25171,AVLP180,central,1,1
25202,CB3277,central,7,7
25202,CB3277,central,2,2
25227,CB1932,central,1,1
25258,PVLP033,central,1,-1
25324,CB2119,central,17,17
25324,CB2119,central,12,12
25325,AVLP575,central,7,7
25333,CB1256,central,3,3
25432,"PVLP004,PVLP005",central,1,-1
25434,CB3366,central,2,2
25643,AVLP186,central,2,2
25643,AVLP186,central,2,2
25655,LC6,visual_projection,2,2
25776,CL116,central,2,-2
25808,CB0568,central,23,-23
25808,CB0568,central,1,-1
25813,AVLP156,central,1,1
25856,CB3323,central,3,-3
25865,LC6,visual_projection,2,2
25941,CB0930,central,1,1
25978,CB2869,central,1,-1
25987,CB2649,central,10,10
25987,CB2649,central,18,18
26114,CB1444,central,2,2
26114,CB1444,central,1,1
26339,CB1236,central,14,14
26339,CB1236,central,11,11
26360,LPLC2,visual_projection,2,2
26397,CL118,central,10,-10
26397,CL118,central,13,-13
26469,AVLP164,central,2,2
26655,LC6,visual_projection,2,2
26668,CB1444,central,3,3
26669,CB1259,central,2,2
26685,AVLP107,central,1,1
26711,DNpe026,descending,11,11
26711,DNpe026,descending,19,19
26744,CB1252,central,1,-1
26863,AMMC-A1,central,1,1
27181,VES017,central,3,3
27254,AVLP460,central,10,-10
27254,AVLP460,central,3,-3
27333,AN_multi_24,ascending,2,2
27344,CB3269,central,1,1
27478,LPLC2,visual_projection,1,1
27479,LC9,visual_projection,1,1
27582,LHAV2g2_b,central,1,1
27666,VES019,central,2,-2
27724,CB2119,central,13,13
27724,CB2119,central,17,17
27736,PVLP140,central,3,-3
27794,AVLP194_c,central,1,1
27794,AVLP194_c,central,1,1
27854,CB2453,central,9,9
27854,CB2453,central,3,3
27865,WED127,central,1,1
27876,"CL166,CL168",central,2,2
27876,"CL166,CL168",central,1,1
27900,LC6,visual_projection,3,3
27959,CL289,central,5,5
28045,AVLP451b,central,2,2
28045,AVLP451b,central,3,3
28110,LC9,visual_projection,2,2
28194,CB0738,central,1,1
28258,AVLP195,central,1,1
28258,AVLP195,central,4,4
28259,PVLP061,central,1,1
28273,"CL166,CL168",central,1,1
28319,CB1259,central,4,4
28368,AVLP078,central,2,-2
28405,CB0670,central,19,19
28405,CB0670,central,1,1
28421,CB1374,central,1,-1
28431,CB2660,central,15,15
28431,CB2660,central,19,19
28487,PLP058,central,2,2
28667,MTe08,visual_projection,1,-1
28812,LCe04,visual_projection,5,5
28812,LCe04,visual_projection,2,2
28832,DNp52,descending,1,1
28870,CB3977,central,2,2
28870,CB3977,central,4,4
28978,CL120b,central,2,-2
29074,CB1596,central,1,1
29165,LC6,visual_projection,1,1
29165,LC6,visual_projection,1,1
29373,CB3908,central,1,1
29377,CB0098,central,6,-6
29377,CB0098,central,1,-1
29379,LC6,visual_projection,1,1
29379,LC6,visual_projection,1,1
29469,WED114,central,5,5
29469,WED114,central,2,2
29470,CB2902,central,1,-1
29522,AVLP390,central,1,1
29567,CL067,central,3,3
29567,CL067,central,5,5
29592,AN_GNG_SAD_9,ascending,9,9
29598,CB2488,central,5,5
29603,CB0529,central,1,1
29603,CB0529,central,1,1
29618,PPM1203,central,1,1
29622,AVLP189_a,central,9,9
29622,AVLP189_a,central,9,9
29644,VES013,central,3,3
29662,CB3089,central,1,1
29734,PVLP062,central,5,5
29734,PVLP062,central,13,13
29783,DNpe024,descending,1,1
29939,CB0529,central,1,1
29939,CB0529,central,2,2
29949,CL252,central,3,-3
29949,CL252,central,1,-1
30036,LC6,visual_projection,1,1
30138,CB2453,central,3,3
30138,CB2453,central,8,8
30168,LCe04,visual_projection,1,1
30198,"CL123,CRE061",central,1,1
30198,"CL123,CRE061",central,4,4
30247,DNp45,descending,115,115
30249,AVLP017,central,3,-3
30250,VES010,central,1,-1
30250,VES010,central,5,-5
30270,LC9,visual_projection,3,3
30592,nan,central,5,-5
30651,AN_GNG_182,ascending,4,4
30672,AVLP216,central,1,-1
30813,AN_GNG_SAD_34,ascending,1,1
30848,LC9,visual_projection,1,1
30883,WED116,central,2,2
30883,WED116,central,6,6
30887,CB0527,central,2,-2
30962,LC9,visual_projection,2,2
30964,SAD049,central,1,1
31030,LPLC2,visual_projection,1,1
31240,"CL123,CRE061",central,1,1
31240,"CL123,CRE061",central,1,1
31284,PVLP124,central,3,3
31284,PVLP124,central,5,5
31365,SAD017,central,5,-5
31383,CL204,central,7,7
31383,CL204,central,8,8
31406,CL038,central,16,-16
31406,CL038,central,36,-36
31554,CL022,central,3,3
31606,AN_GNG_159,ascending,2,2
31730,CB3589,central,3,3
31730,CB3589,central,2,2
31790,CB2514,central,1,1
31790,CB2514,central,1,1
31823,AVLP047,central,2,2
31838,LCe04,visual_projection,1,1
31867,AVLP280,central,7,7
32079,CL266_b,central,3,3
32079,CL266_b,central,2,2
32225,LCe04,visual_projection,7,7
32225,LCe04,visual_projection,6,6
32305,AVLP507,central,2,2
32330,DNp69,descending,2,2
32365,CB2947,central,1,-1
32407,AVLP433_a,central,2,2
32456,LC9,visual_projection,1,1
32580,CB0429,central,5,5
32580,CB0429,central,3,3
32631,LC9,visual_projection,1,1
32631,LC9,visual_projection,1,1
32680,CB1543,central,16,16
32680,CB1543,central,12,12
32813,CB3321,central,1,-1
32835,"PVLP004,PVLP005",central,1,-1
32846,AVLP502,central,1,1
32865,PLP079,central,19,-19
32865,PLP079,central,2,-2
32876,CB1691,central,4,4
32876,CB1691,central,14,14
32915,CB3707,central,25,-25
32915,CB3707,central,28,-28
33014,CB1941,central,7,-7
33014,CB1941,central,5,-5
33028,CB1444,central,2,2
33028,CB1444,central,3,3
33277,CB3366,central,5,5
33647,AN_GNG_SAD_34,ascending,1,1
33652,CB1721,central,3,3
33747,IB061,central,3,3
33762,"LAL028, LAL029",central,1,1
33869,CL066,central,21,-21
33869,CL066,central,28,-28
33895,CB1684,central,1,-1
33912,CB0580,central,1,-1
33912,CB0580,central,8,-8
33942,CB2459,central,3,-3
33942,CB2459,central,3,-3
34006,CB2281,central,3,3
34021,LTe63,visual_projection,1,-1
34021,LTe63,visual_projection,1,-1
34076,CL210,central,1,1
34271,AN_AVLP_PVLP_8,ascending,1,1
34271,AN_AVLP_PVLP_8,ascending,7,7
34291,CB3707,central,37,-37
34291,CB3707,central,25,-25
34301,CB1109,central,1,1
34317,AVLP189_b,central,1,1
34317,AVLP189_b,central,1,1
34342,CB3978,central,1,-1
34351,CB1111,central,3,3
34370,CB0363,central,1,-1
34386,LAL182,central,4,4
34615,DNp70,descending,5,5
34673,AVLP498,central,165,165
34673,AVLP498,central,55,55
34706,PS185b,central,8,8
34813,AVLP082,central,1,-1
34870,CB3547,central,6,-6
34871,AOTU008c,central,1,1
34917,CB1319,central,1,-1
34926,AN_VES_GNG_4,ascending,1,-1
34941,CB1236,central,35,35
34941,CB1236,central,5,5
34952,DNp54,descending,1,-1
35130,CL150,central,9,9
35130,CL150,central,3,3
35171,LPLC2,visual_projection,1,1
35189,PLP018,central,5,-5
35437,CL121_a,central,14,-14
35437,CL121_a,central,25,-25
35471,AMMC-A1,central,2,2
35550,LC9,visual_projection,3,3
35579,CB0623,central,4,4
35760,CB0046,central,3,-3
35760,CB0046,central,1,-1
35811,5-HTPLP01,central,5,-5
35880,CB2672,central,7,7
35880,CB2672,central,12,12
35983,OA-ASM3,central,2,2
35986,LC6,visual_projection,1,1
35986,LC6,visual_projection,2,2
36307,AOTU062,central,1,-1
36409,CL071b,central,5,5
36506,PVLP069,central,1,1
36657,CB3561,central,11,11
36657,CB3561,central,2,2
36880,AVLP041,central,6,6
36949,PVLP076,central,5,5
37019,AVLP017,central,2,-2
37020,LT82a,visual_projection,1,1
37063,PVLP008,central,4,-4
37110,CB1550,central,2,2
37122,CB1672,central,8,8
37122,CB1672,central,8,8
37128,PVLP010,central,2,-2
37128,PVLP010,central,13,-13
37233,AN_multi_86,ascending,1,1
37294,AVLP149,central,2,2
37506,CL214,central,3,-3
37545,PS181,central,2,2
37556,CL203,central,3,3
37556,CL203,central,6,6
37563,DNge083,descending,11,-11
37567,DNpe042,descending,19,19
37567,DNpe042,descending,24,24
37648,MTe43,visual_projection,4,-4
37740,CB2402,central,6,-6
37740,CB2402,central,1,-1
37811,CL108,central,45,45
37811,CL108,central,21,21
37832,CB1764,central,1,1
37832,CB1764,central,5,5
37885,CB1717,central,1,1
38013,AVLP184,central,4,4
38098,LC9,visual_projection,2,2
38194,DNge119,descending,1,-1
38245,PVLP133,central,2,2
38293,LC6,visual_projection,1,1
38293,LC6,visual_projection,5,5
38545,CB2411,central,6,-6
38619,CL313,central,2,2
38619,CL313,central,4,4
38650,CB0512,central,1,1
38666,CB1934,central,5,5
38666,CB1934,central,6,6
38668,CB2330,central,2,2
38668,CB2330,central,9,9
38675,CB1255,central,1,1
38747,SLP304a,central,1,1
38762,CL289,central,7,7
38762,CL289,central,5,5
38804,VES010,central,1,-1
38826,CL236,central,2,2
38826,CL236,central,4,4
38958,AVLP263,central,19,19
38958,AVLP263,central,7,7
38975,PVLP134,central,1,1
38991,LC6,visual_projection,1,1
39011,CL022,central,1,1
39078,PVLP144,central,1,1
39116,CB0239,central,1,1
39151,CL268,central,17,17
39151,CL268,central,22,22
39406,CB1552,central,2,2
39421,CB1446,central,14,14
39421,CB1446,central,20,20
39467,CB2313,central,3,3
39603,LC9,visual_projection,1,1
39606,PVLP122b,central,25,25
39606,PVLP122b,central,42,42
39698,PS005,central,2,-2
39701,mALD3,central,1,-1
39701,mALD3,central,3,-3
39792,aMe5,visual_projection,1,1
39826,DNp02,descending,1,1
39826,DNp02,descending,1,1
39862,LT57,visual_projection,1,1
39862,LT57,visual_projection,1,1
39924,CL313,central,5,5
39924,CL313,central,3,3
40069,AVLP121,central,5,5
40069,AVLP121,central,12,12
40177,VES077,central,1,1
40177,VES077,central,1,1
40205,CB2289,central,8,8
40205,CB2289,central,29,29
40290,AN_GNG_86,ascending,1,1
40465,AVLP102,central,1,1
40537,cLLP02,visual_centrifugal,2,2
40577,PVLP093,central,1,-1
40595,CB1941,central,20,-20
40595,CB1941,central,1,-1
40623,CB1748,central,14,14
40623,CB1748,central,9,9
40831,CL270a,central,8,8
40831,CL270a,central,6,6
40871,AN_multi_33,ascending,1,-1
40879,SLP227,central,2,2
40983,CB2344,central,5,5
40983,CB2344,central,4,4
41085,AVLP195,central,5,5
41085,AVLP195,central,2,2
41263,nan,central,1,1
41263,nan,central,3,3
41296,CB2402,central,3,-3
41296,CB2402,central,2,-2
41386,LPLC2,visual_projection,1,1
41425,CL152,central,1,-1
41564,AVLP040,central,4,4
41565,"PS164,PS165",central,1,-1
41708,PVLP089,central,1,1
41839,PS187,central,1,-1
41839,PS187,central,1,-1
41881,CL002,central,4,-4
41881,CL002,central,5,-5
41883,LC31a,visual_projection,1,1
41898,CB0585,central,1,-1
41912,CL030,central,1,-1
41912,CL030,central,2,-2
41978,PVLP128,central,6,6
42146,DNp10,descending,1,1
42156,DNp30,descending,1,1
42218,aMe5,visual_projection,2,2
42232,CB2453,central,2,2
42232,CB2453,central,5,5
42233,PVLP022,central,2,-2
42233,PVLP022,central,1,-1
42243,CB1108,central,7,7
42243,CB1108,central,5,5
42361,LC6,visual_projection,1,1
42390,CB1657,central,8,-8
42390,CB1657,central,4,-4
42527,AVLP488,central,3,-3
42529,AN_AVLP_26,ascending,1,1
42816,CB3000,central,2,2
42816,CB3000,central,4,4
42830,CL094,central,1,1
42850,LPLC2,visual_projection,2,2
42852,AVLP187,central,3,3
42852,AVLP187,central,1,1
42923,PVLP017,central,1,-1
42923,PVLP017,central,6,-6
42925,CL319,central,1,1
42925,CL319,central,2,2
43070,CL263,central,11,11
43070,CL263,central,14,14
43110,pC1d,central,7,7
43110,pC1d,central,38,38
43115,CB2059,central,1,-1
43115,CB2059,central,1,-1
43127,AVLP219c,central,1,1
43127,AVLP219c,central,1,1
43140,CB2342,central,1,-1
43140,CB2342,central,3,-3
43167,DNp46,descending,2,2
43167,DNp46,descending,2,2
43207,CL323b,central,2,2
43207,CL323b,central,3,3
43228,CB1552,central,1,1
43240,AN_multi_73,ascending,1,-1
43285,AOTU062,central,3,-3
43297,nan,ascending,2,-2
43297,nan,ascending,7,-7
43318,"SMP063,SMP064",central,20,-20
43318,"SMP063,SMP064",central,3,-3
43435,LC9,visual_projection,2,2
43829,CB1140,central,1,1
43997,SAD072,central,1,-1
44034,CB3635,central,10,-10
44034,CB3635,central,1,-1
44087,CB3923,central,1,-1
44116,DNpe001,descending,3,3
44274,CB1748,central,11,11
44274,CB1748,central,5,5
44343,CL203,central,17,17
44713,CL236,central,4,4
44863,CB0376,central,1,-1
44873,LTe63,visual_projection,5,-5
44873,LTe63,visual_projection,3,-3
45049,CB3483,central,1,-1
45090,CL263,central,24,24
45090,CL263,central,13,13
45106,AN_multi_75,ascending,1,-1
45117,CB1688,central,2,2
45203,CL264,central,58,58
45203,CL264,central,5,5
45407,PLP174,central,1,1
45407,PLP174,central,1,1
45448,LC6,visual_projection,1,1
45448,LC6,visual_projection,1,1
45553,AVLP156,central,1,1
45574,CB2514,central,1,1
45639,AN_GNG_46,ascending,1,-1
45653,LTe20,visual_projection,18,18
45696,LC9,visual_projection,1,1
45933,PLP094,central,1,1
45955,PS005,central,8,-8
45955,PS005,central,1,-1
46316,CB2386,central,9,9
46316,CB2386,central,2,2
46332,CL313,central,1,1
46407,AVLP370b,central,1,1
46420,LHAV2b2a,central,1,1
46742,PVLP062,central,13,13
46742,PVLP062,central,5,5
46843,CB3466,central,10,10
46843,CB3466,central,2,2
46974,CL115,central,11,-11
46987,"SMP501,SMP502",central,1,-1
46996,AVLP159,central,2,2
47067,AVLP420_b,central,1,-1
47223,CB3683,central,6,6
47223,CB3683,central,3,3
47316,CB3606,central,2,-2
47316,CB3606,central,6,-6
47339,AVLP093,central,68,-68
47339,AVLP093,central,31,-31
47356,LC31a,visual_projection,1,1
47383,"CL123,CRE061",central,1,1
47450,CB3629,central,1,-1
47652,DNpe024,descending,3,3
47722,IB115,central,1,1
47757,AOTU062,central,1,-1
47757,AOTU062,central,3,-3
47779,LTe63,visual_projection,2,-2
47881,AVLP211,central,2,2
47881,AVLP211,central,10,10
47980,CL286,central,15,15
47980,CL286,central,15,15
48099,AVLP047,central,1,1
48180,LC6,visual_projection,2,2
48406,CL059,central,17,17
48406,CL059,central,2,2
48407,CB0352,central,1,-1
48517,CB0283,central,2,-2
48570,AN_AVLP_GNG_10,ascending,1,-1
48572,PLP067b,central,1,1
48602,CB3923,central,5,-5
48689,LT74,visual_projection,1,-1
48724,CB1714,central,6,-6
48724,CB1714,central,3,-3
48815,CB2625,central,1,1
48833,CB3323,central,7,-7
48929,AOTU061,central,2,-2
48960,CB0391,central,1,1
49196,CL313,central,1,1
49219,LC6,visual_projection,2,2
49250,mALD2,central,16,-16
49250,mALD2,central,3,-3
49367,PLP018,central,5,-5
49541,CB3243,central,3,3
49561,CL023,central,1,1
49808,CB3977,central,2,2
49808,CB3977,central,2,2
49832,mALD2,central,10,-10
49832,mALD2,central,3,-3
49869,DNpe031,descending,1,-1
49924,CB1256,central,3,3
49924,CB1256,central,2,2
50063,LC9,visual_projection,1,1
50097,CB1446,central,6,6
50097,CB1446,central,21,21
50194,CB2059,central,2,-2
50408,OA-AL2b1,visual_centrifugal,1,1
50422,CB3561,central,4,4
50424,AVLP076,central,1,-1
50424,AVLP076,central,8,-8
50472,"PVLP004,PVLP005",central,1,-1
50602,CB0456,central,2,-2
50649,CB1691,central,3,3
50660,AVLP121,central,3,3
50660,AVLP121,central,11,11
50685,SMP456,central,2,2
50685,SMP456,central,20,20
50689,CL070b,central,8,8
50689,CL070b,central,15,15
50739,AVLP532,central,1,1
50907,CL251,central,3,3
50991,LC6,visual_projection,1,1
51088,CB1498,central,1,1
51088,CB1498,central,3,3
51351,CL073,central,8,8
51412,LC31a,visual_projection,2,2
51572,CB3416,central,1,-1
51763,CB2059,central,2,-2
51883,CB1182,central,2,2
51980,PS002,central,1,-1
52007,CL215,central,5,5
52007,CL215,central,1,1
52115,CL211,central,1,1
52198,AVLP442,central,114,114
52198,AVLP442,central,63,63
52201,AVLP492,central,1,1
52201,AVLP492,central,1,1
52243,LC6,visual_projection,4,4
52265,CB3978,central,1,-1
52342,CB3381,central,1,-1
52365,PS001,central,35,-35
52365,PS001,central,18,-18
52574,AN_GNG_61,ascending,1,1
52610,LC31a,visual_projection,2,2
52689,CL004,central,2,-2
52689,CL004,central,11,-11
52706,CB2386,central,10,10
52706,CB2386,central,11,11
52754,AVLP451b,central,3,3
52791,CL267,central,6,6
52791,CL267,central,15,15
53041,SMP471,central,1,1
53132,AVLP042,central,1,1
53244,AVLP287,central,1,1
53346,LTe18,visual_projection,1,1
53402,WED114,central,1,1
53457,AstA1,central,1,-1
53485,WED029,central,1,-1
53566,CB3703,central,2,-2
53573,CB3629,central,2,-2
53582,CL001,central,9,-9
53582,CL001,central,12,-12
53734,AVLP541a,central,6,-6
53734,AVLP541a,central,14,-14
53808,"SMP544,LAL134",central,1,-1
53814,CL104,central,7,7
53814,CL104,central,8,8
53843,CL121_a,central,3,-3
53843,CL121_a,central,4,-4
53870,CB2428,central,2,2
53908,CL199,central,8,8
53908,CL199,central,2,2
53912,PLP229,central,4,4
53912,PLP229,central,1,1
54057,CB0477,central,2,2
54057,CB0477,central,14,14
54070,VES019,central,1,-1
54192,AVLP121,central,28,28
54192,AVLP121,central,36,36
54230,CB2624,central,1,1
54330,AVLP476,central,1,1
54493,AVLP169,central,1,1
54500,AVLP342,central,1,1
54591,CB0635,central,1,1
54690,CB2264,central,8,8
54790,LC6,visual_projection,1,1
54837,CL071b,central,1,1
54837,CL071b,central,2,2
54841,LC6,visual_projection,1,1
54841,LC6,visual_projection,3,3
54971,CB1380,central,1,-1
55007,AVLP059,central,10,-10
55007,AVLP059,central,2,-2
55178,LC9,visual_projection,2,2
55207,CB3863,central,1,-1
55208,LC6,visual_projection,1,1
55208,LC6,visual_projection,2,2
55262,CB0013,central,5,-5
55410,LCe04,visual_projection,1,1
55449,CB2143,central,1,1
55450,CB1112,central,1,1
55450,CB1112,central,1,1
55524,CB2659,central,2,2
55527,CL115,central,24,-24
55533,CB2634,central,2,2
55703,AVLP094,central,91,-91
55703,AVLP094,central,39,-39
55781,CB1534,central,9,9
55781,CB1534,central,2,2
55813,CB3899,central,1,-1
55842,CB3348,central,2,-2
55842,CB3348,central,7,-7
56034,LC6,visual_projection,1,1
56046,PS185a,central,14,14
56135,LHAV2g2_a,central,1,1
56278,CB1452,central,1,-1
56317,AVLP557,central,7,-7
56320,DNp06,descending,1,1
56320,DNp06,descending,2,2
56336,"SAD011,SAD019",central,4,-4
56360,LPLC2,visual_projection,1,1
56426,CB0198,central,1,-1
56644,CB1522,central,2,2
56669,AVLP212,central,4,4
56702,CL267,central,4,4
56814,AVLP523,central,2,2
56814,AVLP523,central,2,2
56884,LPLC2,visual_projection,1,1
57062,CL022,central,2,2
57062,CL022,central,2,2
57136,CB2514,central,2,2
57158,CL270b,central,3,3
57226,CB1256,central,5,5
57226,CB1256,central,6,6
57246,DNp01,descending,2,2
57246,DNp01,descending,26,26
57280,PLP144,central,6,-6
57280,PLP144,central,4,-4
57352,CB2659,central,1,1
57362,LC40,visual_projection,1,1
57626,CB1842,central,11,11
57626,CB1842,central,18,18
57851,AVLP087,central,4,-4
57992,CB2453,central,4,4
57992,CB2453,central,1,1
58111,DNg40,descending,1,-1
58122,CB2289,central,20,20
58122,CB2289,central,11,11
58129,CB0580,central,1,-1
58129,CB0580,central,1,-1
58175,AVLP572,central,1,1
58435,LC9,visual_projection,1,1
58506,AVLP460,central,3,-3
58506,AVLP460,central,6,-6
58586,"SMP063,SMP064",central,5,-5
58586,"SMP063,SMP064",central,9,-9
58642,CB2481,central,3,3
58642,CB2481,central,2,2
58669,CB2902,central,1,-1
58800,CB3512,central,5,-5
58800,CB3512,central,1,-1
58832,AVLP538,central,1,1
58832,AVLP538,central,1,1
58878,DNp104,descending,2,2
59202,CB0249,central,1,-1
59418,VESa1_P02,central,4,-4
59418,VESa1_P02,central,4,-4
59458,AVLP390,central,1,1
59540,SMP461,central,1,1
59888,CB2426,central,1,-1
60087,AN_AVLP_PVLP_8,ascending,2,2
60310,SAD014,central,5,-5
60372,PS002,central,2,-2
60372,PS002,central,2,-2
60438,LTe13,visual_projection,1,1
60454,SMP424,central,1,-1
60602,CB2428,central,1,1
60704,AVLP505,central,4,4
60729,AVLP444,central,2,2
60729,AVLP444,central,4,4
61000,CB0009,central,1,-1
61054,CB3019,central,10,10
61054,CB3019,central,14,14
61107,AN_VES_GNG_6,ascending,1,-1
61172,CB0418,central,1,1
61338,AVLP194_c,central,1,1
61367,LHAV2b1,central,1,1
61423,AVLP220,central,1,1
61559,PVLP137,central,1,1
61584,DNp46,descending,1,1
61851,LTe63,visual_projection,1,-1
62070,CL336,central,1,1
62076,LC6,visual_projection,1,1
62210,CL348,central,11,-11
62210,CL348,central,7,-7
62286,CL096,central,8,8
62286,CL096,central,6,6
62338,LC6,visual_projection,2,2
62430,AN_AVLP_15,ascending,1,1
62438,"CL123,CRE061",central,1,1
62463,VES048,central,2,-2
62536,AVLP081,central,1,-1
62546,DNp103,descending,10,10
62546,DNp103,descending,2,2
62565,CB1688,central,1,1
62674,CB0414,central,1,-1
62677,AVLP069,central,1,-1
62677,AVLP069,central,1,-1
62732,CB2940,central,1,1
62732,CB2940,central,1,1
62733,AVLP205a,central,2,-2
62851,SMP068,central,10,-10
62851,SMP068,central,13,-13
62889,CL253,central,1,-1
62964,CB3196,central,2,-2
63058,CB3114,central,1,1
63062,CB1543,central,5,5
63062,CB1543,central,14,14
63240,LCe04,visual_projection,1,1
63240,LCe04,visual_projection,1,1
63280,SLP304a,central,2,2
63378,AVLP557,central,2,-2
63404,CB1112,central,2,2
63404,CB1112,central,2,2
63520,PVLP150,central,29,29
63520,PVLP150,central,6,6
63536,PVLP010,central,17,-17
63536,PVLP010,central,1,-1
63675,VES003,central,1,-1
63675,VES003,central,14,-14
63799,CL326,central,2,2
63874,LPLC2,visual_projection,1,1
63888,LPLC2,visual_projection,1,1
64000,CB3381,central,3,-3
64055,PS208b,central,1,1
64158,AVLP194,central,1,1
64196,CB2248,central,1,1
64201,LC9,visual_projection,1,1
64271,LCe04,visual_projection,1,1
64271,LCe04,visual_projection,8,8
64389,CB3886,central,1,-1
64492,"AVLP190,AVLP191",central,2,2
64569,AVLP437,central,1,1
64696,CL339,central,1,1
64895,"SAD011,SAD019",central,5,-5
64912,AVLP050,central,2,2
64919,CL270b,central,1,1
64919,CL270b,central,1,1
64964,PS002,central,2,-2
64964,PS002,central,9,-9
64992,CB0319,central,3,3
64992,CB0319,central,5,5
65063,LPLC2,visual_projection,1,1
65079,SMP558,central,1,1
65090,AVLP522,central,2,2
65124,AVLP096,central,2,-2
65188,CB3887,central,1,-1
65302,CB3671,central,1,1
65421,LC9,visual_projection,1,1
65446,CL348,central,7,-7
65446,CL348,central,12,-12
65508,PLP018,central,7,-7
65531,CB3433,central,5,5
65531,CB3433,central,8,8
65912,DNp70,descending,10,10
65955,AVLP396,central,70,70
65955,AVLP396,central,51,51
66171,PLP016,central,2,-2
66174,OA-VUMa8,central,1,1
66174,OA-VUMa8,central,1,1
66179,CL286,central,30,30
66179,CL286,central,20,20
66211,DNpe053,descending,1,1
66255,CL312,central,1,1
66292,CL261a,central,2,2
66292,CL261a,central,1,1
66337,DNp45,descending,1,1
66337,DNp45,descending,52,52
66418,CL182,central,1,-1
66530,CB0666,central,1,1
66557,CB0894,central,11,11
66557,CB0894,central,14,14
66565,AVLP210,central,11,11
66565,AVLP210,central,40,40
66597,AVLP158,central,24,24
66597,AVLP158,central,30,30
66655,AVLP219c,central,1,1
66671,VES019,central,4,-4
66671,VES019,central,5,-5
66823,AVLP040,central,3,3
66823,AVLP040,central,1,1
66852,VES075,central,1,1
66916,CB1452,central,1,-1
67031,CB2458,central,1,1
67031,CB2458,central,2,2
67033,CB3441,central,1,1
67111,CL210_a,central,5,5
67113,CL071a,central,1,1
67113,CL071a,central,4,4
67189,PLP254,central,1,1
67259,CB3859,central,2,-2
67260,CB1487,central,6,6
67300,LC9,visual_projection,2,2
67348,CB3439,central,10,-10
67348,CB3439,central,7,-7
67365,CB2330,central,5,5
67479,SAD017,central,4,-4
67479,SAD017,central,2,-2
67526,SIP201f,central,4,4
67541,CB1111,central,3,3
67663,CB3630,central,1,-1
67663,CB3630,central,5,-5
67672,AVLP451a,central,7,7
67672,AVLP451a,central,8,8
67834,PVLP111,central,1,-1
67877,AVLP591,central,19,19
67877,AVLP591,central,9,9
67889,CB2305,central,2,2
67899,CL268,central,10,10
67899,CL268,central,23,23
67941,CL293,central,12,12
67983,CL002,central,2,-2
67983,CL002,central,2,-2
68015,AOTU009,central,1,-1
68180,DNpe040,descending,12,12
68180,DNpe040,descending,8,8
68181,LC6,visual_projection,3,3
68295,CB1487,central,2,2
68494,"CL166,CL168",central,1,1
68574,DNae008,descending,1,1
68676,VES054,central,1,1
68683,CB3639,central,7,-7
68731,AN_AVLP_GNG_5,ascending,1,1
68755,PLP217,central,4,4
68836,LPLC2,visual_projection,1,1
68909,LPLC2,visual_projection,1,1
68977,CB1534,central,2,2
68977,CB1534,central,9,9
68994,PVLP030,central,1,-1
69035,CL063,central,3,-3
69198,aMe5,visual_projection,1,1
69338,CB0627,central,1,-1
69374,AVLP316,central,1,1
69385,CL272_a,central,2,2
69417,PVLP008,central,2,-2
69503,AVLP040,central,1,1
69503,AVLP040,central,1,1
69520,CB1672,central,6,6
69520,CB1672,central,12,12
69596,AVLP178,central,1,1
69639,VES045,central,11,-11
69639,VES045,central,6,-6
69649,CB3578,central,1,1
69715,MTe31,visual_projection,4,-4
69715,MTe31,visual_projection,41,-41
69851,PVLP134,central,1,1
69919,AVLP079,central,1,-1
70053,LC6,visual_projection,3,3
70145,AVLP034,central,1,1
70145,AVLP034,central,1,1
70297,CB0046,central,3,-3
70333,DNpe026,descending,32,32
70333,DNpe026,descending,5,5
70389,AN_GNG_SAD_34,ascending,3,3
70471,CB3549,central,2,-2
70490,LC9,visual_projection,1,1
70490,LC9,visual_projection,1,1
70536,CB2459,central,8,-8
70536,CB2459,central,8,-8
70590,MTe36,visual_projection,5,-5
70590,MTe36,visual_projection,7,-7
70701,CB3547,central,2,-2
70785,CB3900,central,1,1
70892,VES020,central,3,-3
70971,CB3439,central,5,-5
71057,LT56,visual_centrifugal,1,-1
71102,SMP055,central,2,-2
71131,CB0632,central,6,-6
71131,CB0632,central,8,-8
71192,CL178,central,2,-2
71194,CB2338,central,3,-3
71250,LC6,visual_projection,1,1
71250,LC6,visual_projection,9,9
71307,CB0458,central,2,2
71459,AVLP449,central,1,-1
71499,VES007,central,1,1
71515,CL121_a,central,12,-12
71515,CL121_a,central,17,-17
71599,AVLP541a,central,14,-14
71599,AVLP541a,central,6,-6
71655,LPLC2,visual_projection,3,3
71668,AN_multi_59,ascending,1,1
71707,CB3639,central,3,-3
71707,CB3639,central,15,-15
71792,CB2459,central,1,-1
71792,CB2459,central,3,-3
71836,CB1995,central,1,1
71836,CB1995,central,3,3
71838,DNp52,descending,5,5
71853,AVLP132,central,2,2
71853,AVLP132,central,3,3
71859,CL248,central,9,-9
71859,CL248,central,6,-6
71876,PLP222,central,2,2
71911,CL097,central,1,1
71941,CB0813,central,1,1
72162,CB2996,central,7,-7
72163,AVLP523,central,5,5
72174,CB1839,central,2,2
72269,LCe04,visual_projection,1,1
72292,"CL166,CL168",central,3,3
72333,PS002,central,3,-3
72333,PS002,central,3,-3
72335,LC6,visual_projection,1,1
72502,PVLP151,central,1,1
72502,PVLP151,central,4,4
72578,CL067,central,9,9
72578,CL067,central,5,5
72597,DNp71,descending,1,1
72688,CB1616,central,2,2
72688,CB1616,central,5,5
72709,"SMP063,SMP064",central,7,-7
72742,LPLC2,visual_projection,5,5
72757,LPLC2,visual_projection,1,1
72795,"PVLP004,PVLP005",central,1,-1
72795,"PVLP004,PVLP005",central,13,-13
72923,"CL123,CRE061",central,2,2
72923,"CL123,CRE061",central,1,1
72927,CL097,central,1,1
72943,PVLP123b,central,1,1
72943,PVLP123b,central,4,4
72982,LC9,visual_projection,1,1
73021,CL030,central,1,-1
73061,CL177,central,2,-2
73124,CL272_b,central,1,1
73130,LC9,visual_projection,2,2
73152,CB0763,central,2,2
73154,LC9,visual_projection,1,1
73161,AVLP018,central,2,2
73280,CB1259,central,1,1
73280,CB1259,central,9,9
73479,CB3366,central,1,1
73487,CL252,central,8,-8
73489,CB1523,central,1,-1
73515,CB2777,central,4,4
73515,CB2777,central,4,4
73526,SLP356a,central,1,1
73536,CB0814,central,1,-1
73653,AVLP259,central,1,1
73709,AVLP020,central,1,-1
73716,CB2027,central,2,-2
73716,CB2027,central,1,-1
73727,nan,central,2,-2
73778,CL209,central,2,2
73842,CB0593,central,13,13
73842,CB0593,central,1,1
74029,CB1774,central,1,-1
74059,CL099b,central,1,1
74174,AN_GNG_32,ascending,1,1
74202,CB2316,central,6,6
74202,CB2316,central,6,6
74229,CB2330,central,6,6
74229,CB2330,central,1,1
74271,CB0628,central,3,-3
74426,AVLP202,central,1,-1
74426,AVLP202,central,1,-1
74525,CL104,central,7,7
74525,CL104,central,11,11
74537,CL118,central,3,-3
74537,CL118,central,5,-5
74577,nan,central,1,1
74584,"SAD011,SAD019",central,3,-3
74602,AVLP429,central,3,3
74602,AVLP429,central,5,5
74633,PLP211,central,1,1
74647,LCe04,visual_projection,2,2
74749,AVLP454_b,central,1,1
74775,DNg93,descending,1,-1
74804,CB3404,central,1,1
74829,DNge082,descending,2,2
74848,CB2276,central,1,-1
74955,CB2344,central,12,12
74955,CB2344,central,7,7
74976,AVLP541b,central,1,-1
74976,AVLP541b,central,1,-1
75052,CB1852,central,2,2
75123,PVLP080b,central,1,-1
75148,LPLC2,visual_projection,1,1
75302,CL023,central,1,1
75329,AVLP029,central,2,-2
75329,AVLP029,central,1,-1
75394,CB3544,central,2,-2
75394,CB3544,central,1,-1
75434,AVLP047,central,1,1
75448,CB3898,central,1,-1
75519,WED116,central,1,1
75519,WED116,central,3,3
75552,AVLP059,central,7,-7
75552,AVLP059,central,20,-20
75554,AN_GNG_SAD_18,ascending,35,-35
75554,AN_GNG_SAD_18,ascending,20,-20
75576,AVLP176_c,central,28,28
75576,AVLP176_c,central,18,18
75591,CB1498,central,4,4
75625,SMP068,central,16,-16
75625,SMP068,central,10,-10
75703,SIP020,central,1,-1
75924,CB2674,central,1,-1
75958,CB3407,central,2,2
75961,CB2625,central,1,1
76049,"PVLP004,PVLP005",central,2,-2
76049,"PVLP004,PVLP005",central,6,-6
76062,LC6,visual_projection,1,1
76149,CB1447,central,2,-2
76336,SMP065,central,10,-10
76336,SMP065,central,5,-5
76386,LC6,visual_projection,1,1
76504,AVLP458,central,1,1
76643,AVLP266,central,1,1
76963,CB1262,central,1,-1
77044,CB2481,central,3,3
77076,DNp66,descending,1,1
77132,VESa2_H04,central,1,-1
77154,CB2316,central,8,8
77154,CB2316,central,13,13
77241,PVLP122a,central,43,43
77241,PVLP122a,central,59,59
77337,LC9,visual_projection,3,3
77349,LCe04,visual_projection,1,1
77540,AN_GNG_61,ascending,2,2
77640,CL271,central,2,2
77640,CL271,central,2,2
77673,LC6,visual_projection,4,4
77673,LC6,visual_projection,7,7
77807,AVLP312b,central,1,1
77933,CB3503,central,1,1
77947,AVLP219c,central,1,1
77956,LC6,visual_projection,1,1
77984,CB3925,central,1,-1
77984,CB3925,central,1,-1
78031,LPLC2,visual_projection,1,1
78074,CB0128,central,1,1
78096,CB1618,central,1,1
78211,AN_multi_105,ascending,1,1
78243,CB2458,central,10,10
78243,CB2458,central,1,1
78251,CB3201,central,1,1
78311,AVLP016,central,12,-12
78311,AVLP016,central,21,-21
78441,CB3000,central,1,1
78454,CL266_b,central,17,17
78454,CL266_b,central,9,9
78584,CB2344,central,1,1
78584,CB2344,central,1,1
78637,AVLP040,central,8,8
78637,AVLP040,central,5,5
78651,CB0924,central,15,15
78651,CB0924,central,13,13
78696,CB2514,central,1,1
78706,AVLP077,central,1,-1
78806,AVLP477,central,3,3
78847,CL143,central,1,-1
78878,LPLC2,visual_projection,2,2
78895,PS005,central,2,-2
78895,PS005,central,3,-3
78973,CB1688,central,1,1
79051,DNg40,descending,1,-1
79254,LC6,visual_projection,2,2
79271,PS182,central,1,1
79301,"SAD011,SAD019",central,11,-11
79301,"SAD011,SAD019",central,3,-3
79305,AVLP045,central,1,1
79350,AN_multi_59,ascending,2,2
79449,VES003,central,14,-14
79470,SAD023,central,4,-4
79585,AN_GNG_190,ascending,2,2
79662,CB0297,central,1,1
79662,CB0297,central,8,8
79752,AVLP210,central,38,38
79752,AVLP210,central,21,21
79963,LC6,visual_projection,1,1
79963,LC6,visual_projection,1,1
80033,CB1888,central,1,1
80033,CB1888,central,1,1
80096,AN_GNG_SAD_17,ascending,1,1
80099,CL356,central,1,1
80155,CB1255,central,1,1
80187,PVLP150,central,8,8
80187,PVLP150,central,16,16
80245,AVLP038,central,1,1
80316,CB3029,central,1,1
80380,PVLP019,central,1,-1
80409,CB1256,central,5,5
80422,CB1986,central,1,1
80463,CB1236,central,11,11
80463,CB1236,central,16,16
80466,CB1447,central,1,-1
80570,PPM1201,central,5,5
80570,PPM1201,central,2,2
80798,CB1688,central,2,2
80880,CB0150,central,1,-1
80880,CB0150,central,5,-5
81021,IB069,central,1,1
81026,AVLP500,central,8,8
81032,CB3861,central,7,-7
81218,CL267,central,8,8
81218,CL267,central,5,5
81231,CB2659,central,1,1
81231,CB2659,central,3,3
81378,SAD053,central,1,1
81470,CB2785,central,1,-1
81505,CL256,central,20,20
81505,CL256,central,36,36
81537,CB0076,central,1,-1
81568,CB0082,central,4,-4
81575,PVLP128,central,8,8
81575,PVLP128,central,2,2
81642,PLP052,central,1,1
81694,CB3859,central,2,-2
81717,SAD049,central,1,1
81851,LC6,visual_projection,2,2
81851,LC6,visual_projection,2,2
81858,AVLP041,central,3,3
81859,AN_GNG_113,ascending,2,2
81918,LC6,visual_projection,2,2
82013,CB0057,central,1,-1
82064,WED015,central,1,-1
82090,LPT29,visual_projection,1,1
82132,AN_GNG_182,ascending,3,3
82202,CB3983,central,1,1
82338,AN_multi_85,ascending,1,1
82364,SAD014,central,8,-8
82417,CB0647,central,5,5
82417,CB0647,central,1,1
82511,VES054,central,7,7
82518,OA-ASM2,central,2,2
82518,OA-ASM2,central,1,1
82704,CB3042,central,1,1
82705,AVLP107,central,1,1
82734,CB0128,central,1,1
82747,CB0319,central,1,1
82747,CB0319,central,3,3
83051,AN_AVLP_GNG_12,ascending,1,-1
83155,CB0665,central,2,-2
83309,CL266_a,central,4,4
83309,CL266_a,central,16,16
83431,AVLP159,central,3,3
83620,DNp09,descending,2,2
83661,AVLP492,central,1,1
83709,CL210,central,1,1
83730,CL313,central,3,3
83754,LC6,visual_projection,1,1
83754,LC6,visual_projection,1,1
83870,CL070b,central,19,19
83870,CL070b,central,7,7
83961,PPM1203,central,1,1
84144,PS186,central,7,-7
84144,PS186,central,5,-5
84146,LC6,visual_projection,2,2
84162,CB2674,central,3,3
84207,CL256,central,39,39
84207,CL256,central,15,15
84237,IB060,central,1,-1
84324,AVLP211,central,4,4
84324,AVLP211,central,1,1
84369,CL264,central,31,31
84369,CL264,central,20,20
84472,AVLP080,central,2,-2
84490,CB2528,central,1,1
84520,CB1638,central,1,1
84687,"CL231,CL238",central,1,-1
84729,LC9,visual_projection,2,2
84729,LC9,visual_projection,1,1
84765,CB2281,central,1,1
84781,CB2248,central,1,1
84883,CL211,central,1,1
84883,CL211,central,1,1
84957,CB3450,central,9,9
84957,CB3450,central,5,5
84993,VES001,central,3,-3
85034,CB0814,central,1,-1
85053,CB1259,central,4,4
85075,LPLC2,visual_projection,2,2
85121,AVLP507,central,1,1
85234,PVLP016,central,4,-4
85234,PVLP016,central,3,-3
85299,CB3900,central,7,7
85305,LCe04,visual_projection,3,3
85305,LCe04,visual_projection,3,3
85312,LCe04,visual_projection,1,1
85742,LC6,visual_projection,1,1
85742,LC6,visual_projection,2,2
85821,CB3561,central,4,4
86037,SLP227,central,3,3
86049,AVLP182,central,1,1
86076,CL055,central,2,-2
86269,CB2428,central,1,1
86466,CB1127,central,2,2
86469,CB0316,central,2,2
86504,AVLP461,central,2,-2
86536,CB2082,central,1,-1
86536,CB2082,central,1,-1
86657,AVLP479,central,1,-1
86912,CL038,central,31,-31
86912,CL038,central,20,-20
86931,"CL123,CRE061",central,1,1
87061,CB2342,central,1,-1
87061,CB2342,central,1,-1
87223,CB3433,central,11,11
87223,CB3433,central,6,6
87232,CB1430,central,1,1
87329,"AVLP530,AVLP561",central,1,1
87335,CB2344,central,6,6
87335,CB2344,central,6,6
87389,CB1932,central,1,1
87495,CL066,central,30,-30
87495,CL066,central,25,-25
87656,SLP213,central,2,2
87675,AVLP069,central,7,-7
87675,AVLP069,central,2,-2
87710,AVLP280,central,2,2
87732,CB3861,central,2,-2
87765,AVLP259,central,1,1
87935,SMP469a,central,1,1
88029,CL121_a,central,2,-2
88029,CL121_a,central,9,-9
88033,SMP065,central,1,-1
88037,LC31a,visual_projection,1,1
88175,CB0297,central,17,17
88213,AVLP461,central,1,-1
88244,"CL259, CL260",central,3,3
88255,LCe04,visual_projection,1,1
88255,LCe04,visual_projection,1,1
88284,DNp35,descending,2,2
88284,DNp35,descending,1,1
88433,LC31b,visual_projection,1,1
88511,CL133,central,1,-1
88570,CB0333,central,1,-1
88649,CL257,central,2,2
88649,CL257,central,1,1
88677,AVLP021,central,2,2
88741,SMP460,central,1,1
89038,PVLP123c,central,4,4
89038,PVLP123c,central,6,6
89187,LPLC2,visual_projection,1,1
89375,CB3900,central,6,6
89378,CL140,central,1,-1
89378,CL140,central,2,-2
89389,PS180,central,1,1
89414,AVLP573,central,29,29
89414,AVLP573,central,19,19
89587,LC9,visual_projection,1,1
89609,LC6,visual_projection,2,2
89619,LC6,visual_projection,4,4
89649,CB0719,central,1,-1
89784,AVLP164,central,2,2
89798,CL118,central,5,-5
89865,DNp27,descending,4,4
89868,CB3000,central,4,4
89875,CL071a,central,1,1
89875,CL071a,central,4,4
89992,CB0890,central,6,-6
89992,CB0890,central,1,-1
90053,SLP223,central,1,1
90131,CB3114,central,1,1
90177,CL059,central,6,6
90177,CL059,central,13,13
90242,PVLP017,central,7,-7
90272,CB1833,central,1,-1
90405,CB0670,central,27,27
90562,CL266_a,central,1,1
90562,CL266_a,central,2,2
90602,PS180,central,1,1
90613,LC9,visual_projection,1,1
90616,CL210_a,central,2,2
90648,AVLP029,central,9,-9
90686,LC9,visual_projection,1,1
90733,LPLC1,visual_projection,1,1
90823,LTe03,visual_projection,1,1
90847,CL257,central,1,1
90882,LC9,visual_projection,1,1
90934,CL344,central,2,2
91141,CB1543,central,1,1
91141,CB1543,central,2,2
91213,CL308,central,1,1
91213,CL308,central,8,8
91322,CB3635,central,6,-6
91322,CB3635,central,3,-3
91390,CB0265,central,1,-1
91473,AVLP107,central,1,1
91473,AVLP107,central,3,3
91497,CB1543,central,1,1
91497,CB1543,central,4,4
91626,LT85,visual_projection,1,1
91715,CB1852,central,1,1
91910,CL121_a,central,8,-8
91910,CL121_a,central,12,-12
92097,CB2777,central,3,3
92104,CB1498,central,6,6
92104,CB1498,central,4,4
92266,AVLP521,central,2,2
92415,nan,ascending,11,-11
92415,nan,ascending,25,-25
92425,LC6,visual_projection,2,2
92459,AVLP451c,central,7,7
92459,AVLP451c,central,3,3
92480,CB2049,central,2,2
92523,AVLP451c,central,2,2
92614,CB3313,central,1,1
92644,AOTU065,central,2,2
92649,AVLP531,central,8,-8
92760,AVLP444,central,1,1
92760,AVLP444,central,2,2
92819,LC6,visual_projection,6,6
92861,CB3450,central,15,15
92861,CB3450,central,19,19
92888,LC6,visual_projection,1,1
92908,PVLP123c,central,6,6
92908,PVLP123c,central,5,5
93002,LC6,visual_projection,1,1
93096,CL252,central,2,-2
93132,AVLP500,central,8,8
93145,CB3923,central,1,-1
93170,CB1616,central,1,1
93176,LPLC2,visual_projection,1,1
93230,CB0076,central,3,-3
93420,CL252,central,2,-2
93420,CL252,central,5,-5
93489,CB2967,central,1,-1
93503,SMP470,central,1,1
93522,CB3439,central,4,-4
93522,CB3439,central,9,-9
93547,CL065,central,1,1
93548,CL316,central,1,-1
93606,CRE080c,central,3,3
93709,LCe04,visual_projection,5,5
93709,LCe04,visual_projection,2,2
93729,AVLP575,central,1,1
93865,CL093,central,2,2
93865,CL093,central,4,4
93972,SMP158,central,4,4
93983,AVLP538,central,2,2
93983,AVLP538,central,1,1
94110,AVLP590,central,2,-2
94169,LC9,visual_projection,1,1
94274,CB0174,central,1,-1
94349,CB1657,central,3,-3
94349,CB1657,central,7,-7
94375,mALD3,central,2,-2
94375,mALD3,central,1,-1
94377,LC9,visual_projection,1,1
94420,PVLP122b,central,46,46
94420,PVLP122b,central,33,33
94531,CB3635,central,7,-7
94531,CB3635,central,4,-4
94551,"PVLP004,PVLP005",central,20,-20
94551,"PVLP004,PVLP005",central,1,-1
94560,CB0057,central,1,-1
94598,CB2057,central,1,1
94636,AVLP096,central,1,-1
94691,CL022,central,1,1
94783,CL121_a,central,3,-3
94783,CL121_a,central,9,-9
94784,CB1262,central,1,-1
94849,CB0010,central,1,-1
94850,CB0429,central,7,7
94850,CB0429,central,3,3
94891,CB1691,central,4,4
94891,CB1691,central,2,2
94902,CL269,central,11,11
94902,CL269,central,10,10
95123,DNp04,descending,6,6
95175,CB0013,central,9,-9
95201,CB3503,central,1,1
95201,CB3503,central,1,1
95216,DNp11,descending,1,1
95283,CB3503,central,1,1
95284,AVLP508,central,1,1
95307,CB1758,central,1,1
95409,PS002,central,4,-4
95409,PS002,central,3,-3
95442,CB0617,central,2,2
95561,SMP077,central,1,-1
95574,DNp64,descending,1,1
95642,CL111,central,8,8
95642,CL111,central,11,11
95800,CB2338,central,1,-1
95836,LC6,visual_projection,2,2
95839,CB2354,central,1,1
95975,CB1378,central,1,1
96039,"SAD011,SAD019",central,1,-1
96078,CL261b,central,1,1
96121,AVLP292,central,1,1
96247,CL251,central,1,1
96263,LPLC2,visual_projection,1,1
96369,CL092,central,6,6
96369,CL092,central,37,37
96384,CB3439,central,10,-10
96384,CB3439,central,3,-3
96417,CL214,central,3,-3
96434,CL250,central,10,10
96462,CL208,central,12,12
96463,LT62,visual_projection,4,4
96518,LC6,visual_projection,1,1
96573,AN_multi_87,ascending,5,-5
96573,AN_multi_87,ascending,5,-5
96636,CL070a,central,7,7
96636,CL070a,central,3,3
96740,CL313,central,6,6
96740,CL313,central,2,2
96949,PS002,central,9,-9
96957,DNpe001,descending,1,1
97008,"PVLP004,PVLP005",central,1,-1
97021,LC6,visual_projection,1,1
97044,IB094,central,1,-1
97044,IB094,central,1,-1
97060,CB2402,central,2,-2
97060,CB2402,central,2,-2
97095,DNge053,descending,2,2
97120,AVLP195,central,3,3
97120,AVLP195,central,3,3
97208,LHAV2b1,central,1,1
97235,VES017,central,8,8
97241,LC9,visual_projection,1,1
97308,AVLP205a,central,3,-3
97342,CB0557,central,6,-6
97489,CL071b,central,1,1
97489,CL071b,central,5,5
97510,CL266_a,central,39,39
97510,CL266_a,central,32,32
97606,AN_GNG_SAD_18,ascending,20,-20
97606,AN_GNG_SAD_18,ascending,21,-21
97661,SAD014,central,3,-3
97668,CL107,central,1,1
97669,LC9,visual_projection,1,1
97752,SMP446b,central,2,-2
97851,CB0632,central,2,-2
97851,CB0632,central,10,-10
97969,AVLP434_b,central,1,1
97969,AVLP434_b,central,2,2
98007,"CL259, CL260",central,1,1
98037,CB1111,central,4,4
98064,PVLP069,central,2,2
98142,CB3019,central,13,13
98142,CB3019,central,13,13
98179,CL313,central,1,1
98215,IB012,central,4,-4
98215,IB012,central,8,-8
98224,CL261a,central,1,1
98341,PLP254,central,1,1
98423,AVLP592,central,3,3
98572,AVLP069,central,3,-3
98592,CL204,central,8,8
98592,CL204,central,4,4
98676,CL270b,central,1,1
98676,CL270b,central,4,4
98707,AVLP444,central,2,2
98707,AVLP444,central,2,2
98741,OA-VUMa4,central,1,1
98765,CB1236,central,22,22
98765,CB1236,central,17,17
98781,LC6,visual_projection,4,4
98950,AVLP215,central,18,-18
98950,AVLP215,central,6,-6
98993,LC6,visual_projection,1,1
99019,CB2228,central,1,-1
99133,LAL182,central,9,9
99178,PVLP140,central,1,-1
99304,CB1596,central,3,3
99304,CB1596,central,1,1
99311,PLP174,central,9,9
99362,PLP174,central,1,1
99407,AVLP189_a,central,7,7
99407,AVLP189_a,central,6,6
99526,AN_multi_87,ascending,5,-5
99526,AN_multi_87,ascending,3,-3
99531,DNp32,descending,2,2
99542,CB3630,central,3,-3
99565,AVLP132,central,3,3
99565,AVLP132,central,1,1
99637,AVLP343,central,3,-3
99665,AVLP436,central,4,4
99695,PVLP014,central,1,1
99728,CB3487,central,1,1
99728,CB3487,central,1,1
99739,AVLP508,central,1,1
99745,LPLC2,visual_projection,2,2
99759,LAL102,central,2,-2
99771,SMP461,central,1,1
99827,CB0655,central,3,3
99929,AVLP541b,central,1,-1
99976,CB3629,central,4,-4
99983,CB3547,central,3,-3
99983,CB3547,central,2,-2
100014,CB2342,central,1,-1
100092,PS187,central,4,-4
100185,CB3269,central,2,2
100225,AVLP488,central,1,-1
100225,AVLP488,central,6,-6
100229,LPLC2,visual_projection,1,1
100238,PVLP015,central,3,-3
100261,MTe40,visual_projection,4,4
100434,CB2264,central,6,6
100434,CB2264,central,2,2
100565,SMP266,central,2,-2
100565,SMP266,central,1,-1
100570,LC9,visual_projection,1,1
100596,CB3532,central,2,-2
100617,AN_GNG_SAD_9,ascending,3,3
100707,CB2411,central,4,-4
100759,AVLP451b,central,6,6
100807,LPLC2,visual_projection,1,1
100836,AVLP541a,central,2,-2
100836,AVLP541a,central,1,-1
100889,WED029,central,1,-1
100957,CB1774,central,5,-5
100959,LC9,visual_projection,1,1
101134,CL157,central,1,1
101390,SLP304b,central,2,2
101405,IB118,central,1,1
101461,CB1256,central,3,3
101461,CB1256,central,3,3
101496,"CL166,CL168",central,1,1
101496,"CL166,CL168",central,1,1
101604,CB3019,central,23,23
101604,CB3019,central,7,7
101709,AVLP316,central,1,1
101844,CB0039,central,11,11
101844,CB0039,central,5,5
101918,"AVLP253,AVLP254",central,1,-1
101920,AVLP109,central,1,1
101977,CB3625,central,1,1
101982,AVLP488,central,3,-3
102037,CL287,central,1,-1
102037,CL287,central,5,-5
102182,DNge099,descending,1,-1
102189,CL068,central,1,-1
102338,LC6,visual_projection,3,3
102338,LC6,visual_projection,1,1
102351,SMP050,central,1,-1
102423,5-HTPLP01,central,1,-1
102429,AVLP186,central,2,2
102438,CB3019,central,14,14
102438,CB3019,central,12,12
102662,AVLP569,central,3,3
102724,PLP229,central,1,1
102724,PLP229,central,1,1
102771,AMMC-A1,central,2,2
102771,AMMC-A1,central,1,1
102982,CL150,central,16,16
102982,CL150,central,2,2
102991,CB3321,central,1,-1
103030,CL077,central,2,2
103175,SMP470,central,2,2
103175,SMP470,central,1,1
103389,LPLC2,visual_projection,1,1
103401,CB3703,central,1,-1
103433,CB0430,central,1,1
103471,CB0665,central,2,-2
103504,PS001,central,12,-12
103504,PS001,central,26,-26
103549,AN_GNG_SAD_34,ascending,1,1
103591,AN_GNG_52,ascending,1,1
103595,LC9,visual_projection,1,1
103670,PVLP026,central,1,-1
103765,CB1487,central,1,1
103765,CB1487,central,5,5
103833,CB1446,central,16,16
103833,CB1446,central,11,11
103920,CB0126,central,1,1
103945,CB1672,central,3,3
103945,CB1672,central,8,8
103997,CB2634,central,1,1
104016,"PS240,PS264",central,1,1
104217,LC9,visual_projection,1,1
104277,SMP456,central,28,28
104277,SMP456,central,2,2
104379,aSP22,descending,1,1
104547,CB3450,central,11,11
104547,CB3450,central,12,12
104605,CB1933,central,2,2
104708,CB3983,central,3,3
104800,LAL193,central,1,1
104800,LAL193,central,1,1
104833,VES064,central,1,-1
104885,PVLP124,central,1,1
104885,PVLP124,central,3,3
104984,CB3114,central,1,1
105094,5-HTPLP01,central,8,-8
105094,5-HTPLP01,central,4,-4
105191,AMMC-A1,central,2,2
105223,PPM1201,central,2,2
105245,CB1764,central,12,12
105245,CB1764,central,2,2
105256,SAD084,central,4,4
105270,LC9,visual_projection,1,1
105270,LC9,visual_projection,1,1
105415,LPLC2,visual_projection,4,4
105424,LC6,visual_projection,3,3
105507,PS185a,central,4,4
105547,PVLP026,central,1,-1
105562,AVLP041,central,3,3
105617,CB1498,central,1,1
105664,CB0663,central,1,-1
105664,CB0663,central,2,-2
105699,CB0198,central,1,-1
105717,CL266_a,central,22,22
105717,CL266_a,central,49,49
105779,LHAD1g1,central,10,-10
105779,LHAD1g1,central,1,-1
105834,CB3978,central,1,-1
106000,LT61a,visual_projection,2,2
106258,AVLP470b,central,1,1
106275,AN_GNG_182,ascending,1,1
106318,CL080,central,1,1
106560,LPLC2,visual_projection,2,2
106581,AVLP243,central,5,5
106901,"SAD011,SAD019",central,8,-8
106901,"SAD011,SAD019",central,2,-2
106918,AVLP176_c,central,11,11
106918,AVLP176_c,central,22,22
106968,SMP159,central,6,-6
106968,SMP159,central,2,-2
106996,AVLP120,central,4,4
107266,CB2344,central,4,4
107266,CB2344,central,13,13
107287,CB0309,central,10,-10
107373,CB0082,central,5,-5
107373,CB0082,central,4,-4
107387,CL268,central,18,18
107387,CL268,central,40,40
107406,AVLP506,central,1,1
107406,AVLP506,central,1,1
107476,CL250,central,20,20
107594,CB1842,central,3,3
107594,CB1842,central,4,4
107761,CB0602,central,1,1
107826,CL029b,central,1,-1
107910,AVLP439,central,1,1
107965,CL093,central,3,3
107965,CL093,central,3,3
108012,CL269,central,11,11
108012,CL269,central,14,14
108187,MTe31,visual_projection,37,-37
108187,MTe31,visual_projection,3,-3
108228,CB1312,central,1,1
108283,LC6,visual_projection,2,2
108532,CB2672,central,9,9
108532,CB2672,central,12,12
108554,AVLP454_b,central,1,1
108591,CL272_b,central,1,1
108591,CL272_b,central,1,1
108631,CL001,central,9,-9
108631,CL001,central,19,-19
108634,CL015,central,1,-1
108645,AVLP212,central,3,3
108667,CB1017,central,1,1
108724,PVLP128,central,2,2
108724,PVLP128,central,5,5
108734,CL333,central,1,1
108748,DNp01,descending,26,26
108748,DNp01,descending,3,3
108768,PLP094,central,2,2
108854,CL313,central,7,7
108854,CL313,central,2,2
108993,AVLP176_c,central,18,18
108993,AVLP176_c,central,4,4
109007,nan,central,3,-3
109007,nan,central,1,-1
109143,LC6,visual_projection,1,1
109534,LC6,visual_projection,4,4
109637,CL118,central,12,-12
109637,CL118,central,21,-21
109671,CB3640,central,1,-1
109697,LCe04,visual_projection,3,3
109776,CB0894,central,11,11
109776,CB0894,central,8,8
109799,CL038,central,10,-10
109799,CL038,central,36,-36
109857,CB2344,central,10,10
109857,CB2344,central,6,6
109930,CB3313,central,2,2
110243,AVLP094,central,52,-52
110243,AVLP094,central,104,-104
110313,AN_multi_12,ascending,16,-16
110313,AN_multi_12,ascending,34,-34
110430,AN_GNG_SAD_13,ascending,5,5
110430,AN_GNG_SAD_13,ascending,12,12
110431,AN_GNG_SAD_11,ascending,1,1
110472,AVLP571,central,29,29
110472,AVLP571,central,29,29
110758,AVLP572,central,2,2
110783,AVLP491,central,2,2
110915,CB2481,central,2,2
110915,CB2481,central,4,4
110995,CL308,central,4,4
110995,CL308,central,9,9
111134,MTe43,visual_projection,2,-2
111205,DNp71,descending,1,1
111288,SAD072,central,3,-3
111288,SAD072,central,1,-1
111407,AN_multi_12,ascending,13,-13
111407,AN_multi_12,ascending,19,-19
111443,CB1765,central,1,-1
111464,DNp08,descending,1,-1
111517,LT57,visual_projection,1,1
111531,PVLP123b,central,3,3
111543,AVLP069,central,3,-3
111563,AVLP252,central,2,-2
111618,VES024a,central,1,-1
111624,CL038,central,24,-24
111624,CL038,central,24,-24
111657,CL069,central,5,5
111707,LTe63,visual_projection,6,-6
111754,VES073,central,5,5
111754,VES073,central,3,3
111791,AVLP093,central,15,-15
111791,AVLP093,central,61,-61
112096,CL361,central,1,1
112171,AVLP531,central,2,-2
112171,AVLP531,central,6,-6
112345,"SAD011,SAD019",central,9,-9
112364,CL311,central,1,1
112558,CB1833,central,2,-2
112670,AVLP523,central,2,2
112670,AVLP523,central,1,1
112703,MTe36,visual_projection,7,-7
112703,MTe36,visual_projection,2,-2
112752,PLP239,central,1,1
112755,CB2391,central,1,-1
112755,CB2391,central,1,-1
112857,CB3879,central,41,-41
112857,CB3879,central,97,-97
112885,cL16,visual_centrifugal,1,1
112956,CB0316,central,11,11
113016,VES020,central,3,-3
113016,VES020,central,1,-1
113039,CB3348,central,3,-3
113237,CB3868,central,2,2
113297,"SMP544,LAL134",central,1,-1
113424,AVLP461,central,2,-2
113428,PVLP015,central,2,-2
113573,CL215,central,1,1
113775,CB3606,central,1,-1
113831,AVLP541a,central,8,-8
113894,AVLP498,central,83,83
113894,AVLP498,central,114,114
113942,LC6,visual_projection,3,3
114033,LC6,visual_projection,2,2
114045,PLP144,central,6,-6
114045,PLP144,central,3,-3
114064,CL269,central,11,11
114064,CL269,central,15,15
114088,CB3863,central,2,-2
114185,PLP029,central,1,-1
114187,PLP211,central,1,1
114188,CB1116,central,1,-1
114196,CB2649,central,12,12
114196,CB2649,central,10,10
114220,CB3606,central,8,-8
114220,CB3606,central,1,-1
114262,CL022,central,1,1
114273,AVLP040,central,3,3
114284,PVLP123a,central,2,2
114284,PVLP123a,central,1,1
114364,CB1444,central,1,1
114364,CB1444,central,1,1
114373,CB0659,central,3,3
114390,CB3466,central,9,9
114390,CB3466,central,4,4
114454,CB3263,central,1,1
114539,CB1842,central,4,4
114539,CB1842,central,2,2
114546,PLP162,central,1,1
114702,LCe04,visual_projection,1,1
114702,LCe04,visual_projection,5,5
114738,CB2514,central,3,3
114755,nan,central,6,6
114755,nan,central,5,5
114804,CL121_a,central,3,-3
114804,CL121_a,central,8,-8
114917,CB3441,central,3,3
114931,CB1498,central,2,2
114931,CB1498,central,3,3
114977,CB1111,central,1,1
114982,LC9,visual_projection,1,1
115040,CB0649,central,2,-2
115073,CB3879,central,52,-52
115073,CB3879,central,49,-49
115075,CB2057,central,1,1
115081,WED108,central,1,1
115115,CB3503,central,2,2
115115,CB3503,central,1,1
115273,DNb08,descending,1,1
115276,CB3092,central,1,1
115299,CB2386,central,11,11
115299,CB2386,central,6,6
115343,PS208b,central,1,1
115406,AN_multi_88,ascending,1,1
115452,CB0239,central,1,1
115633,AN_multi_72,ascending,3,-3
115724,CB1842,central,15,15
115724,CB1842,central,5,5
115765,CB1111,central,1,1
115773,CB3503,central,3,3
115972,WED060,central,4,4
115976,"PVLP004,PVLP005",central,1,-1
115981,CB0072,central,1,-1
116045,CL071b,central,1,1
116045,CL071b,central,3,3
116244,pC1e,central,1,1
116356,LC31a,visual_projection,3,3
116669,PVLP137,central,2,2
116686,AVLP348,central,2,-2
116721,PVLP122a,central,41,41
116721,PVLP122a,central,52,52
116729,CB0115,central,1,-1
116778,CB3619,central,1,-1
116840,AVLP158,central,24,24
116840,AVLP158,central,16,16
116846,CB1764,central,3,3
116846,CB1764,central,5,5
116894,AVLP592,central,3,3
116894,AVLP592,central,2,2
116929,CB2940,central,1,1
116937,LHAD1g1,central,17,-17
116937,LHAD1g1,central,1,-1
116976,CL062_a,central,1,1
116999,LHPV2e1_a,central,1,-1
117257,CB0626,central,2,-2
117257,CB0626,central,1,-1
117295,LC9,visual_projection,2,2
117357,LCe04,visual_projection,1,1
117396,CL032,central,3,-3
117396,CL032,central,16,-16
117426,LCe04,visual_projection,1,1
117525,LPLC2,visual_projection,2,2
117573,AVLP214,central,1,1
117574,PLP052,central,1,1
117662,AVLP209,central,2,-2
117677,"CL231,CL238",central,3,-3
117688,AVLP107,central,1,1
117706,LC9,visual_projection,4,4
117798,CB0391,central,1,1
117914,CL272_a,central,2,2
118025,CL095,central,38,38
118025,CL095,central,20,20
118030,LHAV2b2a,central,2,2
118096,CB1596,central,1,1
118209,LPLC2,visual_projection,2,2
118382,AN_GNG_76,ascending,1,1
118507,CB2795,central,2,-2
118507,CB2795,central,1,-1
118515,CB3241,central,7,7
118561,LCe04,visual_projection,2,2
118561,LCe04,visual_projection,3,3
118608,LC9,visual_projection,2,2
118628,PS186,central,1,-1
118628,PS186,central,3,-3
118629,CL335,central,1,1
118632,CL068,central,2,-2
119015,CB2672,central,7,7
119015,CB2672,central,7,7
119032,DNp09,descending,1,1
119242,VES073,central,8,8
119331,LC9,visual_projection,2,2
119331,LC9,visual_projection,1,1
119368,AN_GNG_81,ascending,2,2
119476,LC9,visual_projection,1,1
119486,CB2286,central,9,9
119486,CB2286,central,1,1
119490,CB3978,central,1,-1
119537,"AVLP253,AVLP254",central,2,-2
119633,CL265,central,8,8
119633,CL265,central,1,1
119757,LCe04,visual_projection,4,4
119757,LCe04,visual_projection,2,2
120030,CB3394,central,1,-1
120139,AVLP451b,central,5,5
120139,AVLP451b,central,1,1
120478,"CL166,CL168",central,1,1
120505,CB2261,central,1,-1
120522,AN_AVLP_PVLP_9,ascending,1,1
120522,AN_AVLP_PVLP_9,ascending,6,6
120524,LPLC2,visual_projection,1,1
120605,CB3582,central,3,-3
120609,OA-VPM4,central,2,2
120612,CB2700,central,1,-1
120675,CL269,central,7,7
120675,CL269,central,5,5
120735,CB1143,central,1,1
120747,CL099b,central,1,1
120753,CB0258,central,1,-1
120764,CB2059,central,1,-1
120898,CB3707,central,11,-11
120898,CB3707,central,20,-20
120904,AVLP396,central,64,64
120904,AVLP396,central,86,86
121026,CB1447,central,1,-1
121196,VES065,central,1,1
121304,CL268,central,11,11
121304,CL268,central,21,21
121349,CL313,central,3,3
121349,CL313,central,4,4
121682,LC6,visual_projection,1,1
121744,CB3366,central,2,2
121791,LC6,visual_projection,4,4
121848,AVLP488,central,4,-4
121848,AVLP488,central,2,-2
121849,"PVLP004,PVLP005",central,3,-3
121933,CB2286,central,5,5
121949,SAD049,central,1,1
122100,SMP552,central,1,-1
122151,CB1447,central,3,-3
122294,DNpe045,descending,1,1
122294,DNpe045,descending,3,3
122374,AVLP263,central,17,17
122374,AVLP263,central,23,23
122393,AN_multi_4,ascending,1,1
122567,SAD014,central,4,-4
122567,SAD014,central,3,-3
122580,CB3900,central,3,3
122653,CB1774,central,2,-2
122790,SMP543,central,2,-2
122796,CB0814,central,1,-1
122877,LC6,visual_projection,2,2
122891,LHAV8a1,central,2,-2
122916,DNpe043,descending,1,1
122995,CL272_b,central,1,1
122995,CL272_b,central,1,1
123036,CB0623,central,3,3
123055,"PVLP004,PVLP005",central,1,-1
123104,CB3014,central,3,3
123129,CB3897,central,1,-1
123384,CB2391,central,1,-1
123384,CB2391,central,1,-1
123433,CB0628,central,2,-2
123469,CL071b,central,5,5
123469,CL071b,central,1,1
123580,"CL123,CRE061",central,3,3
123713,LPLC2,visual_projection,1,1
123794,CB1657,central,4,-4
123794,CB1657,central,2,-2
123891,LHAV2b1,central,11,11
124289,CB0477,central,4,4
124296,DNge053,descending,1,1
124304,"SAD011,SAD019",central,2,-2
124363,LC6,visual_projection,1,1
124465,CB2313,central,2,2
124565,CL175,central,1,-1
124648,PVLP020,central,9,-9
124834,LC6,visual_projection,1,1
124881,CB1446,central,40,40
124881,CB1446,central,19,19
124996,MBON32,central,1,-1
125064,CB2355,central,3,3
125165,PVLP022,central,1,-1
125217,LPLC2,visual_projection,1,1
125483,AVLP109,central,1,1
125500,PS291,central,2,2
125740,CB3387,central,3,-3
125851,LC6,visual_projection,1,1
125852,PVLP011,central,1,-1
125875,PVLP151,central,3,3
125896,CB1439,central,1,-1
126024,CB3512,central,1,-1
126024,CB3512,central,5,-5
126131,CL032,central,2,-2
126131,CL032,central,16,-16
126237,AN_AVLP_54,ascending,1,1
126280,AVLP571,central,28,28
126280,AVLP571,central,22,22
126366,LPLC2,visual_projection,3,3
126398,CL213,central,1,1
126398,CL213,central,1,1
126411,LC31c,visual_projection,1,1
126590,AVLP039,central,1,-1
126604,LC9,visual_projection,2,2
126747,CB1543,central,8,8
126747,CB1543,central,6,6
126782,CB0625,central,1,-1
126930,AVLP161,central,1,1
126956,CL177,central,1,-1
126956,CL177,central,10,-10
127052,AVLP053,central,4,4
127078,DNp23,descending,4,4
127094,SAD023,central,1,-1
127216,CL252,central,2,-2
127216,CL252,central,3,-3
127306,CB2785,central,2,-2
127306,CB2785,central,1,-1
127493,SLP379,central,1,-1
127538,LC6,visual_projection,4,4
127644,CB3092,central,2,2
127777,IB012,central,5,-5
127777,IB012,central,11,-11
127872,LCe04,visual_projection,4,4
127872,LCe04,visual_projection,1,1
127874,CB0257,central,2,2
127938,CB3877,central,3,-3
127938,CB3877,central,2,-2
127985,CL208,central,1,1
127985,CL208,central,1,1
128048,CB3516,central,9,9
128048,CB3516,central,2,2
128059,CB2599,central,4,4
128251,MTe34,visual_projection,1,1
128455,AVLP433_b,central,1,1
128497,CB1051,central,1,1
128547,AVLP195,central,5,5
128547,AVLP195,central,9,9
128578,AN_GNG_109,ascending,1,-1
128578,AN_GNG_109,ascending,1,-1
128604,AVLP573,central,23,23
128604,AVLP573,central,37,37
128668,cL13,visual_centrifugal,2,-2
128690,CB1833,central,1,-1
128690,CB1833,central,2,-2
128764,CL323a,central,1,1
128764,CL323a,central,3,3
128809,CL269,central,3,3
128809,CL269,central,9,9
128917,CB3466,central,7,7
128917,CB3466,central,6,6
129273,CB1580,central,1,-1
129299,CB3589,central,12,12
129299,CB3589,central,3,3
129378,LCe04,visual_projection,1,1
129378,LCe04,visual_projection,8,8
129407,PVLP124,central,4,4
129407,PVLP124,central,6,6
129501,CB2254,central,1,-1
129532,CB0609,central,1,-1
129640,SAD014,central,3,-3
129671,CB2207,central,1,1
129699,CB2777,central,1,1
129699,CB2777,central,2,2
129719,CB3001,central,3,3
129719,CB3001,central,1,1
129833,CB1852,central,1,1
130171,CB1731,central,2,2
130188,"AVLP037,AVLP038",central,1,1
130188,"AVLP037,AVLP038",central,2,2
130189,SMP558,central,1,1
130189,SMP558,central,1,1
130191,CL199,central,4,4
130191,CL199,central,4,4
130208,PVLP008,central,1,-1
130252,AN_AVLP_GNG_8,ascending,11,11
130308,CL313,central,2,2
130308,CL313,central,1,1
130409,LC31c,visual_projection,1,1
130484,DNp69,descending,3,3
130484,DNp69,descending,1,1
130518,CB3921,central,2,-2
130566,CB2840,central,3,3
130566,CB2840,central,4,4
130591,DNp43,descending,1,1
130593,CB0519,central,1,1
130669,AVLP429,central,11,11
130669,AVLP429,central,6,6
130755,"CL123,CRE061",central,1,1
130768,SAD013,central,2,-2
130831,CL064,central,3,-3
131000,AN_GNG_182,ascending,6,6
131024,CB2777,central,2,2
131024,CB2777,central,7,7
131025,AVLP193,central,1,1
131089,"CRZ01,CRZ02",central,2,2
131152,"PVLP004,PVLP005",central,1,-1
131152,"PVLP004,PVLP005",central,2,-2
131254,IB094,central,1,-1
131388,AVLP189_a,central,9,9
131388,AVLP189_a,central,13,13
131542,LPLC2,visual_projection,1,1
131581,SAD035,central,1,1
131815,nan,central,1,1
131937,CL122_a,central,6,-6
131937,CL122_a,central,2,-2
131946,CB2342,central,2,-2
131946,CB2342,central,1,-1
132012,LC9,visual_projection,3,3
132055,LC9,visual_projection,1,1
132103,AVLP087,central,6,-6
132115,AN_AVLP_16,ascending,1,1
132317,CB0414,central,2,-2
132336,IB065,central,12,-12
132336,IB065,central,18,-18
132349,CB2840,central,2,2
132349,CB2840,central,3,3
132392,CB0204,central,1,-1
132529,CB2248,central,3,3
132529,CB2248,central,3,3
132641,MBON20,central,9,-9
132641,MBON20,central,2,-2
132660,CB1314,central,3,-3
132771,CB2428,central,1,1
132796,"PVLP004,PVLP005",central,5,-5
132796,"PVLP004,PVLP005",central,1,-1
132834,LC9,visual_projection,2,2
132843,AVLP461,central,1,-1
132843,AVLP461,central,4,-4
132972,CB3269,central,1,1
132986,CB2514,central,1,1
133149,DNa01,descending,2,2
133158,CB1638,central,1,1
133172,LTe20,visual_projection,19,19
133255,AN_AVLP_GNG_12,ascending,6,-6
133257,CB3516,central,5,5
133266,CRE080b,central,1,1
133266,CRE080b,central,1,1
133348,CB0039,central,4,4
133348,CB0039,central,22,22
133376,CL072,central,1,1
133421,LC9,visual_projection,3,3
133551,"PVLP004,PVLP005",central,1,-1
133618,LC9,visual_projection,3,3
133690,CL327,central,1,1
133816,LC9,visual_projection,1,1
133881,AVLP059,central,3,-3
133881,AVLP059,central,5,-5
134101,DNp59,descending,17,-17
134101,DNp59,descending,4,-4
134127,LC6,visual_projection,1,1
134164,LPLC2,visual_projection,1,1
134553,LPLC2,visual_projection,4,4
134762,LC6,visual_projection,1,1
134801,VES067,central,1,1
134866,"AVLP037,AVLP038",central,3,3
134866,"AVLP037,AVLP038",central,2,2
134882,VES067,central,1,1
134913,WED072,central,1,1
134984,SAD084,central,1,1
135096,CL070a,central,5,5
135096,CL070a,central,3,3
135141,5-HTPLP01,central,4,-4
135227,pC1d,central,3,3
135227,pC1d,central,5,5
135562,CB0098,central,2,-2
135562,CB0098,central,2,-2
135605,CB3925,central,2,-2
135706,LC6,visual_projection,1,1
135729,CB2276,central,1,-1
135729,CB2276,central,1,-1
135809,LPLC2,visual_projection,1,1
135917,LC31a,visual_projection,4,4
135958,CB0512,central,1,1
136027,MTe13,visual_projection,4,-4
136144,LT66,visual_projection,1,1
136304,PVLP016,central,5,-5
136304,PVLP016,central,23,-23
136325,LPLC2,visual_projection,1,1
136486,CB1767,central,1,-1
136500,"SMP063,SMP064",central,14,-14
136500,"SMP063,SMP064",central,11,-11
136532,AVLP109,central,1,1
136776,CL270a,central,2,2
136784,CL310,central,6,6
136784,CL310,central,3,3
136794,LC9,visual_projection,1,1
136844,CB1256,central,5,5
136844,CB1256,central,1,1
137022,CL210_a,central,3,3
137035,CB1447,central,5,-5
137079,PS202,central,6,6
137137,SMP506,central,1,1
137141,AVLP187,central,1,1
137421,DNbe004,descending,1,-1
137421,DNbe004,descending,1,-1
137519,CB1738,central,1,1
137538,AN_GNG_SAD_11,ascending,4,4
137555,LPLC2,visual_projection,3,3
137564,nan,central,2,2
137574,AVLP121,central,10,10
137574,AVLP121,central,15,15
137628,CB1314,central,2,-2
137690,CL004,central,3,-3
137690,CL004,central,6,-6
137697,CL270a,central,1,1
137697,CL270a,central,5,5
137900,SMP068,central,10,-10
137900,SMP068,central,12,-12
138049,AVLP187,central,2,2
138129,CB1565,central,1,1
138137,SMP065,central,1,-1
138137,SMP065,central,10,-10
138139,CL348,central,1,-1
138139,CL348,central,6,-6
138168,SMP065,central,8,-8
138168,SMP065,central,1,-1
138175,SIP201f,central,2,2
138205,CL118,central,4,-4
138205,CL118,central,1,-1
138218,LAL102,central,6,-6
138254,AVLP040,central,1,1
138254,AVLP040,central,4,4
138286,CL140,central,1,-1
138324,CB3356,central,1,1
138632,CB2488,central,1,1
138632,CB2488,central,4,4
