model,dsi,flash_ratio,t2_off,score
flow/0000/021,0.6232569899566895,0.29537123441696167,-0.14677810668945312,0.3278857555397279
flow/0000/005,0.5324858994530542,0.37443527579307556,1.0721821784973145,0.15805062365997868
flow/0000/000,0.6323547662656501,0.5248881578445435,0.008861541748046875,0.10746660842110667
flow/0000/022,0.4707762078276221,0.38891518115997314,-0.39129066467285156,0.08186102666764894
flow/0000/036,0.45380192828716254,0.46982651948928833,3.6692800521850586,-0.016024591202125793
flow/0000/003,0.46553840525201595,0.5619652271270752,5.0371785163879395,-0.09642682187505924
flow/0000/027,0.4104950123835305,0.5145883560180664,0.9788942337036133,-0.10409334363453593
flow/0000/038,0.46249851596944214,0.572529673576355,2.4696426391601562,-0.11003115760691284
flow/0000/037,0.414228931369278,0.560887336730957,0.019756317138671875,-0.146658405361679
flow/0000/042,0.4323818616891819,0.5841085910797119,8.873485565185547,-0.15172672939053
flow/0000/044,0.3158193895858363,0.49401313066482544,1.9884185791015625,-0.17819374107898917
flow/0000/016,0.38298934738234247,0.5618311166763306,0.46288561820983887,-0.1788417692939881
flow/0000/023,0.29563462026189735,0.48913243412971497,1.1950979232788086,-0.19349781386781761
flow/0000/015,0.36139943845759964,0.5635354518890381,-0.027994513511657715,-0.20213601343143844
flow/0000/011,0.2878778740522425,0.5066676735877991,0.5160146951675415,-0.21878979953555655
flow/0000/019,0.2829502085854285,0.5462393760681152,-0.13195133209228516,-0.2632891674826867
flow/0000/024,0.28817292173915393,0.5598413944244385,-0.03992462158203125,-0.27166847268528455
flow/0000/007,0.2945537577392415,0.5928339958190918,-0.06371402740478516,-0.2982802380798503
flow/0000/008,0.196336698325888,0.5072742104530334,1.9932365417480469,-0.3109375121271455
flow/0000/030,0.30532679537675894,0.6353563070297241,-0.2342815399169922,-0.3300295116529652
flow/0000/002,0.36264932595839616,0.6957818269729614,1.3592801094055176,-0.33313250101456526
flow/0000/031,0.23066663423802675,0.5757381916046143,-0.2871658205986023,-0.3450715573665875
flow/0000/009,0.29596536454752154,0.643740177154541,0.5448694229125977,-0.3477748126070195
flow/0000/035,0.2716657426771091,0.6290781497955322,1.5513637065887451,-0.35741240711842315
flow/0000/034,0.20447995852814377,0.5916069746017456,-0.005864381790161133,-0.38712701607360184
flow/0000/041,0.29011534855117194,0.7135162353515625,41.53120422363281,-0.42340088680039056
flow/0000/004,0.38089908031361386,0.8067909479141235,-0.53631591796875,-0.4258918676005097
flow/0000/012,0.28599301743753447,0.7328537479043007,0.5644826889038086,-0.4468607304667662
flow/0000/040,0.27695066461628703,0.7532151937484741,1.372846007347107,-0.4762645291321871
flow/0000/017,0.27385354844180765,0.7694758772850037,0.3852977752685547,-0.495622328843196
flow/0000/025,0.22370642303648222,0.724091112613678,-1.7348709106445312,-0.5003846895771957
flow/0000/029,0.3216631397618519,0.8558629751205444,0.10532212257385254,-0.5341998353586925
flow/0000/047,0.17824139421404583,0.7347581386566162,0.783621072769165,-0.5565167444425704
flow/0000/043,0.3384479405237405,0.9123238921165466,3.4139504432678223,-0.5738759515928061
flow/0000/048,0.1932361056324903,0.7703772783279419,5.920433044433594,-0.5771411726954516
flow/0000/013,0.2840015470555847,0.8642805814743042,-0.2723207473754883,-0.5802790344187194
flow/0000/046,0.2891916747870531,0.8906673192977905,4.743594646453857,-0.6014756445107374
flow/0000/033,0.10714704502517651,0.7234111204743385,0.31880617141723633,-0.6162640754491621
flow/0000/032,0.4254819937715033,1.047123670578003,5.439014911651611,-0.6216416768064996
flow/0000/018,0.21212544302105754,0.8474845886230469,0.5027496814727783,-0.6353591456019894
flow/0000/028,0.21371641920807413,1.0011088848114014,-0.1137775182723999,-0.7873924656033272
flow/0000/039,0.15594977042617778,0.9812463521957397,0.48578131198883057,-0.825296581769562
flow/0000/020,0.21849803592784797,1.1633259057998657,0.40554237365722656,-0.9448278698720177
flow/0000/049,0.15335308426736555,1.159226894378662,0.4357842206954956,-1.0058738101112965
flow/0000/045,0.29637417378236075,1.3329747915267944,2.6527481079101562,-1.0366006177444338
flow/0000/001,0.4675307482268032,2.133697986602783,2.762646436691284,-1.66616723837598
flow/0000/006,0.4158942993381115,2.757885456085205,1.1617835760116577,-2.3419911567470937
flow/0000/010,0.2727546094927081,10.137497901916504,-0.5810279846191406,-9.864743292423796
flow/0000/026,0.28950591906389145,42921.1328125,1.0605850219726562,-42920.84330658094
flow/0000/014,0.21713112804918724,435617536.0,-0.6480293273925781,-435617535.78286886
