idx,type,Connectivity,Excitatory x Connectivity
56,CB1538,7,-7
91,CB1066,1,1
94,CB1638,4,4
158,CL253,1,-1
226,CB3877,4,-4
226,CB3877,12,-12
263,SAD052,6,6
264,LC4,8,8
328,PLP018,7,-7
427,LPLC2,3,3
472,AVLP016,4,-4
531,CB3875,19,-19
531,CB3875,33,-33
576,CB2795,1,-1
577,CB3513b,21,-21
577,CB3513b,3,-3
676,CB0626,2,-2
676,CB0626,7,-7
944,DNg56,2,-2
1028,PS004b,3,-3
1442,CB3876,17,-17
1442,CB3876,11,-11
1505,CB3922,1,-1
1505,CB3922,1,-1
1554,SAD021_c,15,-15
1911,LC4,9,9
2306,LPLC2,1,1
2514,PVLP027,31,-31
2514,PVLP027,6,-6
2807,CL108,5,5
2816,LPLC2,3,3
2860,AVLP076,7,-7
2905,DNpe021,2,2
2954,LPLC2,7,7
2955,CB0563,58,-58
2955,CB0563,36,-36
3098,CB2664,1,1
3098,CB2664,4,4
3599,PVLP123a,1,1
3687,PVLP124,2,2
3782,SAD021_c,15,-15
3942,LPLC2,6,6
4430,CB3486,6,6
4462,CB3483,1,-1
4876,CL022,11,11
4954,LPLC2,10,10
5141,LPLC2,11,11
5157,LPLC2,4,4
5341,CB2824,2,-2
5491,CL323a,9,9
5503,LPLC2,2,2
5524,JO-B1_a,1,1
5536,PVLP122b,53,53
5536,PVLP122b,6,6
6545,LPLC2,1,1
6705,JO-A5,7,7
6798,AVLP059,1,-1
6931,CB0568,1,-1
7153,SAD064,21,21
7598,CB2664,1,1
7598,CB2664,6,6
7834,nan,1,1
7834,nan,17,17
7856,JO-A5,16,16
8498,CB3707,63,-63
8498,CB3707,91,-91
8527,JO-CA2,1,1
8785,LPLC2,3,3
9026,PS005,8,-8
9141,CB1138,3,3
9141,CB1138,13,13
9313,DNp103,24,24
9336,AN_AVLP_GNG_21,5,5
9350,LC4,4,4
9379,LPLC2,7,7
9497,CB0027,4,-4
9597,CB2278,4,-4
9631,CB3904,1,-1
9631,CB3904,1,-1
9658,LPLC2,4,4
9693,SLP455,1,1
9815,CB2266,2,2
10119,CB2795,1,-1
10209,LPLC2,11,11
10358,CL121_a,3,-3
10358,CL121_a,6,-6
10517,CB3513b,1,-1
10517,CB3513b,25,-25
10627,LC4,9,9
10705,CL121_a,2,-2
10705,CL121_a,3,-3
11095,LPLC2,7,7
11577,PS005,3,-3
11653,LPLC2,4,4
11709,SAD049,30,30
11725,CB0758,1,-1
11744,PVLP122b,4,4
11744,PVLP122b,91,91
11945,CB3245,1,-1
12110,LPLC2,6,6
12619,AVLP040,8,8
12632,AN_multi_19,9,-9
12822,AMMC-A1,6,6
12822,AMMC-A1,2,2
12858,CB3486,19,-19
13027,SAD021_c,11,-11
13067,LC4,7,7
13077,LPLC2,3,3
13239,CB3692,1,1
13333,CB3105,2,-2
13515,LPLC2,1,1
13728,LC4,8,8
13909,LC4,9,9
14164,LPLC2,15,15
14284,LC4,9,9
14345,LC4,12,12
14493,LPLC2,5,5
14563,LC4,5,5
14649,PVLP151,42,42
14659,JO-B1_c,4,4
14979,CB0563,52,-52
14979,CB0563,63,-63
15167,LPLC2,7,7
15397,VESa1_P02,2,-2
15527,LPLC2,7,7
15796,LPLC2,9,9
15883,LC4,12,12
15920,CB1498,2,2
16013,LPLC2,4,4
16070,CB0659,10,10
16114,PLP093,7,7
16485,LPLC2,4,4
16700,LPLC2,2,2
16821,LC4,3,3
16836,LC4,7,7
17168,SAD053,11,11
17168,SAD053,3,3
17363,CL323b,11,11
17385,SMP068,11,-11
17467,LPLC2,12,12
17568,AN_GNG_SAD_3,6,-6
17568,AN_GNG_SAD_3,27,-27
17677,CB3416,1,-1
17677,CB3416,1,-1
17935,LC4,6,6
17997,CB0397,9,-9
18045,LC4,5,5
18268,CB1816,3,-3
18413,LPLC2,5,5
18417,CB1638,3,3
18555,LPLC2,9,9
18579,DNg106,1,-1
18594,LPLC2,4,4
19077,JO-A5,15,15
19106,CB1948,4,-4
19222,LPLC2,5,5
19413,AN_multi_8,2,-2
19611,AVLP442,31,31
19839,JO-A5,5,5
19957,CB2664,14,14
19957,CB2664,2,2
19964,LTe18,1,1
20166,LPLC2,7,7
20378,CB1378,7,7
20540,PVLP151,51,51
20540,PVLP151,1,1
20621,LPLC2,15,15
20770,LC4,14,14
20802,DNp59,11,-11
20810,LC4,16,16
20981,LPLC2,3,3
20989,CB1280,5,5
21150,CB1969,1,-1
21420,LPLC2,12,12
22002,LC4,6,6
22455,LC4,2,2
22464,LPLC2,3,3
22613,DNpe042,3,3
22613,DNpe042,39,39
22701,LPLC2,6,6
22751,LC4,4,4
23094,JO-B1_a,7,7
23114,CB2472,1,1
23130,LC4,11,11
23330,LPLC2,2,2
23467,LPLC2,4,4
23502,PVLP027,7,-7
23502,PVLP027,32,-32
23619,CB2426,2,-2
23684,CB1314,4,-4
23901,CB3439,1,-1
23927,LC4,6,6
24128,LCe04,5,5
24150,PVLP024,30,-30
24150,PVLP024,1,-1
24181,JO-B1_c,4,4
24281,LC4,12,12
24611,JO-A5,9,9
24788,SAD052,4,4
24901,JO-A5,7,7
25387,LPLC2,9,9
25423,LPLC2,3,3
25457,CB1760,2,-2
25538,LPLC2,4,4
25605,LPLC2,10,10
25760,PS004a,2,-2
25856,CB3323,1,-1
25985,LC4,6,6
26047,LPLC2,3,3
26058,CB1314,1,-1
26169,LPLC2,3,3
26339,CB1236,1,1
26360,LPLC2,8,8
26518,CB3491,9,-9
26668,CB1444,1,1
26863,AMMC-A1,12,12
26863,AMMC-A1,8,8
27074,LPLC2,4,4
27171,DNge039,2,2
27254,AVLP460,1,-1
27478,LPLC2,1,1
27876,"CL166,CL168",3,3
28152,CL055,2,-2
28213,LC4,6,6
28264,LPLC2,2,2
28273,"CL166,CL168",1,1
28741,JO-B1_a,1,1
28863,AN_AVLP_GNG_21,2,2
29066,CL322,1,1
29072,CB3024,10,-10
29383,LC4,8,8
29469,WED114,2,2
29734,PVLP062,19,19
29734,PVLP062,62,62
29782,CB0979a,1,-1
29887,LC4,9,9
30179,AVLP086,1,-1
30208,LC4,7,7
30281,AN_multi_33,1,-1
30292,LPLC2,11,11
30313,LPLC2,5,5
30363,CB3486,6,6
30533,LC4,9,9
30592,nan,19,-19
30843,CB2521,1,1
30843,CB2521,1,1
30883,WED116,30,30
30883,WED116,2,2
30887,CB0527,6,-6
30964,SAD049,21,21
31030,LPLC2,3,3
31081,CB3544,2,-2
31081,CB3544,17,-17
31284,PVLP124,7,7
31365,SAD017,61,-61
31406,CL038,50,-50
31554,CL022,12,12
32330,DNp69,1,1
32651,CB3105,2,-2
32846,AVLP502,1,1
32846,AVLP502,1,1
32871,JO-B1_a,3,3
32915,CB3707,74,-74
32915,CB3707,99,-99
33127,LPLC2,4,4
33149,LC4,8,8
33438,SAD052,2,2
33869,CL066,42,-42
33951,LPLC2,8,8
34245,LC4,7,7
34246,LC4,9,9
34291,CB3707,84,-84
34291,CB3707,60,-60
34382,CB1816,5,-5
34402,LC4,10,10
34409,LC4,5,5
34445,LC4,6,6
34579,LPLC2,8,8
34603,LC4,3,3
34615,DNp70,322,322
34615,DNp70,17,17
34924,CB2664,9,9
35171,LPLC2,4,4
35189,PLP018,11,-11
35437,CL121_a,2,-2
35437,CL121_a,4,-4
35471,AMMC-A1,2,2
35471,AMMC-A1,4,4
35534,LPLC2,3,3
35579,CB0623,3,3
35790,CB2153,4,4
35790,CB2153,4,4
35831,LPLC2,15,15
36052,CB2917,1,1
36093,LC4,10,10
36239,LC4,13,13
36252,LPLC2,2,2
36310,LC4,7,7
36332,CB3741,2,-2
36357,CB2228,1,-1
36506,PVLP069,2,2
36646,LC4,5,5
36827,JO-B1_a,2,2
37106,LPLC2,2,2
37128,PVLP010,137,-137
37545,PS181,1,1
37550,CB2789,3,3
37567,DNpe042,14,14
37567,DNpe042,55,55
37638,CB1816,5,-5
37781,JO-DA,2,2
37811,CL108,1,1
38211,LPLC2,4,4
38463,LPLC2,2,2
38907,LC4,1,1
38933,CB1425,5,5
38958,AVLP263,2,2
38958,AVLP263,8,8
39011,CL022,6,6
39054,CB3201,2,2
39473,SAD014,22,-22
39473,SAD014,9,-9
39606,PVLP122b,4,4
39606,PVLP122b,70,70
39628,CB1638,4,4
39720,CB2472,5,5
39722,LPLC2,8,8
39826,DNp02,3,3
39827,LPLC2,9,9
39854,AVLP203,2,-2
40093,PVLP024,2,-2
40093,PVLP024,30,-30
40277,LPLC2,8,8
40910,LPLC2,3,3
41085,AVLP195,1,1
41281,LPLC2,1,1
41386,LPLC2,11,11
41437,CB0758,1,-1
41564,AVLP040,2,2
41597,CB3024,4,-4
41881,CL002,2,-2
42152,CB2576,2,2
42233,PVLP022,1,-1
42377,CB2254,1,-1
42377,CB2254,6,-6
42414,PVLP123a,1,1
42850,LPLC2,3,3
42880,LC4,9,9
42886,LC4,12,12
42923,PVLP017,33,-33
43042,CB1760,1,-1
43065,SAD064,22,22
43207,CL323b,6,6
43382,JO-B1_b,2,2
43387,JO-B1_b,1,1
43619,DNp02,1,1
44200,LPLC2,3,3
44237,SAD021_a,19,-19
45196,LC4,9,9
45496,LPLC2,8,8
45558,LC4,4,4
45928,CB2238,1,-1
45955,PS005,2,-2
46058,LPLC2,10,10
46146,LC4,9,9
46344,CB0979b,10,-10
46636,CB2664,6,6
46636,CB2664,4,4
46742,PVLP062,89,89
46742,PVLP062,19,19
47110,PVLP021,1,-1
47339,AVLP093,27,-27
47420,PS005_f,1,-1
47583,LC4,7,7
47600,CB3880,1,-1
47980,CL286,3,3
48086,SAD052,5,5
48407,CB0352,1,-1
48452,CB2824,2,-2
48546,CB1065,3,-3
48805,PVLP021,4,-4
49367,PLP018,2,-2
49698,LC4,3,3
49732,DNge039,5,5
49751,CB1231a,2,-2
49786,SAD021_a,6,-6
50384,LPLC2,8,8
50424,AVLP076,3,-3
50899,CB4161,1,-1
50899,CB4161,2,-2
50942,PVLP100,16,-16
50971,CB2853,3,-3
51088,CB1498,6,6
51100,LC4,6,6
51227,AVLP542,12,-12
51555,PLP060,5,-5
51572,CB3416,8,-8
51572,CB3416,1,-1
51644,CB3245,1,-1
51661,CB1638,11,11
52037,LPLC2,3,3
52198,AVLP442,9,9
52342,CB3381,4,-4
52365,PS001,17,-17
52512,LPLC2,2,2
52832,CB2364,1,-1
53073,AN_AVLP_GNG_21,1,1
53122,LC4,12,12
53346,LTe18,3,3
53346,LTe18,3,3
53436,LPLC2,11,11
53517,LPLC2,3,3
53582,CL001,3,-3
53843,CL121_a,2,-2
53843,CL121_a,1,-1
54106,CB2472,5,5
54345,LPLC2,2,2
54392,CB0307,12,-12
54428,PVLP141,1,1
54455,LC4,7,7
54514,PVLP130,2,-2
54896,CB3486,15,-15
54960,CB3905,3,-3
54998,LPLC2,2,2
55273,AN_multi_124,1,1
55583,LC4,5,5
55703,AVLP094,56,-56
55863,JO-B1_c,1,1
56320,DNp06,1,1
56360,LPLC2,8,8
56822,AVLP203,2,-2
56884,LPLC2,9,9
57062,CL022,9,9
57783,LC4,4,4
57994,CB2102,1,1
58087,LPLC2,1,1
58111,DNg40,2,-2
58436,LPLC2,6,6
58895,CB2866,1,1
59063,JO-B1_a,7,7
59418,VESa1_P02,5,-5
59739,LPLC2,2,2
59911,AN_multi_19,11,-11
60151,LPLC2,12,12
60286,JO-B1_c,1,1
60310,SAD014,29,-29
60310,SAD014,10,-10
60372,PS002,5,-5
60409,CB3903,8,-8
60409,CB3903,3,-3
60524,AN_GNG_AMMC_3,2,-2
60863,CB0527,4,-4
61310,JO-B1_c,1,1
61444,LPLC2,8,8
61559,PVLP137,2,2
61937,LPLC2,2,2
61996,CB0027,5,-5
62105,CB1760,4,-4
62320,CB1886,1,1
62487,LPLC2,2,2
62546,DNp103,17,17
62551,CB1143,1,1
62674,CB0414,16,-16
62674,CB0414,41,-41
62676,JO-B1_a,17,17
62732,CB2940,1,1
62781,LPLC2,9,9
62851,SMP068,34,-34
63058,CB3114,1,1
63351,LPLC2,2,2
63536,PVLP010,113,-113
63706,CB2364,1,-1
63874,LPLC2,1,1
63894,LC4,3,3
64000,CB3381,14,-14
64186,JO-B1_a,13,13
64467,LC4,7,7
64591,CB1948,2,-2
64769,CB3916,1,-1
64769,CB3916,4,-4
64895,"SAD011,SAD019",2,-2
64964,PS002,2,-2
65063,LPLC2,4,4
65254,LPLC2,6,6
65508,PLP018,12,-12
65912,DNp70,16,16
65912,DNp70,232,232
65955,AVLP396,22,22
65959,LPLC2,5,5
66179,CL286,1,1
66188,CB2472,3,3
66296,LPLC2,4,4
66565,AVLP210,2,2
66823,AVLP040,1,1
66837,LPLC2,1,1
66850,CB1638,12,12
67016,CB0104,45,-45
67133,CB3416,1,-1
67133,CB3416,2,-2
67237,LPLC2,4,4
67348,CB3439,4,-4
67479,SAD017,29,-29
67479,SAD017,22,-22
67641,CB3549,1,-1
67656,CB0090,2,-2
67889,CB2305,5,5
67889,CB2305,4,4
67955,LPLC2,9,9
67983,CL002,1,-1
68119,LC4,6,6
68329,JO-A5,2,2
68461,LC4,8,8
68628,CB0979b,6,-6
68741,LPLC2,12,12
68784,AN_GNG_SAD_3,7,-7
68784,AN_GNG_SAD_3,35,-35
68836,LPLC2,1,1
69313,LPLC2,4,4
69378,CB2824,3,-3
69503,AVLP040,2,2
69551,LC4,7,7
70333,DNpe026,1,1
70370,CB3513a,14,-14
70434,LPLC2,11,11
70460,CB0443,2,-2
70471,CB3549,3,-3
70471,CB3549,3,-3
71515,CL121_a,12,-12
71515,CL121_a,1,-1
71655,LPLC2,3,3
71679,CB3692,1,1
72502,PVLP151,61,61
72670,AVLP542,3,-3
72725,LPLC2,11,11
72742,LPLC2,4,4
72750,CB0979b,6,-6
72757,LPLC2,7,7
72943,PVLP123b,10,10
73156,cM19,2,-2
73464,LPLC2,4,4
73496,LC4,6,6
73522,LC4,10,10
73727,nan,27,-27
73731,CB3491,7,-7
73846,LC4,15,15
73964,LC4,12,12
73977,LC4,11,11
74117,PS208b,4,4
74288,LC4,8,8
74426,AVLP202,26,-26
74426,AVLP202,19,-19
74451,CB3682,2,2
74633,PLP211,1,1
75148,LPLC2,1,1
75164,JO-A5,2,2
75302,CL023,1,1
75394,CB3544,15,-15
75394,CB3544,3,-3
75519,WED116,16,16
75591,CB1498,5,5
75625,SMP068,19,-19
75650,CB4238,1,-1
75985,AN_AVLP_GNG_1,2,2
76164,LPLC2,4,4
76378,LPLC2,3,3
76448,CB3649,4,4
76530,LPLC2,12,12
76608,CB0979b,1,-1
77031,LC4,6,6
77241,PVLP122a,33,33
77241,PVLP122a,1,1
77298,LC4,9,9
77411,LC4,13,13
77718,PVLP074,1,1
78101,LPLC2,2,2
78311,AVLP016,1,-1
78527,PVLP141,1,1
78637,AVLP040,1,1
78788,cL18,1,-1
78878,LPLC2,6,6
78895,PS005,15,-15
79051,DNg40,3,-3
79150,LC4,10,10
79218,CB3416,1,-1
79218,CB3416,2,-2
79470,SAD023,11,-11
79752,AVLP210,5,5
80268,CB2072,2,-2
80272,CB0010,111,-111
80862,CB0956,3,3
80965,JO-A5,3,3
80996,CB3877,11,-11
80996,CB3877,13,-13
81112,CB1948,1,-1
81378,SAD053,7,7
81378,SAD053,19,19
81717,SAD049,13,13
82056,LPLC2,1,1
82114,CB2228,2,-2
82227,PLP019,4,-4
82364,SAD014,28,-28
82364,SAD014,35,-35
82551,CB1231b,10,-10
82622,CB0979b,12,-12
82722,DNd03,1,1
82773,DNge130,15,15
82937,LC4,7,7
83048,CB0083,1,-1
83138,LPLC2,4,4
83590,CB1538,8,-8
83815,LPLC2,1,1
84107,AVLP201,2,-2
84369,CL264,1,1
84520,CB1638,11,11
85065,LPLC2,5,5
85075,LPLC2,12,12
85748,CB3486,21,-21
85795,CB3024,1,-1
85903,LPLC2,9,9
86033,LC4,5,5
86146,LC4,5,5
86333,OCC01a,1,1
86797,LPLC2,5,5
86912,CL038,58,-58
87213,SAD021_a,10,-10
87495,CL066,9,-9
88027,LPLC2,2,2
88029,CL121_a,5,-5
88029,CL121_a,2,-2
88184,LC4,5,5
88282,AVLP202,6,-6
88282,AVLP202,42,-42
88331,CB0021,1,-1
88373,LC4,7,7
88424,LC4,8,8
88693,LC4,12,12
89038,PVLP123c,42,42
89038,PVLP123c,1,1
89165,LC4,8,8
89187,LPLC2,7,7
89200,LC4,9,9
89378,CL140,2,-2
89699,LC4,13,13
89746,AN_AMMC_SAD_1,1,-1
89773,CB2102,1,1
90122,LPLC2,4,4
90131,CB3114,6,6
90242,PVLP017,21,-21
90303,PVLP094,2,-2
90479,CB1231a,3,-3
90573,LPLC2,7,7
90662,CB0300,1,1
90786,LC4,7,7
90959,LPLC2,3,3
91213,CL308,8,8
91245,LPLC2,5,5
91306,LPLC2,11,11
91479,CB3415,1,1
91910,CL121_a,3,-3
92104,CB1498,8,8
92575,JO-A5,13,13
92830,LPLC2,15,15
92908,PVLP123c,16,16
93265,LPLC2,10,10
93578,CB0956,2,2
94420,PVLP122b,49,49
94420,PVLP122b,4,4
94443,PVLP018,1,-1
94746,CB3400,1,1
94783,CL121_a,5,-5
94783,CL121_a,3,-3
94792,cM19,17,-17
94792,cM19,5,-5
94849,CB0010,112,-112
94890,WED046,1,1
95107,LC4,7,7
95123,DNp04,3,3
95216,DNp11,1,1
95800,CB2338,1,-1
95975,CB1378,4,4
96081,SAD021_c,10,-10
96243,LC4,8,8
96263,LPLC2,7,7
96361,CB2612,1,-1
96384,CB3439,2,-2
96538,CB1869,1,1
96914,AVLP547b,3,-3
97190,LC4,6,6
97473,LPLC2,3,3
97478,PS005_f,3,-3
97510,CL266_a,1,1
97606,AN_GNG_SAD_18,4,-4
97661,SAD014,47,-47
97661,SAD014,27,-27
97732,SAD021_a,9,-9
97839,CB1702,2,2
97851,CB0632,1,-1
98064,PVLP069,3,3
98592,CL204,5,5
98741,OA-VUMa4,1,1
98862,LC4,4,4
99019,CB2228,1,-1
99489,CB1542,1,1
99531,DNp32,1,1
99662,PS005,11,-11
99745,LPLC2,6,6
99949,PS005_f,1,-1
100114,CB1231a,1,-1
100157,LPLC2,4,4
100238,PVLP015,1,-1
100339,CB3491,3,-3
100572,SAD064,1,1
100807,LPLC2,7,7
100901,LC4,3,3
101460,CB1198,1,-1
101707,LC4,3,3
101744,CB3486,3,3
101892,LC4,14,14
102065,LT38,1,-1
102213,LPLC2,14,14
102527,CB0264,2,2
102724,PLP229,1,1
102771,AMMC-A1,3,3
103389,LPLC2,7,7
103504,PS001,33,-33
103513,LC4,7,7
103670,PVLP026,8,-8
103670,PVLP026,16,-16
103701,LPLC2,8,8
103783,LPLC2,11,11
103862,JO-DA,1,1
104108,JO-A5,8,8
104545,CB0979b,12,-12
104684,LPLC2,8,8
104885,PVLP124,17,17
104984,CB3114,10,10
105191,AMMC-A1,6,6
105191,AMMC-A1,7,7
105415,LPLC2,12,12
105547,PVLP026,27,-27
105547,PVLP026,5,-5
105617,CB1498,3,3
105779,LHAD1g1,124,-124
106068,CB2305,3,3
106111,CB0397,18,-18
106220,CB3483,2,-2
106554,PVLP100,5,-5
106560,LPLC2,1,1
106707,DNge130,10,10
106877,LPLC2,14,14
106901,"SAD011,SAD019",2,-2
108148,PVLP024,22,-22
108148,PVLP024,5,-5
108631,CL001,5,-5
108651,LC4,10,10
108811,LPLC2,2,2
108854,CL313,2,2
109531,CB3114,2,2
109637,CL118,7,-7
109663,LPLC2,5,5
109680,LC4,9,9
109799,CL038,56,-56
109955,LC4,5,5
109987,LPLC2,3,3
110234,CB1702,2,2
110243,AVLP094,27,-27
110690,CB3878,10,-10
110690,CB3878,12,-12
110829,CB0307,17,-17
110873,CB3491,5,-5
110942,LC4,10,10
110995,CL308,1,1
111040,CB3245,4,-4
111531,PVLP123b,16,16
111624,CL038,85,-85
111699,LC4,7,7
111791,AVLP093,18,-18
112027,CL128a,1,-1
112348,SAD064,5,5
112357,CB1538,9,-9
112581,CB1538,21,-21
112642,LPT29,1,1
112800,LPLC2,11,11
112857,CB3879,12,-12
112907,LC4,14,14
112936,LPLC2,3,3
113320,CB1816,3,-3
113428,PVLP015,1,-1
114262,CL022,4,4
114273,AVLP040,3,3
114284,PVLP123a,3,3
114286,PS004a,2,-2
114373,CB0659,6,6
114495,CL316,5,-5
114505,LPLC2,14,14
114804,CL121_a,3,-3
114804,CL121_a,3,-3
114889,CB3245,1,-1
114931,CB1498,1,1
114994,CB3739,1,-1
115073,CB3879,19,-19
115255,CB1066,8,8
115387,LC4,6,6
115498,CB0979b,3,-3
115559,CB2153,8,8
115637,AN_AVLP_12,2,2
115771,CB0766,1,1
115843,LPLC2,5,5
115915,CB0306,1,1
116067,PLP060,4,-4
116142,PVLP021,14,-14
116609,LPLC2,1,1
116669,PVLP137,2,2
116704,LPLC2,7,7
116721,PVLP122a,41,41
116937,LHAD1g1,130,-130
117257,CB0626,6,-6
117257,CB0626,2,-2
117332,LPLC2,5,5
117464,CB1280,8,8
117525,LPLC2,8,8
117623,JO-B1_c,1,1
118032,LPLC2,5,5
118209,LPLC2,8,8
118251,CB1231b,2,-2
118664,CB3105,2,-2
118736,CB2238,1,-1
118928,LC4,8,8
119162,CL128a,6,-6
119290,PVLP100,8,-8
119322,SAD021_a,7,-7
119461,CB1066,1,1
119676,PS005,7,-7
119993,LPLC2,3,3
120493,LPLC2,4,4
120524,LPLC2,5,5
120735,CB1143,4,4
120898,CB3707,119,-119
120898,CB3707,43,-43
120904,AVLP396,28,28
121258,LPLC2,7,7
121442,LPLC2,10,10
121451,LC4,6,6
121544,LPLC2,8,8
121733,LPLC2,5,5
121949,SAD049,11,11
122294,DNpe045,2,2
122374,AVLP263,7,7
122374,AVLP263,5,5
122443,CB3245,1,-1
122456,JO-A5,3,3
122567,SAD014,11,-11
122567,SAD014,48,-48
122784,CB0956,4,4
122945,CB1383,2,-2
123057,CB2664,18,18
123057,CB2664,7,7
123078,AN_AVLP_GNG_21,1,1
123165,LPLC2,2,2
123713,LPLC2,2,2
124165,CB1231b,11,-11
124304,"SAD011,SAD019",4,-4
124435,JO-A5,2,2
124660,CB0956,1,1
124829,LC4,3,3
124935,LC4,9,9
125206,CB3905,3,-3
125217,LPLC2,3,3
125356,CB0956,2,2
125744,LPLC2,8,8
125852,PVLP011,11,-11
125875,PVLP151,35,35
125896,CB1439,1,-1
125897,LPLC2,8,8
126107,AVLP547b,11,-11
126366,LPLC2,2,2
126552,LPLC2,13,13
126617,CB2153,1,1
126617,CB2153,3,3
126711,CB2664,3,3
126711,CB2664,16,16
126955,JO-A5,1,1
127094,SAD023,7,-7
127306,CB2785,1,-1
127770,JO-A5,2,2
127938,CB3877,23,-23
127938,CB3877,17,-17
127954,LC4,16,16
128089,LPLC2,2,2
128102,LPLC2,2,2
128134,LPLC2,5,5
128696,CB1638,10,10
128764,CL323a,7,7
129051,LPLC2,3,3
129477,SAD021_a,30,-30
129480,LPLC2,1,1
129501,CB2254,13,-13
129640,SAD014,19,-19
129640,SAD014,7,-7
129665,LC4,5,5
130005,PS088,2,-2
130005,PS088,1,-1
130046,JO-B1_c,7,7
130068,PVLP011,2,-2
130074,JO-CA1,1,1
130091,JO-B1_a,10,10
130171,CB1731,1,1
130248,CB3513a,8,-8
130248,CB3513a,3,-3
130255,CB1538,5,-5
130518,CB3921,10,-10
130518,CB3921,2,-2
130519,LC4,10,10
130669,AVLP429,3,3
130768,SAD013,37,-37
130854,LPLC2,5,5
131032,LPLC2,8,8
131563,LPLC2,2,2
131937,CL122_a,1,-1
132303,JO-B1_a,3,3
132317,CB0414,30,-30
132317,CB0414,7,-7
132398,AN_AVLP_GNG_21,8,8
132516,LPLC2,1,1
132570,nan,3,3
132660,CB1314,12,-12
132698,PS191b,1,-1
132783,JO-B1_a,1,1
133158,CB1638,8,8
133193,CB0104,8,-8
133695,PS005_f,1,-1
133766,CB0264,1,1
134013,LPLC2,7,7
134101,DNp59,9,-9
134164,LPLC2,8,8
134247,LPLC2,2,2
134553,LPLC2,1,1
134682,LC4,8,8
134866,"AVLP037,AVLP038",2,2
135125,CB2153,6,6
135125,CB2153,4,4
135809,LPLC2,16,16
136163,SAD013,10,-10
136180,PVLP024,6,-6
136180,PVLP024,7,-7
136325,LPLC2,7,7
136520,LC4,4,4
136976,DNp32,15,15
137045,CB1538,14,-14
137218,LC4,6,6
137548,MeMe_e07,1,-1
137555,LPLC2,4,4
137567,LPLC2,5,5
137606,CB2278,4,-4
137628,CB1314,5,-5
137900,SMP068,27,-27
137933,LPLC2,9,9
138097,CB2472,2,2
138097,CB2472,1,1
138254,AVLP040,1,1
138370,CB1948,6,-6
138623,LPLC2,5,5
