Presynaptic_Index,Postsynaptic_Index,Excitatory x Connectivity
138645,159136,-3
138742,146523,-5
138742,148380,-3
138742,151376,-4
362,148380,7
362,159136,18
139045,149423,-3
139059,156192,-6
139188,157346,7
139191,153474,3
139193,156192,8
139193,157346,4
139197,142187,20
139197,146523,5
139250,149423,102
139250,153474,10
139250,157346,111
139287,146523,-3
139355,151376,3
139509,151376,3
139521,157346,-3
139529,153474,-3
139537,161286,-6
139575,148380,3
139732,142187,6
139732,146523,5
139732,155719,25
139732,156192,3
139732,159136,6
139827,155719,-5
139857,159136,-3
139952,151376,5
87813,156192,21
120908,153474,3
140233,149423,-5
140276,142187,7
140276,146523,14
140276,148380,3
140291,142187,12
140340,151376,3
140360,156192,3
140361,155719,-3
140418,148380,3
140418,161286,4
140474,153474,-7
140485,149423,9
140631,157346,8
140647,149423,4
140668,149423,3
18857,155719,-3
140875,156192,-4
140942,146523,5
140966,148380,5
140991,155719,3
140991,159136,11
141022,149423,-11
41800,155719,9
41800,159136,46
141102,148380,-8
141102,161286,-10
141103,153474,10
141103,156192,6
141150,155719,-10
141291,151376,6
141291,153474,17
141291,155719,9
141291,156192,11
141545,142187,-10
141545,146523,-45
141545,151376,-4
141546,151376,-3
141564,151376,-8
141565,142187,5
141565,146523,4
141579,149423,-15
141579,153474,-21
141579,157346,-13
141579,161286,-4
141618,155719,-20
141622,146523,5
141701,153474,4
141740,142187,-65
141740,146523,-72
141740,151376,-13
141740,155719,-34
141740,159136,-57
141892,146523,-5
141896,155719,3
141905,149423,3
142009,151376,5
142125,151376,-8
142125,153474,-3
142125,155719,-3
142125,156192,-3
142137,156192,4
142154,142187,-18
142154,146523,-22
142154,151376,-11
142184,151376,-4
142187,146523,4
142187,148380,18
142187,155719,3
142207,157346,4
75554,153474,-3
75554,155719,-8
75554,156192,-12
75554,159136,-3
142232,142187,-15
142232,146523,-28
142232,148380,-10
142232,151376,-18
142234,142187,-7
142234,146523,-4
142239,159136,-4
142292,151376,-3
142292,155719,-3
142320,149423,7
142384,146523,8
142396,149423,-5
142503,142187,-6
142503,146523,-7
142503,151376,-4
142505,142187,8
142505,159136,3
142569,156192,4
142611,149423,5
142611,157346,11
142624,151376,6
142653,146523,-4
142653,148380,-6
142826,142187,-10
142826,146523,-8
142841,149423,39
142841,153474,8
142841,157346,3
143040,149423,5
143163,146523,-7
143163,149423,-4
143172,149423,-9
143172,157346,-6
143202,142187,15
143202,146523,10
143202,148380,5
143202,159136,7
143214,149423,4
143214,153474,3
143214,155719,7
143214,156192,31
143214,157346,8
143266,157346,6
143312,149423,126
143312,153474,6
143312,157346,76
143411,155719,-6
143419,142187,-13
143419,146523,-8
143446,142187,4
143446,146523,8
143446,159136,4
143474,153474,-7
143474,155719,-14
143536,149423,-13
143543,157346,-4
143636,146523,3
143678,142187,50
143678,146523,22
143709,148380,3
143813,146523,3
143872,142187,9
143941,156192,-11
143941,157346,-12
143991,151376,4
144076,149423,-17
144076,153474,-21
144132,149423,-17
144132,157346,-12
144133,148380,7
144174,149423,-42
144174,153474,-10
144174,157346,-65
144174,161286,-37
68709,156192,5
68709,157346,8
144305,159136,5
144312,153474,-8
144322,146523,-3
144328,142187,4
144328,153474,4
144328,155719,21
144328,159136,3
144493,149423,22
144493,157346,50
144497,149423,3
144497,157346,4
144613,146523,-4
144724,157346,-11
132099,153474,13
144921,142187,19
144921,146523,23
145043,159136,-3
145070,151376,3
145082,155719,7
119368,153474,4
145191,155719,4
145194,149423,-14
145194,157346,-6
145331,146523,11
145340,156192,5
145362,142187,-10
145362,146523,-10
145372,151376,-3
145372,155719,-3
145372,159136,-3
145379,153474,-4
55407,159136,-3
145420,146523,3
145515,151376,9
145609,149423,21
145609,157346,21
145626,142187,-3
145626,146523,-14
145626,148380,-3
145626,151376,-3
145643,153474,-5
145718,156192,5
145748,149423,-9
145748,153474,-3
145748,157346,-4
145748,161286,-5
145753,156192,12
145813,155719,5
145916,153474,3
145987,155719,6
146029,153474,-3
146072,155719,6
146072,159136,9
146106,149423,-8
146106,153474,-3
146106,157346,-3
146106,161286,-3
146123,142187,3
146128,157346,-4
146172,159136,-3
146198,149423,-18
146198,153474,-5
146198,157346,-17
146199,149423,-31
146199,153474,-10
146199,157346,-12
146271,156192,3
146290,146523,8
146290,151376,3
146290,159136,4
146390,151376,-3
146411,157346,-3
146523,148380,18
146523,151376,4
146553,155719,-3
146553,159136,-3
146580,149423,6
146580,157346,5
146590,149423,-7
146590,153474,-7
146590,157346,-6
146631,148380,11
146632,153474,6
146726,157346,-3
146888,159136,-4
146917,161286,9
146934,142187,22
146934,146523,46
147160,153474,-9
82105,142187,22
82105,146523,21
57246,155719,11
57246,159136,10
147242,142187,-5
32925,142187,-53
32925,146523,-11
32925,148380,-36
147274,148380,-3
147274,151376,-6
147306,151376,-7
147313,151376,-5
147313,153474,-6
147321,149423,-6
147321,161286,-3
147352,149423,-3
147352,153474,-5
147369,156192,-3
147369,159136,-3
147384,149423,7
147384,156192,3
147384,157346,13
147390,155719,3
147400,146523,-4
147425,161286,-3
147431,157346,-3
147474,142187,-14
147474,146523,-24
147474,148380,-5
147474,151376,-17
147474,155719,-5
147489,148380,-4
147535,148380,-4
17777,156192,5
17777,159136,8
147811,146523,3
147887,142187,4
147887,149423,10
147887,156192,3
147887,157346,7
147887,159136,13
34952,159136,-5
147956,157346,6
147988,157346,16
148079,157346,-6
148084,156192,-4
148161,149423,-5
148320,153474,-4
148336,155719,4
148338,146523,3
148353,149423,4
148353,153474,4
148353,156192,3
148380,142187,3
148380,156192,7
148380,159136,6
148380,161286,3
148397,157346,3
148573,151376,3
148579,161286,-11
148618,151376,-3
148618,153474,-6
148621,142187,-6
148621,146523,-33
148621,148380,-14
148621,151376,-17
148706,151376,-3
148954,155719,-3
148954,156192,-12
148960,142187,13
148960,146523,15
137538,151376,6
148978,151376,3
148978,155719,5
148993,159136,13
149162,142187,-11
149162,146523,-3
149192,142187,12
149371,146523,-5
149371,151376,-7
149401,151376,4
149423,157346,15
149423,161286,22
149511,161286,4
149528,149423,-8
149528,155719,-3
149528,156192,-12
149528,157346,-11
149585,159136,13
149586,146523,-4
149586,151376,-6
149594,149423,-5
149597,142187,-19
149597,146523,-10
149597,148380,-5
149602,142187,-21
149632,149423,-4
149632,153474,-5
149632,156192,-5
149718,151376,-11
149912,149423,-5
149912,157346,-12
149958,155719,-5
149997,157346,-3
150010,157346,-3
150019,142187,-47
150019,146523,-46
150019,148380,-9
150019,151376,-39
150019,155719,-3
150048,142187,4
150049,156192,3
150058,142187,12
150058,146523,17
150058,153474,7
150058,155719,32
150058,156192,5
150058,159136,9
135576,148380,4
150127,153474,-8
150170,153474,3
150192,153474,-8
150307,148380,-7
150349,149423,-8
150349,157346,-7
150362,148380,-3
150403,149423,4
150459,149423,-3
150459,157346,-3
150586,149423,-6
150586,157346,-16
150622,153474,-3
150716,149423,4
150743,149423,6
150743,153474,10
150743,155719,3
150743,156192,11
150743,157346,7
150750,142187,-7
150808,149423,5
150866,142187,-6
150891,149423,-8
150945,149423,-18
150945,153474,-3
150945,157346,-4
150963,149423,-5
150963,157346,-12
151092,151376,-7
151113,153474,-3
151122,146523,3
151245,161286,5
151354,142187,-14
151354,146523,-6
151354,155719,-3
151354,156192,-4
151376,148380,3
151395,142187,89
151395,146523,88
151395,151376,6
151406,155719,-3
151406,156192,-4
151465,142187,3
151465,146523,8
151465,149423,7
151493,142187,-5
151493,146523,-4
151501,161286,-4
151570,151376,3
151668,146523,-4
151668,151376,-6
151738,153474,-7
151816,156192,-5
151821,159136,3
151829,146523,3
151829,151376,8
151829,155719,6
151829,159136,6
151861,142187,-4
151861,146523,-3
151868,142187,27
151868,146523,24
151868,155719,4
151951,159136,-5
151968,159136,12
152077,151376,4
152102,153474,-4
152104,151376,-3
152104,155719,-11
152247,149423,16
152247,157346,11
152261,156192,-4
152289,142187,-16
152289,146523,-15
152289,149423,-14
152289,157346,-8
152289,161286,-6
152295,161286,3
152383,161286,-8
152391,142187,16
152391,146523,7
152391,151376,4
152391,155719,7
152391,159136,5
152454,149423,-24
152454,153474,-14
152454,161286,-13
152493,149423,7
152618,151376,6
152722,149423,28
152722,153474,13
152722,157346,20
97606,151376,-3
97606,153474,-4
97606,155719,-7
97606,156192,-11
152895,149423,-3
152895,151376,-3
152895,156192,-6
152895,157346,-3
152939,149423,-9
68288,151376,-4
152986,153474,10
152986,156192,7
153016,151376,-3
153016,153474,-8
153016,155719,-5
153016,156192,-6
153016,159136,-6
153065,153474,-4
153068,153474,3
153121,142187,-17
153121,146523,-18
153140,146523,4
153219,142187,-7
153219,146523,-6
153219,151376,-10
153219,155719,-22
153219,159136,-3
153222,142187,-3
153222,159136,-4
153246,142187,9
153246,146523,19
153246,151376,23
153246,155719,13
153246,159136,7
153284,153474,4
153334,142187,4
153334,146523,3
153342,155719,3
153360,159136,5
153463,161286,-4
153469,142187,13
153469,146523,3
153474,149423,3
153474,161286,12
153475,151376,-3
153512,149423,-35
153512,153474,-11
153512,157346,-41
153512,161286,-4
153551,142187,13
153589,156192,6
153668,142187,4
153668,146523,4
153668,148380,3
153687,151376,3
153729,142187,5
153729,146523,3
153791,142187,6
153791,146523,5
153802,146523,8
153928,156192,-4
153957,149423,-3
153957,153474,-13
153999,149423,-3
154019,161286,5
154029,142187,-4
154029,146523,-12
154058,142187,-4
154058,146523,-8
38753,149423,4
154155,159136,3
154162,142187,124
154162,146523,97
154162,148380,4
154162,151376,10
20802,156192,-5
154192,142187,5
154192,146523,3
154208,161286,-5
43297,159136,-4
154315,153474,4
154336,146523,-4
134101,155719,-3
154392,151376,15
154392,155719,10
154392,156192,3
154392,159136,3
154411,148380,-11
154464,142187,-25
154464,146523,-15
154558,146523,-4
154585,149423,76
154585,157346,11
154614,149423,6
154614,156192,33
154614,157346,9
98193,159136,-20
154657,151376,-4
154658,149423,-5
154694,153474,3
154698,153474,-10
154698,156192,-9
154724,156192,-4
154747,149423,-8
154747,156192,-6
154747,157346,-16
154955,155719,4
154955,156192,3
154981,146523,3
154991,149423,25
154991,157346,19
154992,149423,-19
154992,153474,-10
154992,157346,-9
155005,156192,-4
155007,142187,-7
155025,153474,-3
155025,156192,-12
155087,156192,-6
155095,159136,-8
155147,157346,-6
155155,153474,-3
155155,155719,-3
155155,156192,-6
155190,149423,31
155190,157346,35
116239,155719,-7
116239,159136,-13
62546,156192,3
155334,151376,3
155334,153474,24
155334,155719,3
155334,156192,10
324,156192,7
155427,142187,3
155427,146523,4
6502,155719,9
6502,159136,7
155519,142187,-48
155519,146523,-11
155519,148380,-6
155569,153474,3
30727,157346,3
155647,149423,-9
155647,153474,-4
155647,161286,-11
155658,159136,-3
155664,142187,12
155664,159136,3
155719,146523,4
155719,148380,3
155719,149423,15
155719,157346,43
155719,161286,3
155728,142187,4
155728,146523,3
155728,151376,13
155728,153474,10
155728,155719,9
155728,156192,4
155738,153474,-4
155847,149423,-5
155847,153474,-6
155886,159136,-11
155888,151376,5
155888,153474,10
155888,156192,8
155982,156192,-3
156025,142187,-10
156025,146523,-11
156025,151376,-4
156025,155719,-10
156045,146523,10
156078,149423,3
156088,149423,3
156088,151376,4
156088,153474,3
156088,155719,4
156088,156192,5
156120,151376,7
156192,142187,48
156192,146523,17
156192,148380,6
156192,151376,7
156192,157346,4
156192,159136,3
156219,142187,-3
156219,151376,-4
156234,157346,5
156278,151376,-3
15290,155719,3
15290,156192,8
15290,159136,6
156420,146523,9
156436,146523,3
156436,151376,5
156436,153474,3
156436,155719,25
156436,156192,6
156463,146523,-5
156613,151376,-4
156649,142187,-4
156650,156192,6
156651,153474,3
156709,142187,10
156709,146523,5
137211,153474,-3
36038,153474,3
156798,153474,-3
156802,148380,-8
156802,156192,-3
156802,161286,-4
156860,149423,18
156860,153474,4
156868,151376,5
156943,142187,35
156943,146523,32
156985,159136,-3
157019,142187,14
157019,146523,9
157019,151376,6
157019,155719,11
157019,156192,3
157041,161286,-4
157089,153474,-11
157157,142187,-3
157203,142187,6
157203,146523,18
157203,151376,6
157203,155719,5
41731,155719,4
157293,159136,-7
157302,153474,-6
56320,151376,4
56320,155719,15
56320,159136,4
157346,149423,10
157346,159136,3
157346,161286,7
2118,161286,-3
157372,142187,6
157372,146523,7
121122,151376,7
157404,149423,27
157404,153474,18
157404,156192,7
114285,149423,29
114285,157346,10
114285,161286,6
157470,151376,-7
157470,153474,-5
157470,155719,-5
157470,156192,-4
157473,153474,5
157531,142187,11
157567,142187,-3
157567,151376,-5
157602,142187,15
157602,146523,3
157602,151376,24
157602,155719,15
157602,156192,7
157602,159136,4
157640,148380,3
157644,142187,-97
157644,146523,-30
157644,148380,-78
157644,151376,-3
157749,151376,-4
157759,155719,-6
37175,151376,-3
37175,155719,-3
157848,155719,-23
157848,156192,-40
157848,159136,-44
157958,157346,5
157968,149423,-11
157970,153474,4
157980,151376,-3
158016,146523,8
158021,146523,7
158021,148380,6
158103,151376,-5
158191,153474,7
158211,153474,-5
158219,146523,10
158296,149423,-4
158315,159136,12
158329,142187,8
158329,146523,18
158342,151376,4
158353,146523,4
158353,155719,3
158476,146523,-3
158476,151376,-12
158476,155719,-9
158505,149423,11
158505,153474,5
158505,156192,13
158505,157346,14
158527,142187,-68
158527,146523,-49
158527,148380,-10
158527,151376,-20
158527,155719,-9
158543,153474,-4
42806,156192,5
42806,157346,8
42806,161286,4
27851,149423,-6
27851,157346,-17
27851,161286,-21
9313,155719,5
9313,156192,3
158775,142187,5
112440,151376,4
158781,142187,-11
158781,146523,-18
158781,148380,-3
158781,149423,-11
158781,157346,-3
158782,149423,13
158782,157346,4
158857,151376,3
158857,153474,29
158857,155719,15
158857,156192,11
158857,161286,7
158881,142187,5
158881,146523,10
158888,157346,14
158896,142187,-15
158896,146523,-9
158896,151376,-3
158896,155719,-10
158896,156192,-6
158896,159136,-5
158898,149423,4
158928,142187,3
158955,153474,-4
158955,155719,-26
158955,156192,-29
158955,159136,-55
158962,157346,14
127734,142187,22
127734,148380,3
127734,155719,10
159026,149423,-12
159026,153474,-5
159026,156192,-3
159026,157346,-5
159027,153474,-7
159049,142187,-12
159049,146523,-20
159049,151376,-3
159136,142187,3
159136,149423,12
159136,153474,6
159136,156192,7
159136,157346,27
159136,161286,6
159238,146523,-4
159238,149423,-5
159301,149423,5
159301,156192,6
159301,157346,29
159359,149423,-3
159359,153474,-4
159359,157346,-4
159360,155719,-4
107100,156192,-5
159471,159136,-3
159481,142187,-4
159481,146523,-5
159488,151376,3
159488,153474,5
159488,156192,7
55342,142187,5
159625,149423,-72
159625,153474,-24
159625,156192,-44
159625,157346,-37
159643,142187,65
159643,146523,58
159743,153474,6
106515,142187,-53
106515,146523,-23
159813,155719,-4
159823,146523,4
159834,142187,11
159834,146523,18
159836,142187,-3
159836,146523,-4
159837,161286,-4
159842,153474,-13
159876,149423,5
159884,149423,-7
159884,153474,-9
159927,142187,36
159927,146523,25
159943,142187,-20
159943,146523,-14
159943,151376,-8
11861,156192,14
93757,142187,11
93757,146523,5
160091,149423,35
160091,153474,13
160107,155719,3
160272,142187,-7
160272,146523,-14
160272,148380,-18
160272,151376,-3
160306,142187,13
160306,146523,17
160306,151376,5
160306,155719,4
160306,159136,7
110431,149423,3
110431,156192,4
160322,146523,6
160369,157346,-5
59536,149423,-40
59536,157346,-26
160401,149423,7
160444,142187,10
160468,155719,-3
160468,156192,-15
160468,159136,-21
160522,146523,-4
160547,156192,-3
160694,153474,8
160701,142187,-17
160701,146523,-12
160701,155719,-7
160701,156192,-3
160744,153474,-3
160744,155719,-4
160782,153474,-12
160782,161286,-5
160886,149423,0
160926,155719,3
160950,149423,10
161000,157346,3
161007,149423,23
161007,153474,5
161133,156192,-7
161148,155719,-5
28588,161286,-3
161211,149423,-11
161211,157346,-16
107764,157346,11
107764,161286,3
161286,149423,3
161292,149423,-81
161292,153474,-47
161292,157346,-40
161292,161286,-8
