type,side,base_hz,loom_mean_hz,loom_peak_hz
R1-6,L,18.953500000000002,18.163076923076925,21.54
R1-6,R,31.381999999999998,31.335384615384612,32.39
L1,L,20.1695,20.73,21.78
L1,R,15.389499999999998,15.226153846153847,17.07
L2,L,11.423499999999999,10.952307692307691,13.99
L2,R,6.3315,6.593076923076922,8.41
L3,L,21.951999999999998,21.646153846153844,26.94
L3,R,18.4185,17.89307692307692,21.41
Mi1,L,0.0,0.0,0.0
Mi1,R,0.011000000000000001,0.005384615384615385,0.07
Tm3,L,0.0,0.0,0.0
Tm3,R,0.0,0.0,0.0
Tm1,L,0.31700000000000006,0.2769230769230769,0.6
Tm1,R,0.21800000000000003,0.20461538461538462,0.46
Tm2,L,0.057999999999999996,0.03076923076923077,0.08
Tm2,R,0.012,0.0,0.0
Tm9,L,0.0,0.0,0.0
Tm9,R,0.0,0.0,0.0
T4a,L,0.0,0.0,0.0
T4a,R,0.0,0.0,0.0
T4b,L,0.0,0.0,0.0
T4b,R,0.0,0.0,0.0
T4c,L,0.0,0.0,0.0
T4c,R,0.0,0.0,0.0
T4d,L,0.0,0.0,0.0
T4d,R,0.0,0.0,0.0
T5a,L,0.0,0.0,0.0
T5a,R,0.0,0.0,0.0
T5b,L,0.0,0.0,0.0
T5b,R,0.0,0.0,0.0
T5c,L,0.0,0.0,0.0
T5c,R,0.0,0.0,0.0
T5d,L,0.0,0.0,0.0
T5d,R,0.0,0.0,0.0
LC4,L,0.0,0.0,0.0
LC4,R,0.0,0.0,0.0
LPLC1,L,0.0,0.0,0.0
LPLC1,R,0.0,0.0,0.0
LPLC2,L,0.0,0.0,0.0
LPLC2,R,0.0,0.0,0.0
LC6,L,0.0,0.0,0.0
LC6,R,0.0,0.0,0.0
DNp01,L,0.0,0.0,0.0
DNp01,R,0.0,0.0,0.0
DNp02,L,0.0,0.0,0.0
DNp02,R,20.766,36.19692307692308,58.82
DNp11,L,0.0,0.0,0.0
DNp11,R,0.0,0.0,0.0
