t_ms,x,z,yaw,speed,turn,airborne,feeding,hunger,opto_p9,:unannotated_L,ascending:AN_L,ascending:AN_R,central:ALIN_L,central:ALIN_R,central:ALLN_L,central:ALLN_R,central:ALON_L,central:ALON_R,central:ALPN_L,central:ALPN_R,central:CX_L,central:CX_R,central:DAN_L,central:DAN_R,central:Kenyon_Cell_L,central:Kenyon_Cell_R,central:LHCENT_L,central:LHCENT_R,central:LHLN_L,central:LHLN_R,central:MBIN_L,central:MBIN_R,central:MBON_L,central:MBON_R,central:TPN_L,central:TPN_R,central:TuBu_L,central:TuBu_R,central:central_L,central:central_R,central:mAL_L,central:mAL_R,descending:descending_L,descending:descending_R,descending:ocellar_L,descending:ocellar_R,endocrine:endocrine_L,endocrine:endocrine_R,endocrine:pars_intercerebralis_L,endocrine:pars_intercerebralis_R,endocrine:pars_lateralis_L,endocrine:pars_lateralis_R,motor:brain_motor_neuron_L,motor:brain_motor_neuron_R,motor:motor_L,motor:motor_R,motor:neck_motor_neuron_R,optic:LA>ME_L,optic:LA>ME_R,optic:LA_L,optic:LA_R,optic:LO.LOP_L,optic:LO.LOP_R,optic:LO>LOP_L,optic:LO>LOP_R,optic:LO>ME_L,optic:LO>ME_R,optic:LOP>LO.ME_L,optic:LOP>LO.ME_R,optic:LOP>LO_L,optic:LOP>LO_R,optic:LOP>ME.LO_L,optic:LOP>ME.LO_R,optic:LOP>ME_L,optic:LOP>ME_R,optic:LOP_L,optic:LOP_R,optic:LO_L,optic:LO_R,optic:ME.LO.LOP_L,optic:ME.LO.LOP_R,optic:ME.LOP_L,optic:ME.LOP_R,optic:ME.LO_L,optic:ME.LO_R,optic:ME>LA_L,optic:ME>LA_R,optic:ME>LO.LOP_L,optic:ME>LO.LOP_R,optic:ME>LOP.LO_L,optic:ME>LOP.LO_R,optic:ME>LOP_L,optic:ME>LO_L,optic:ME>LO_R,optic:ME_L,optic:ME_R,optic:bilateral_L,optic:bilateral_R,optic:ocellar_L,optic:ocellar_R,optic:optic_L,optic:optic_R,optic:optic_lobes_L,optic:optic_lobes_R,sensory:gustatory_L,sensory:gustatory_R,sensory:hygrosensory_L,sensory:hygrosensory_R,sensory:mechanosensory_L,sensory:mechanosensory_R,sensory:olfactory_L,sensory:olfactory_R,sensory:optic_lobes_L,sensory:sensory_L,sensory:thermosensory_L,sensory:thermosensory_R,sensory:unknown_sensory_L,sensory:unknown_sensory_R,sensory:visual_L,sensory:visual_R,sensory_ascending:AN_L,sensory_ascending:AN_R,sensory_ascending:gustatory_L,sensory_ascending:gustatory_R,sensory_ascending:unknown_sensory_L,sensory_ascending:unknown_sensory_R,type:APL_L,type:APL_R,type:CB0701_L,type:CB0701_R,type:DNa02_L,type:DNa02_R,type:DNp01_L,type:DNp01_R,type:DNp02_L,type:DNp02_R,type:DNp09_L,type:DNp09_R,type:DNp11_L,type:DNp11_R,type:EPG_L,type:EPG_R,type:L1_L,type:L1_R,type:L2_L,type:L2_R,type:L3_L,type:L3_R,type:L4_L,type:L4_R,type:L5_L,type:L5_R,type:LC4_L,type:LC4_R,type:LC6_L,type:LC6_R,type:LPLC1_L,type:LPLC1_R,type:LPLC2_L,type:LPLC2_R,type:MDN_L,type:MDN_R,type:Mi1_L,type:Mi1_R,type:R1-6_L,type:R1-6_R,type:R7_L,type:R7_R,type:R8_L,type:R8_R,type:T4a_L,type:T4a_R,type:T4b_L,type:T4b_R,type:T4c_L,type:T4c_R,type:T4d_L,type:T4d_R,type:T5a_L,type:T5a_R,type:T5b_L,type:T5b_R,type:T5c_L,type:T5c_R,type:T5d_L,type:T5d_R,type:Tm1_L,type:Tm1_R,type:Tm2_L,type:Tm2_R,type:Tm3_L,type:Tm3_R,type:Tm9_L,type:Tm9_R,visual_centrifugal:ocellar_L,visual_centrifugal:ocellar_R,visual_centrifugal:visual_centrifugal_L,visual_centrifugal:visual_centrifugal_R,visual_projection:bilateral_L,visual_projection:bilateral_R,visual_projection:ocellar_L,visual_projection:ocellar_R,visual_projection:visual_projection_L,visual_projection:visual_projection_R
100.0,-2.000,7.000,0.000,0.000,0.000,0,0,0.800,0,2.86,0.10,0.18,76.67,53.33,166.57,164.98,122.86,82.86,116.42,107.09,0.71,1.03,57.35,53.33,67.85,54.02,100.95,96.19,100.08,88.42,320.00,320.00,137.08,136.67,0.00,0.00,0.00,0.00,7.90,7.30,0.53,1.54,5.58,6.11,0.00,0.00,0.00,0.00,0.00,0.00,0.00,0.00,0.39,1.15,0.00,0.00,0.00,0.00,0.00,0.48,0.52,0.00,0.00,0.00,0.00,0.00,0.00,0.00,0.00,0.00,0.00,0.04,0.00,0.00,0.00,0.00,0.00,0.24,0.05,0.00,0.00,0.00,0.00,0.00,0.24,0.38,0.42,0.00,0.00,0.00,0.00,0.00,0.00,0.01,0.63,0.92,0.00,0.27,0.00,0.00,0.00,12.00,0.00,0.00,0.00,0.00,79.49,82.86,1.78,1.46,15.32,16.06,0.00,0.00,90.77,92.50,0.00,0.00,0.00,0.00,0.00,0.00,0.00,0.00,0.00,0.00,320.00,340.00,0.00,0.00,100.00,0.00,0.00,0.00,0.00,20.00,0.00,0.00,0.00,0.00,0.00,0.00,34.41,39.16,14.44,16.04,25.95,22.76,32.89,36.17,13.70,11.34,0.00,0.00,0.00,0.00,0.00,0.00,0.00,0.00,0.00,0.00,0.00,0.05,0.05,0.00,0.06,0.00,0.06,0.00,0.00,0.00,0.00,0.00,0.00,0.00,0.00,0.00,0.00,0.00,0.00,0.00,0.00,0.00,0.00,0.00,0.95,1.52,0.10,0.18,0.00,0.00,0.00,0.00,0.00,0.00,4.03,4.31,2.16,4.38,0.00,0.00,0.12,0.07
217.5,-2.000,7.000,0.000,0.000,0.000,0,0,0.800,0,1.93,0.13,0.18,76.58,51.80,166.92,165.08,123.55,84.94,117.22,107.79,0.67,1.03,56.82,54.05,67.18,53.47,100.39,91.38,100.69,88.28,351.35,351.35,137.95,135.14,0.00,0.00,0.00,0.00,7.87,7.25,0.71,1.39,4.82,6.14,0.00,0.00,0.00,0.00,0.00,0.00,0.00,0.00,1.06,0.52,0.00,0.00,0.00,0.08,0.00,0.97,0.12,0.00,0.00,0.00,0.00,0.00,0.00,0.00,0.00,0.00,0.00,0.00,0.00,0.00,0.00,0.00,0.00,0.07,0.07,0.00,0.00,0.00,0.00,0.00,0.00,0.35,0.33,0.00,0.00,0.00,0.00,0.00,0.01,0.00,0.51,0.49,0.00,0.00,0.00,0.00,0.00,10.81,1.00,27.03,0.00,0.00,79.00,84.94,1.31,1.84,15.12,15.62,0.00,0.00,93.56,91.22,0.00,0.00,0.00,0.00,0.00,0.00,0.00,0.00,0.00,0.00,351.35,324.32,0.00,0.00,108.11,0.00,0.00,0.00,0.00,27.03,0.00,0.00,0.00,0.00,0.00,0.00,22.31,15.38,11.41,6.92,22.22,19.20,24.05,26.24,17.53,15.73,0.00,0.00,0.00,0.00,0.00,0.00,0.00,0.00,0.00,0.00,0.00,0.03,19.22,31.36,29.21,33.62,31.68,34.78,0.00,0.00,0.00,0.00,0.00,0.00,0.00,0.00,0.00,0.00,0.00,0.00,0.00,0.00,0.00,0.00,0.21,0.14,0.07,0.00,0.00,0.00,0.00,0.00,0.00,0.00,2.46,2.86,2.92,5.07,0.00,0.00,0.14,0.07
342.5,-2.000,7.000,0.000,0.000,0.000,0,0,0.800,0,1.72,0.09,0.21,74.30,50.20,165.44,163.81,123.92,82.62,117.16,106.96,0.80,1.19,55.89,53.45,67.40,53.46,100.98,91.80,100.07,87.27,337.35,337.35,137.55,133.53,0.00,0.00,0.00,0.00,7.90,7.19,1.27,1.24,5.19,5.55,0.00,0.00,0.00,0.00,0.00,0.00,0.00,0.00,0.47,1.39,0.00,0.00,0.00,0.07,0.00,0.00,0.11,0.00,0.00,0.00,0.00,0.00,0.00,0.00,0.00,0.00,0.00,0.00,0.00,0.00,0.00,0.00,0.00,0.19,0.09,0.00,0.00,0.00,0.00,0.00,0.00,0.56,0.82,0.00,0.00,0.00,0.00,0.00,0.01,0.00,0.48,0.62,0.00,0.00,0.00,0.00,0.00,14.46,0.00,8.03,0.00,0.00,80.32,85.37,1.94,1.90,15.10,15.87,0.00,0.00,94.53,88.86,0.00,0.00,0.00,0.00,0.00,0.00,0.00,0.00,0.00,0.00,337.35,337.35,0.00,0.00,72.29,0.00,0.00,0.00,0.00,24.10,0.00,0.00,0.00,0.00,0.00,0.00,20.55,14.93,11.16,6.68,20.94,18.46,26.86,28.85,17.12,16.61,0.00,0.00,0.00,0.00,0.00,0.00,0.00,0.00,0.00,0.00,0.00,0.00,19.59,31.26,28.75,35.75,30.58,34.96,0.00,0.00,0.00,0.00,0.00,0.00,0.00,0.00,0.00,0.00,0.00,0.00,0.00,0.00,0.00,0.00,0.28,0.22,0.03,0.00,0.00,0.00,0.00,0.00,0.00,0.00,3.33,3.82,0.00,6.02,0.00,0.00,0.11,0.07
458.5,-2.000,7.000,0.000,0.000,0.000,0,0,0.800,0,1.98,0.10,0.22,78.70,55.56,166.67,165.49,123.02,79.37,116.73,107.15,0.73,1.12,57.06,53.37,67.10,53.53,99.21,95.24,98.69,87.84,333.33,333.33,137.73,134.84,0.00,0.00,0.00,0.00,7.94,7.16,0.73,2.14,5.90,6.10,0.00,0.00,0.00,0.00,0.00,0.00,0.00,0.00,0.54,1.60,0.00,0.00,0.00,0.15,0.00,0.33,0.12,0.00,0.00,0.00,0.00,0.00,0.00,0.00,0.00,0.00,0.00,0.00,0.00,0.00,0.00,0.00,0.00,0.19,0.11,0.00,0.00,0.00,0.00,0.00,0.00,0.57,0.95,0.00,0.00,0.00,0.00,0.00,0.02,0.00,0.48,0.60,0.00,0.74,0.00,0.00,0.00,16.67,1.03,0.00,0.00,0.00,81.20,85.71,1.85,1.83,15.25,15.42,0.00,0.00,89.74,85.07,0.00,0.00,0.00,0.00,0.00,0.00,0.00,0.00,0.00,0.00,333.33,333.33,0.00,0.00,55.56,0.00,0.00,0.00,0.00,0.00,0.00,0.00,0.00,0.00,0.00,0.00,20.26,16.12,10.68,5.58,21.97,17.63,26.25,28.31,16.65,15.43,0.00,0.00,0.00,0.00,0.00,0.00,0.00,0.00,0.00,0.00,0.00,0.00,18.61,31.14,30.23,32.81,29.41,34.81,0.00,0.00,0.00,0.00,0.00,0.00,0.00,0.00,0.00,0.00,0.00,0.00,0.00,0.00,0.00,0.00,0.18,0.11,0.00,0.00,0.00,0.00,0.00,0.00,0.00,0.00,3.95,4.29,1.50,5.21,0.00,0.00,0.11,0.07
581.0,-2.000,7.000,0.000,0.000,0.000,0,0,0.800,0,2.34,0.12,0.18,73.77,49.18,166.82,164.40,126.46,74.94,116.24,107.61,0.70,0.90,55.90,53.45,66.74,53.86,103.04,93.68,98.87,89.25,327.87,327.87,137.98,133.20,0.00,0.00,0.00,0.00,7.82,7.09,0.86,1.68,5.49,5.34,0.00,0.00,0.00,0.00,0.00,0.00,0.00,0.00,1.29,1.26,0.00,0.00,0.00,0.18,0.00,0.39,0.14,0.00,0.00,0.00,0.00,0.00,0.00,0.00,0.00,0.00,0.00,0.00,0.00,0.00,0.00,0.00,0.00,0.13,0.08,0.00,0.00,0.00,0.00,0.00,0.00,0.50,0.91,0.00,0.00,0.00,0.00,0.00,0.01,0.00,0.50,0.57,0.00,0.00,0.00,0.00,0.00,13.11,0.00,10.93,0.00,0.00,79.02,84.31,1.78,1.83,14.59,15.68,0.00,0.00,95.84,90.16,0.00,0.00,0.00,0.00,0.00,0.00,0.00,0.00,0.00,0.00,327.87,327.87,0.00,0.00,32.79,0.00,0.00,0.00,0.00,32.79,0.00,0.00,0.00,0.00,0.00,0.00,19.50,14.88,10.75,5.51,19.54,16.15,26.06,27.72,14.96,15.33,0.00,0.00,0.00,0.00,0.00,0.00,0.00,0.00,0.00,0.00,0.00,0.00,19.39,31.00,31.56,35.34,30.46,35.75,0.00,0.00,0.00,0.00,0.00,0.00,0.00,0.00,0.00,0.00,0.00,0.00,0.00,0.00,0.00,0.00,0.17,0.17,0.04,0.00,0.00,0.00,0.00,0.00,0.00,0.00,3.76,4.13,4.43,6.15,0.00,0.00,0.13,0.09
681.5,-2.000,7.000,0.000,0.000,0.000,0,0,0.800,0,2.98,0.10,0.09,76.39,55.56,166.67,164.71,125.00,83.33,117.18,105.86,0.74,1.18,55.47,51.77,66.91,53.64,101.19,89.29,99.84,88.00,333.33,333.33,138.89,137.15,0.00,0.00,0.00,0.00,7.66,6.99,1.10,1.07,5.23,6.20,0.00,0.00,0.00,0.00,0.00,0.00,0.00,0.00,0.82,2.40,0.00,0.00,0.00,0.12,0.00,0.50,0.00,0.00,0.00,0.00,0.00,0.00,0.00,0.00,0.00,0.00,0.00,0.00,0.00,0.00,0.00,0.00,0.00,0.17,0.05,0.00,0.00,0.00,0.00,0.00,0.00,0.23,0.00,0.00,0.00,0.00,0.00,0.00,0.02,0.00,0.45,0.60,0.00,1.11,0.00,0.00,0.00,8.33,0.00,13.89,0.00,0.00,72.65,88.10,1.68,1.48,15.92,15.26,0.00,0.00,92.95,83.33,0.00,0.00,0.00,0.00,0.00,0.00,0.00,0.00,0.00,0.00,333.33,333.33,0.00,0.00,41.67,0.00,0.00,0.00,0.00,41.67,0.00,0.00,0.00,0.00,0.00,0.00,19.69,15.00,10.19,6.22,20.39,17.93,26.35,29.25,16.22,15.34,0.00,0.00,0.00,0.00,0.00,0.00,0.00,0.00,0.00,0.00,0.00,0.00,19.69,31.96,28.51,34.99,30.27,37.38,0.00,0.00,0.00,0.00,0.00,0.00,0.00,0.00,0.00,0.00,0.00,0.00,0.00,0.00,0.00,0.00,0.27,0.32,0.00,0.05,0.00,0.00,0.00,0.00,0.00,0.00,3.62,3.56,4.50,3.91,0.00,0.00,0.16,0.06
795.0,-2.000,7.000,0.000,0.000,0.000,0,0,0.800,0,3.17,0.16,0.15,62.96,51.85,163.37,164.84,120.63,76.19,116.65,106.46,0.69,0.88,56.49,52.26,68.11,53.98,93.12,93.12,99.00,85.11,311.11,311.11,139.81,136.11,0.00,0.00,0.00,0.00,7.76,7.01,1.17,1.14,4.69,5.29,0.00,0.00,0.00,0.00,0.00,0.00,0.00,0.00,0.87,1.71,0.00,0.00,0.00,0.12,0.00,0.53,0.00,0.00,0.00,0.00,0.00,0.00,0.00,0.00,0.00,0.00,0.00,0.00,0.00,0.00,0.00,0.00,0.00,0.18,0.11,0.00,0.00,0.00,0.00,0.00,0.00,0.31,0.50,0.00,0.00,0.00,0.00,0.00,0.02,0.00,0.50,0.66,1.17,0.00,0.00,0.00,0.00,8.89,3.29,0.00,0.00,0.00,80.91,85.08,2.12,1.75,14.62,14.36,0.00,0.00,78.63,97.22,0.00,0.00,0.00,0.00,0.00,0.00,0.00,0.00,0.00,0.00,311.11,355.56,0.00,0.00,44.44,0.00,0.00,0.00,0.00,0.00,0.00,0.00,0.00,0.00,0.00,0.00,20.84,16.05,11.21,5.52,23.14,18.94,26.27,27.22,17.87,16.02,0.00,0.00,0.00,0.00,0.00,0.00,0.00,0.00,0.00,0.00,0.00,0.06,19.02,30.32,29.81,35.40,28.80,34.42,0.00,0.00,0.00,0.00,0.00,0.00,0.00,0.00,0.00,0.00,0.00,0.00,0.00,0.00,0.00,0.00,0.23,0.29,0.00,0.00,0.00,0.00,0.00,0.00,0.00,0.00,3.69,3.25,1.20,5.56,0.00,0.00,0.10,0.10
895.5,-2.000,7.000,0.000,0.000,0.000,0,0,0.800,0,3.57,0.12,0.17,75.00,58.33,166.90,166.20,121.43,78.57,116.13,110.76,0.81,1.20,57.53,53.03,67.07,53.58,100.00,95.24,99.41,86.29,350.00,350.00,134.38,137.50,0.00,0.00,0.00,0.00,8.00,7.36,1.32,1.28,5.27,5.41,0.00,0.00,0.00,0.00,0.00,0.00,0.00,0.00,0.98,0.96,0.00,0.00,0.00,0.14,0.00,0.00,0.00,0.00,0.00,0.00,0.00,0.00,0.00,0.00,0.00,0.00,0.00,0.00,0.00,0.00,0.00,0.00,0.00,0.07,0.06,0.00,0.00,0.00,0.00,0.00,0.00,0.85,0.80,0.00,0.00,0.00,0.00,0.00,0.01,0.00,0.51,0.54,0.66,0.00,0.00,0.00,0.00,10.00,3.70,16.67,0.00,0.00,80.77,84.29,1.72,1.74,15.40,15.75,0.00,0.00,96.15,93.75,0.00,0.00,0.00,0.00,0.00,0.00,0.00,0.00,0.00,0.00,350.00,300.00,0.00,0.00,50.00,0.00,0.00,0.00,0.00,0.00,0.00,0.00,0.00,0.00,0.00,0.00,20.95,15.65,10.44,5.58,21.62,19.89,26.49,24.90,17.26,15.48,0.00,0.00,0.00,0.00,0.00,0.00,0.00,0.00,0.00,0.00,0.00,0.00,18.98,30.90,31.74,37.20,30.89,33.59,0.00,0.00,0.00,0.00,0.00,0.00,0.00,0.00,0.00,0.00,0.00,0.00,0.00,0.00,0.00,0.00,0.51,0.32,0.13,0.00,0.00,0.00,0.00,0.00,0.00,0.00,3.36,3.46,0.00,3.13,0.00,0.00,0.11,0.11
1008.5,-2.000,7.000,0.000,0.000,0.000,0,0,0.800,0,3.57,0.12,0.22,70.83,58.33,165.05,166.20,121.43,71.43,116.13,107.41,0.78,1.03,57.23,53.94,67.54,53.81,102.38,92.86,97.84,87.07,300.00,300.00,140.63,138.54,0.00,0.00,0.00,0.00,7.83,7.11,0.00,0.00,5.19,5.25,0.00,0.00,0.00,0.00,0.00,0.00,0.00,0.00,0.98,0.96,0.00,0.00,0.00,0.14,0.00,0.00,0.00,0.00,0.00,0.00,0.00,0.00,0.00,0.00,0.00,0.00,0.00,0.00,0.00,0.00,0.00,0.00,0.00,0.07,0.06,0.00,0.00,0.00,0.00,0.00,0.00,0.27,0.27,0.00,0.00,0.00,0.00,0.00,0.01,0.00,0.46,0.58,0.00,0.00,0.00,0.00,0.00,20.00,0.00,16.67,0.00,0.00,80.77,80.00,1.76,1.78,16.06,15.62,0.00,0.00,84.62,84.38,0.00,0.00,0.00,0.00,0.00,0.00,0.00,0.00,0.00,0.00,300.00,350.00,0.00,0.00,50.00,0.00,0.00,0.00,0.00,0.00,0.00,0.00,0.00,0.00,0.00,0.00,20.89,15.02,11.11,6.78,24.25,18.27,24.96,29.38,17.00,15.73,0.00,0.00,0.00,0.00,0.00,0.00,0.00,0.00,0.00,0.00,0.00,0.00,19.24,31.93,28.89,34.81,30.29,35.81,0.00,0.00,0.00,0.00,0.00,0.00,0.00,0.00,0.00,0.00,0.00,0.00,0.00,0.00,0.00,0.00,0.51,0.19,0.06,0.00,0.00,0.00,0.00,0.00,0.00,0.00,3.36,3.46,4.05,6.25,0.00,0.00,0.12,0.04
1113.0,-2.000,7.000,0.000,0.000,0.000,0,0,0.800,0,0.00,0.20,0.25,71.43,42.86,166.67,167.94,114.29,73.47,118.31,109.80,0.57,0.73,55.08,54.03,67.75,53.82,97.96,92.52,99.05,87.81,342.86,342.86,134.52,138.10,0.00,0.00,0.00,0.00,7.65,6.97,1.50,1.47,5.40,6.09,0.00,0.00,0.00,0.00,0.00,0.00,0.00,0.00,1.12,0.00,0.00,0.00,0.00,0.16,0.00,0.00,0.00,0.00,0.00,0.00,0.00,0.00,0.00,0.00,0.00,0.00,0.00,0.00,0.00,0.00,0.00,0.00,0.00,0.15,0.22,0.00,0.00,0.00,0.00,0.00,0.00,0.24,0.25,0.00,0.00,0.00,0.00,0.00,0.01,0.01,0.55,0.59,0.00,0.76,0.00,0.00,0.00,11.43,0.00,0.00,0.00,0.00,83.52,84.90,1.09,1.68,15.06,15.58,0.00,0.00,87.91,89.29,0.00,0.00,0.00,0.00,0.00,0.00,0.00,0.00,0.00,0.00,342.86,342.86,0.00,0.00,171.43,0.00,0.00,0.00,0.00,0.00,0.00,0.00,0.00,0.00,0.00,0.00,19.95,14.77,8.57,7.96,23.41,21.50,25.90,29.08,16.25,15.51,0.00,0.00,0.00,0.00,0.00,0.00,0.00,0.00,0.00,0.00,0.00,0.00,20.15,31.06,30.20,35.76,31.59,34.01,0.00,0.00,0.00,0.00,0.00,0.00,0.00,0.00,0.00,0.00,0.00,0.00,0.00,0.00,0.00,0.00,0.15,0.07,0.00,0.00,0.00,0.00,0.00,0.00,0.00,0.00,4.29,4.18,6.18,5.36,0.00,0.00,0.08,0.05
1222.0,-2.000,7.000,0.000,0.000,0.000,0,0,0.800,0,0.00,0.07,0.19,78.70,55.56,166.92,164.06,134.92,79.37,116.98,104.97,0.67,0.86,57.23,54.21,67.51,53.57,108.47,92.59,98.26,84.30,333.33,333.33,138.89,135.42,0.00,0.00,0.00,0.00,8.07,7.23,1.46,2.85,5.51,6.18,0.00,0.00,0.00,0.00,0.00,0.00,0.00,0.00,1.09,0.00,0.00,0.00,0.00,0.31,0.00,0.66,0.00,0.00,0.00,0.00,0.00,0.00,0.00,0.00,0.00,0.00,0.00,0.00,0.00,0.00,0.00,0.00,0.00,0.15,0.07,0.00,0.00,0.00,0.00,0.00,0.00,0.44,0.35,0.00,0.00,0.00,0.00,0.00,0.00,0.00,0.46,0.67,0.00,0.00,0.00,0.00,0.00,11.11,4.12,0.00,0.00,0.00,78.35,85.71,1.75,2.06,15.32,15.20,0.00,0.00,94.02,83.33,0.00,0.00,0.00,0.00,0.00,0.00,0.00,0.00,0.00,0.00,333.33,333.33,0.00,0.00,55.56,0.00,0.00,0.00,0.00,0.00,0.00,0.00,0.00,0.00,0.00,0.00,18.91,14.08,11.60,6.41,17.39,18.34,27.14,29.35,16.36,16.28,0.00,0.00,0.00,0.00,0.00,0.00,0.00,0.00,0.00,0.00,0.00,0.00,18.93,32.38,30.02,35.51,27.53,35.62,0.00,0.00,0.00,0.00,0.00,0.00,0.00,0.00,0.00,0.00,0.00,0.00,0.00,0.00,0.00,0.00,0.43,0.29,0.00,0.07,0.00,0.00,0.00,0.00,0.00,0.00,4.39,4.29,3.00,6.94,0.00,0.00,0.09,0.09
1330.5,-2.000,7.000,0.000,0.000,0.000,0,0,0.800,0,3.97,0.13,0.12,83.33,50.93,167.95,165.62,111.11,87.30,117.14,106.10,0.55,0.94,56.56,53.87,67.64,53.05,105.82,97.88,100.87,86.01,333.33,333.33,135.42,136.57,0.00,0.00,0.00,0.00,7.86,7.29,1.46,1.42,5.51,5.49,0.00,0.00,0.00,0.00,0.00,0.00,0.00,0.00,1.09,1.07,0.00,0.00,0.00,0.00,0.00,0.00,0.00,0.00,0.00,0.00,0.00,0.00,0.00,0.00,0.00,0.00,0.00,0.00,0.00,0.00,0.00,0.00,0.00,0.22,0.14,0.00,0.00,0.00,0.00,0.00,0.00,0.42,1.21,0.00,0.00,0.00,0.00,0.00,0.01,0.01,0.59,0.56,0.73,2.22,0.00,0.00,0.00,11.11,2.06,18.52,0.00,0.00,79.77,85.71,1.55,1.93,13.86,14.42,0.00,0.00,81.20,100.69,0.00,0.00,0.00,0.00,0.00,0.00,0.00,0.00,0.00,0.00,333.33,333.33,0.00,0.00,111.11,0.00,0.00,0.00,0.00,0.00,0.00,0.00,0.00,0.00,0.00,0.00,20.30,14.72,12.22,5.65,19.99,16.61,27.48,30.73,16.15,16.70,0.00,0.00,0.00,0.00,0.00,0.00,0.00,0.00,0.00,0.00,0.00,0.00,19.27,30.45,30.02,36.76,28.62,35.79,0.00,0.00,0.00,0.00,0.00,0.00,0.00,0.00,0.00,0.00,0.00,0.00,0.00,0.00,0.00,0.00,0.21,0.00,0.00,0.00,0.00,0.00,0.00,0.00,0.00,0.00,3.29,3.84,3.00,6.94,0.00,0.00,0.15,0.09
1439.0,-2.000,7.000,0.000,0.000,0.000,0,0,0.800,0,3.86,0.13,0.18,81.08,49.55,163.91,166.22,131.27,77.22,114.92,107.32,0.92,1.03,55.68,54.38,67.88,53.51,100.39,92.66,102.81,84.73,324.32,324.32,139.64,138.51,0.00,0.00,0.00,0.00,7.99,7.14,0.00,0.00,6.70,6.44,0.00,0.00,0.00,0.00,0.00,0.00,0.00,0.00,0.00,0.00,0.00,0.00,0.00,0.00,0.00,0.00,0.00,0.00,0.00,0.00,0.00,0.00,0.00,0.00,0.00,0.00,0.00,0.00,0.00,0.00,0.00,0.00,0.00,0.22,0.07,0.00,0.00,0.00,0.00,0.00,0.00,1.01,1.24,0.00,0.00,0.00,0.00,0.00,0.01,0.00,0.58,0.70,0.00,0.72,0.00,0.00,0.00,10.81,2.00,0.00,0.00,0.00,85.93,86.49,1.39,2.13,15.05,15.70,0.00,0.00,87.32,91.22,0.00,0.00,0.00,0.00,0.00,0.00,0.00,0.00,0.00,0.00,324.32,324.32,0.00,0.00,54.05,0.00,0.00,0.00,0.00,54.05,0.00,0.00,0.00,0.00,0.00,0.00,19.61,16.24,9.31,6.38,23.45,21.80,25.91,31.69,18.04,17.01,0.00,0.00,0.00,0.00,0.00,0.00,0.00,0.00,0.00,0.00,0.00,0.00,18.82,30.70,31.07,35.93,32.82,34.07,0.00,0.00,0.00,0.00,0.00,0.00,0.00,0.00,0.00,0.00,0.00,0.00,0.00,0.00,0.00,0.00,0.21,0.21,0.07,0.00,0.00,0.00,0.00,0.00,0.00,0.00,3.85,3.30,0.00,6.76,0.00,0.00,0.12,0.12
1547.0,-2.000,7.000,0.000,0.000,0.000,0,0,0.800,0,0.00,0.13,0.19,74.07,46.30,168.72,164.32,126.98,87.30,116.98,110.14,0.55,0.90,55.22,54.21,67.01,53.35,97.88,95.24,100.87,87.30,333.33,333.33,137.73,134.26,0.00,0.00,0.00,0.00,7.88,7.31,1.46,2.85,5.17,5.66,0.00,0.00,0.00,0.00,0.00,0.00,0.00,0.00,0.00,1.07,0.00,0.00,0.00,0.00,0.00,0.00,0.00,0.00,0.00,0.00,0.00,0.00,0.00,0.00,0.00,0.00,0.00,0.00,0.00,0.00,0.00,0.00,0.00,0.00,0.00,0.00,0.00,0.00,0.00,0.00,0.00,0.60,0.78,0.00,0.00,0.00,0.00,0.00,0.01,0.00,0.44,0.55,0.00,0.00,0.00,0.00,0.00,11.11,4.12,0.00,0.00,0.00,82.62,84.13,1.59,1.55,15.51,14.86,0.00,0.00,89.74,90.28,0.00,0.00,0.00,0.00,0.00,0.00,0.00,0.00,0.00,0.00,333.33,333.33,0.00,0.00,55.56,0.00,0.00,0.00,0.00,55.56,0.00,0.00,0.00,0.00,0.00,0.00,20.09,15.98,11.60,4.60,19.36,22.10,27.05,31.88,17.28,14.44,0.00,0.00,0.00,0.00,0.00,0.00,0.00,0.00,0.00,0.00,0.00,0.00,19.65,30.94,30.61,34.26,28.28,35.79,0.00,0.00,0.00,0.00,0.00,0.00,0.00,0.00,0.00,0.00,0.00,0.00,0.00,0.00,0.00,0.00,0.36,0.43,0.00,0.07,0.00,0.00,0.00,0.00,0.00,0.00,3.07,3.84,0.00,3.47,0.00,0.00,0.11,0.07
1655.5,-2.000,7.000,0.000,0.000,0.000,0,0,0.800,0,0.00,0.20,0.19,78.70,50.93,166.67,164.32,111.11,95.24,116.65,107.24,1.06,1.18,54.89,53.20,67.87,53.39,105.82,89.95,97.82,87.73,333.33,333.33,138.89,129.63,0.00,0.00,0.00,0.00,8.12,7.16,0.00,2.85,5.60,5.75,0.00,0.00,0.00,0.00,0.00,0.00,0.00,0.00,1.09,2.14,0.00,0.00,0.00,0.15,0.00,0.00,0.24,0.00,0.00,0.00,0.00,0.00,0.00,0.00,0.00,0.00,0.00,0.00,0.00,0.00,0.00,0.00,0.00,0.15,0.00,0.00,0.00,0.00,0.00,0.00,0.00,1.09,1.71,0.00,0.00,0.00,0.00,0.00,0.01,0.00,0.44,0.61,0.00,0.74,0.00,0.00,0.00,22.22,0.00,37.04,0.00,0.00,81.20,85.71,1.79,2.28,15.51,16.38,0.00,0.00,85.47,93.75,0.00,0.00,0.00,0.00,0.00,0.00,0.00,0.00,0.00,0.00,333.33,333.33,0.00,0.00,111.11,0.00,0.00,0.00,0.00,0.00,0.00,0.00,0.00,0.00,0.00,0.00,21.61,16.76,10.68,6.13,21.89,16.69,26.63,27.20,17.84,17.55,0.00,0.00,0.00,0.00,0.00,0.00,0.00,0.00,0.00,0.00,0.00,0.00,18.57,31.09,29.27,35.43,33.65,33.66,0.00,0.00,0.00,0.00,0.00,0.00,0.00,0.00,0.00,0.00,0.00,0.00,0.00,0.00,0.00,0.00,0.07,0.36,0.00,0.00,0.00,0.00,0.00,0.00,0.00,0.00,3.95,3.61,0.00,1.74,0.00,0.00,0.15,0.06
1764.0,-2.000,7.000,0.000,0.000,0.000,0,0,0.800,0,3.86,0.13,0.18,72.07,54.05,168.92,165.46,139.00,92.66,116.03,107.32,0.76,1.15,56.33,55.04,67.40,53.18,105.53,87.52,100.90,90.58,324.32,324.32,140.77,135.14,0.00,0.00,0.00,0.00,8.18,7.40,1.42,1.39,6.54,6.27,0.00,0.00,0.00,0.00,0.00,0.00,0.00,0.00,2.12,2.08,0.00,0.00,0.00,0.00,0.00,0.00,0.00,0.00,0.00,0.00,0.00,0.00,0.00,0.00,0.00,0.00,0.00,0.00,0.00,0.00,0.00,0.00,0.00,0.07,0.14,0.00,0.00,0.00,0.00,0.00,0.00,0.25,0.13,0.00,0.00,0.00,0.00,0.00,0.01,0.00,0.45,0.61,0.71,0.00,0.00,0.00,0.00,10.81,0.00,0.00,0.00,0.00,83.16,89.58,1.43,1.97,15.94,15.03,0.00,0.00,87.32,97.97,0.00,0.00,0.00,0.00,0.00,0.00,0.00,0.00,0.00,0.00,324.32,324.32,0.00,0.00,54.05,0.00,0.00,0.00,0.00,54.05,0.00,0.00,0.00,0.00,0.00,0.00,20.08,15.83,11.41,6.38,23.37,17.19,25.74,27.44,18.11,14.67,0.00,0.00,0.00,0.00,0.00,0.00,0.00,0.00,0.00,0.00,0.00,0.00,19.90,30.25,29.94,35.77,30.46,34.32,0.00,0.00,0.00,0.00,0.00,0.00,0.00,0.00,0.00,0.00,0.00,0.00,0.00,0.00,0.00,0.00,0.21,0.42,0.07,0.00,0.00,0.00,0.00,0.00,0.00,0.00,3.63,3.74,1.46,5.07,0.00,0.00,0.10,0.09
1871.0,-2.000,7.000,0.000,0.000,0.000,0,0,0.800,0,3.97,0.07,0.25,78.70,55.56,165.90,163.54,126.98,87.30,116.98,108.20,0.55,0.86,58.23,53.20,67.31,53.72,103.17,97.88,99.78,89.88,333.33,333.33,133.10,135.42,0.00,0.00,0.00,0.00,7.85,7.31,0.00,1.42,5.68,5.57,0.00,0.00,0.00,0.00,0.00,0.00,0.00,0.00,1.09,1.07,0.00,0.00,0.00,0.31,0.00,0.66,0.00,0.00,0.00,0.00,0.00,0.00,0.00,0.00,0.00,0.00,0.00,0.00,0.00,0.00,0.00,0.00,0.00,0.07,0.14,0.00,0.00,0.00,0.00,0.00,0.00,0.67,0.48,0.00,0.00,0.00,0.00,0.00,0.00,0.00,0.53,0.52,0.00,0.00,0.00,0.00,0.00,11.11,2.06,18.52,0.00,0.00,79.77,85.71,1.83,1.50,15.51,15.05,0.00,0.00,85.47,100.69,0.00,0.00,0.00,0.00,0.00,0.00,0.00,0.00,0.00,0.00,333.33,333.33,0.00,0.00,55.56,0.00,0.00,0.00,0.00,0.00,0.00,0.00,0.00,0.00,0.00,0.00,20.37,12.96,10.56,5.51,20.63,22.48,24.50,28.66,17.21,15.92,0.00,0.00,0.00,0.00,0.00,0.00,0.00,0.00,0.00,0.00,0.00,0.00,19.29,31.05,30.52,33.10,30.04,31.53,0.00,0.00,0.00,0.00,0.00,0.00,0.00,0.00,0.00,0.00,0.00,0.00,0.00,0.00,0.00,0.00,0.07,0.07,0.00,0.00,0.00,0.00,0.00,0.00,0.00,0.00,3.07,4.52,6.01,6.94,0.00,0.00,0.15,0.15
1978.5,-2.000,7.000,0.000,0.000,0.000,0,0,0.800,0,0.00,0.07,0.19,78.70,50.93,166.15,165.10,142.86,71.43,117.95,108.37,0.47,1.02,59.24,52.53,67.25,53.59,103.17,95.24,101.09,90.09,333.33,333.33,138.89,135.42,0.00,0.00,0.00,0.00,7.81,7.34,1.46,0.00,5.77,5.66,0.00,0.00,0.00,0.00,0.00,0.00,0.00,0.00,2.18,2.14,0.00,0.00,0.00,0.31,0.00,0.66,0.00,0.00,0.00,0.00,0.00,0.00,0.00,0.00,0.00,0.00,0.00,0.00,0.00,0.00,0.00,0.00,0.00,0.30,0.14,0.00,0.00,0.00,0.00,0.00,0.00,0.86,0.63,0.00,0.00,0.00,0.00,0.00,0.01,0.00,0.49,0.63,0.00,0.00,0.00,0.00,0.00,22.22,2.06,0.00,0.00,0.00,79.77,88.89,1.96,1.85,14.93,15.89,0.00,0.00,94.02,90.28,0.00,0.00,0.00,0.00,0.00,0.00,0.00,0.00,0.00,0.00,333.33,333.33,0.00,0.00,55.56,0.00,0.00,0.00,0.00,55.56,0.00,0.00,0.00,0.00,0.00,0.00,20.23,15.14,8.95,5.09,18.89,17.67,26.12,30.04,15.73,15.22,0.00,0.00,0.00,0.00,0.00,0.00,0.00,0.00,0.00,0.00,0.00,0.00,19.54,30.68,31.27,35.76,27.61,34.51,0.00,0.00,0.00,0.00,0.00,0.00,0.00,0.00,0.00,0.00,0.00,0.00,0.00,0.00,0.00,0.00,0.50,0.14,0.07,0.00,0.00,0.00,0.00,0.00,0.00,0.00,3.73,3.61,0.00,3.47,0.00,0.00,0.11,0.09
2079.0,-2.000,7.000,0.000,0.000,0.000,0,0,0.800,0,0.00,0.00,0.07,85.86,50.51,165.54,164.75,121.21,86.58,115.35,107.82,1.07,1.29,58.05,51.79,69.02,53.49,109.67,89.47,102.44,88.22,303.03,303.03,137.63,136.36,0.00,0.00,0.00,0.00,7.85,7.37,0.00,1.55,4.04,6.08,0.00,0.00,0.00,0.00,0.00,0.00,0.00,0.00,1.19,0.00,0.00,0.00,0.00,0.17,0.00,0.00,0.00,0.00,0.00,0.00,0.00,0.00,0.00,0.00,0.00,0.00,0.00,0.00,0.00,0.00,0.00,0.00,0.00,0.00,0.08,0.00,0.00,0.00,0.00,0.00,0.00,0.38,0.33,0.00,0.00,0.00,0.00,0.00,0.01,0.01,0.59,0.50,0.80,0.81,0.00,0.00,0.00,0.00,4.49,0.00,0.00,0.00,77.70,86.58,2.05,1.92,15.13,15.41,0.00,0.00,93.24,94.70,0.00,0.00,0.00,0.00,0.00,0.00,0.00,0.00,0.00,0.00,303.03,363.64,0.00,0.00,60.61,0.00,0.00,0.00,0.00,0.00,0.00,0.00,0.00,0.00,0.00,0.00,21.54,14.75,13.13,6.08,26.38,19.11,28.49,31.77,18.62,13.51,0.00,0.00,0.00,0.00,0.00,0.00,0.00,0.00,0.00,0.00,0.00,0.00,19.65,30.80,29.94,38.47,31.68,34.67,0.00,0.00,0.00,0.00,0.00,0.00,0.00,0.00,0.00,0.00,0.00,0.00,0.00,0.00,0.00,0.00,0.39,0.16,0.00,0.00,0.00,0.00,0.00,0.00,0.00,0.00,4.07,1.97,3.28,7.58,0.00,0.00,0.12,0.05
2179.0,-2.000,7.000,0.000,0.000,0.000,0,0,0.800,0,0.00,0.07,0.13,85.86,55.56,165.54,165.88,129.87,86.58,114.99,105.88,1.37,1.59,56.59,50.32,67.49,54.21,92.35,95.24,99.11,89.15,303.03,303.03,141.41,138.89,0.00,0.00,0.00,0.00,7.73,7.45,1.59,1.55,5.07,5.89,0.00,0.00,0.00,0.00,0.00,0.00,0.00,0.00,0.00,3.50,0.00,0.00,0.00,0.00,0.00,0.00,0.00,0.00,0.00,0.00,0.00,0.00,0.00,0.00,0.00,0.00,0.00,0.00,0.00,0.00,0.00,0.00,0.00,0.08,0.16,0.00,0.00,0.00,0.00,0.00,0.00,1.16,0.99,0.00,0.00,0.00,0.00,0.00,0.01,0.01,0.59,0.62,0.00,1.62,0.00,0.00,0.00,24.24,2.24,0.00,0.00,0.00,83.92,84.85,1.73,2.16,14.44,15.46,0.00,0.00,97.90,94.70,0.00,0.00,0.00,0.00,0.00,0.00,0.00,0.00,0.00,0.00,303.03,303.03,0.00,0.00,60.61,0.00,0.00,0.00,0.00,60.61,0.00,0.00,0.00,0.00,0.00,0.00,21.76,15.75,10.03,5.70,25.09,20.99,29.42,31.85,18.54,16.14,0.00,0.00,0.00,0.00,0.00,0.00,0.00,0.00,0.00,0.00,0.00,0.00,18.97,32.03,27.85,37.47,28.93,35.69,0.00,0.00,0.00,0.00,0.00,0.00,0.00,0.00,0.00,0.00,0.00,0.00,0.00,0.00,0.00,0.00,0.31,0.23,0.08,0.08,0.00,0.00,0.00,0.00,0.00,0.00,4.07,5.42,0.00,5.68,0.00,0.00,0.12,0.05
2279.0,-2.000,7.000,0.000,0.000,0.000,0,0,0.800,0,0.00,0.07,0.20,75.76,45.45,166.11,165.03,121.21,69.26,119.79,108.70,0.73,1.07,57.32,53.26,68.66,54.31,103.90,92.35,104.34,91.73,363.64,363.64,135.10,130.05,0.00,0.00,0.00,0.00,7.76,7.08,1.59,0.00,5.64,4.94,0.00,0.00,0.00,0.00,0.00,0.00,0.00,0.00,0.00,0.00,0.00,0.00,0.00,0.17,0.00,1.44,0.00,0.00,0.00,0.00,0.00,0.00,0.00,0.00,0.00,0.00,0.00,0.00,0.00,0.00,0.00,0.00,0.00,0.08,0.16,0.00,0.00,0.00,0.00,0.00,0.00,0.38,0.00,0.00,0.00,0.00,0.00,0.00,0.01,0.00,0.54,0.62,0.00,0.00,0.00,0.00,0.00,12.12,0.00,0.00,0.00,0.00,79.25,93.51,1.91,1.50,15.02,15.62,0.00,0.00,93.24,102.27,0.00,0.00,0.00,0.00,0.00,0.00,0.00,0.00,0.00,0.00,363.64,303.03,0.00,0.00,60.61,0.00,0.00,0.00,0.00,60.61,0.00,0.00,0.00,0.00,0.00,0.00,21.23,14.83,12.26,8.29,25.60,17.96,30.63,30.18,19.77,15.21,0.00,0.00,0.00,0.00,0.00,0.00,0.00,0.00,0.00,0.00,0.00,0.00,19.59,31.38,27.85,35.93,30.58,35.51,0.00,0.00,0.00,0.00,0.00,0.00,0.00,0.00,0.00,0.00,0.00,0.00,0.00,0.00,0.00,0.00,0.31,0.31,0.00,0.00,0.00,0.00,0.00,0.00,0.00,0.00,3.83,2.96,0.00,1.89,0.00,0.00,0.12,0.08
2379.0,-2.000,7.000,0.000,0.000,0.000,0,0,0.800,0,0.00,0.07,0.27,80.81,40.40,165.26,163.61,121.21,95.24,118.90,109.58,0.99,1.59,56.59,55.10,68.29,53.04,109.67,92.35,99.11,88.92,303.03,303.03,137.63,133.84,0.00,0.00,0.00,0.00,8.05,7.24,1.59,1.55,5.26,6.93,0.00,0.00,0.00,0.00,0.00,0.00,0.00,0.00,0.00,1.17,0.00,0.00,0.00,0.17,0.00,1.44,0.26,0.00,0.00,0.00,0.00,0.00,0.00,0.00,0.00,0.00,0.00,0.00,0.00,0.00,0.00,0.00,0.00,0.16,0.16,0.00,0.00,0.00,0.00,0.00,0.00,0.53,0.47,0.00,0.00,0.00,0.00,0.00,0.01,0.00,0.45,0.54,0.00,0.00,0.00,0.00,0.00,12.12,0.00,20.20,0.00,0.00,79.25,86.58,1.82,1.03,14.12,15.41,0.00,0.00,93.24,98.48,0.00,0.00,0.00,0.00,0.00,0.00,0.00,0.00,0.00,0.00,303.03,363.64,0.00,0.00,0.00,0.00,0.00,0.00,0.00,60.61,0.00,0.00,0.00,0.00,0.00,0.00,20.40,14.67,11.18,6.31,21.21,16.98,30.26,30.68,16.86,17.14,0.00,0.00,0.00,0.00,0.00,0.00,0.00,0.00,0.00,0.00,0.00,0.00,19.06,31.44,30.39,35.66,27.83,36.72,0.00,0.00,0.00,0.00,0.00,0.00,0.00,0.00,0.00,0.00,0.00,0.00,0.00,0.00,0.00,0.00,0.23,0.23,0.00,0.00,0.00,0.00,0.00,0.00,0.00,0.00,4.07,3.94,3.28,3.79,0.00,0.00,0.10,0.08
2479.0,-2.000,7.000,0.000,0.000,0.000,0,0,0.800,0,0.00,0.00,0.13,80.81,50.51,168.63,167.02,129.87,69.26,117.66,106.94,0.64,1.24,56.59,53.26,67.82,54.94,103.90,92.35,103.15,88.45,303.03,303.03,132.58,131.31,0.00,0.00,0.00,0.00,7.84,7.24,1.59,1.55,5.92,7.41,0.00,0.00,0.00,0.00,0.00,0.00,0.00,0.00,2.38,1.17,0.00,0.00,0.00,0.00,0.00,0.72,0.00,0.00,0.00,0.00,0.00,0.00,0.00,0.00,0.00,0.00,0.00,0.00,0.00,0.00,0.00,0.00,0.00,0.00,0.08,0.00,0.00,0.00,0.00,0.00,0.00,0.91,1.32,0.00,0.00,0.00,0.00,0.00,0.01,0.01,0.49,0.62,0.00,1.62,0.00,0.00,0.00,12.12,0.00,0.00,0.00,0.00,87.02,83.12,1.78,2.20,15.28,15.46,0.00,0.00,88.58,87.12,0.00,0.00,0.00,0.00,0.00,0.00,0.00,0.00,0.00,0.00,303.03,303.03,0.00,0.00,121.21,0.00,0.00,0.00,0.00,0.00,0.00,0.00,0.00,0.00,0.00,0.00,20.86,15.52,10.24,6.92,25.00,19.35,29.33,27.50,16.93,15.98,0.00,0.00,0.00,0.00,0.00,0.00,0.00,0.00,0.00,0.00,0.00,0.00,19.18,31.99,29.12,35.75,30.12,37.18,0.00,0.00,0.00,0.00,0.00,0.00,0.00,0.00,0.00,0.00,0.00,0.00,0.00,0.00,0.00,0.00,0.31,0.08,0.08,0.00,0.00,0.00,0.00,0.00,0.00,0.00,3.83,4.19,0.00,5.68,0.00,0.00,0.08,0.11
2579.0,-2.000,7.000,0.000,0.000,0.000,0,0,0.800,0,0.00,0.22,0.20,80.81,55.56,169.19,164.18,138.53,86.58,119.43,107.12,0.69,1.20,56.22,52.16,67.35,52.39,98.12,92.35,98.40,87.52,363.64,363.64,136.36,131.31,0.00,0.00,0.00,0.00,8.14,7.44,0.00,1.55,5.36,6.93,0.00,0.00,0.00,0.00,0.00,0.00,0.00,0.00,2.38,4.66,0.00,0.00,0.00,0.00,0.00,0.00,0.00,0.00,0.00,0.00,0.00,0.00,0.00,0.00,0.00,0.00,0.00,0.00,0.00,0.00,0.00,0.00,0.00,0.08,0.08,0.00,0.00,0.00,0.00,0.00,0.00,0.33,0.00,0.00,0.00,0.00,0.00,0.00,0.01,0.00,0.52,0.52,0.00,0.00,0.00,0.00,0.00,0.00,0.00,20.20,0.00,0.00,79.25,91.77,1.96,1.59,14.54,16.48,0.00,0.00,102.56,90.91,0.00,0.00,0.00,0.00,0.00,0.00,0.00,0.00,0.00,0.00,363.64,303.03,0.00,0.00,60.61,0.00,0.00,0.00,0.00,0.00,0.00,0.00,0.00,0.00,0.00,0.00,21.61,14.90,12.46,7.30,22.76,18.45,27.10,27.84,16.32,14.67,0.00,0.00,0.00,0.00,0.00,0.00,0.00,0.00,0.00,0.00,0.00,0.00,19.08,31.60,28.85,39.10,30.03,38.85,0.00,0.00,0.00,0.00,0.00,0.00,0.00,0.00,0.00,0.00,0.00,0.00,0.00,0.00,0.00,0.00,0.85,0.08,0.15,0.00,0.00,0.00,0.00,0.00,0.00,0.00,3.11,2.71,0.00,3.79,0.00,0.00,0.17,0.08
2679.0,-2.000,7.000,0.000,0.000,0.000,0,0,0.800,0,0.00,0.07,0.20,75.76,60.61,164.14,165.32,121.21,77.92,116.41,105.88,0.86,0.99,58.78,58.40,67.98,54.26,103.90,89.47,97.21,91.26,303.03,303.03,136.36,132.58,0.00,0.00,0.00,0.00,7.88,7.09,1.59,1.55,4.98,6.17,0.00,0.00,0.00,0.00,0.00,0.00,0.00,0.00,0.00,1.17,0.00,0.00,0.00,0.17,0.00,0.72,0.00,0.00,0.00,0.00,0.00,0.00,0.00,0.00,0.00,0.00,0.00,0.00,0.00,0.00,0.00,0.00,0.00,0.16,0.08,0.00,0.00,0.00,0.00,0.00,0.00,0.86,1.84,0.00,0.00,0.00,0.00,0.00,0.01,0.00,0.61,0.60,0.00,0.00,0.00,0.00,0.00,12.12,0.00,0.00,0.00,0.00,80.81,91.77,1.69,1.97,14.81,14.82,0.00,0.00,97.90,94.70,0.00,0.00,0.00,0.00,0.00,0.00,0.00,0.00,0.00,0.00,303.03,363.64,0.00,0.00,0.00,0.00,0.00,0.00,0.00,60.61,0.00,0.00,0.00,0.00,0.00,0.00,21.16,15.52,10.37,6.46,20.43,20.42,25.89,26.67,17.78,15.44,0.00,0.00,0.00,0.00,0.00,0.00,0.00,0.00,0.00,0.00,0.00,0.00,19.05,30.76,27.31,35.75,32.04,32.07,0.00,0.00,0.00,0.00,0.00,0.00,0.00,0.00,0.00,0.00,0.00,0.00,0.00,0.00,0.00,0.00,0.39,0.31,0.00,0.00,0.00,0.00,0.00,0.00,0.00,0.00,4.55,5.67,0.00,3.79,0.00,0.00,0.18,0.07
2795.0,-2.000,7.000,0.000,0.000,0.000,0,0,0.800,0,4.33,0.07,0.20,80.81,45.45,167.79,165.03,129.87,103.90,117.84,107.65,0.60,0.94,55.86,54.36,67.51,52.69,95.24,83.69,101.25,88.92,363.64,363.64,140.15,141.41,0.00,0.00,0.00,0.00,7.83,6.98,0.00,1.55,5.17,5.03,0.00,0.00,0.00,0.00,0.00,0.00,0.00,0.00,1.19,2.33,0.00,0.00,0.00,0.00,0.00,0.00,0.00,0.00,0.00,0.00,0.00,0.00,0.00,0.00,0.00,0.00,0.00,0.00,0.00,0.00,0.00,0.00,0.00,0.24,0.08,0.00,0.00,0.00,0.00,0.00,0.00,0.50,0.52,0.00,0.00,0.00,0.00,0.00,0.01,0.00,0.57,0.59,0.00,0.00,0.00,0.00,0.00,12.12,2.24,0.00,0.00,0.00,77.70,86.58,1.91,2.16,15.71,15.46,0.00,0.00,93.24,102.27,0.00,0.00,0.00,0.00,0.00,0.00,0.00,0.00,0.00,0.00,363.64,303.03,0.00,0.00,60.61,0.00,0.00,0.00,0.00,60.61,0.00,0.00,0.00,0.00,0.00,0.00,20.86,15.52,10.10,6.24,22.85,17.63,25.71,30.93,16.93,12.66,0.00,0.00,0.00,0.00,0.00,0.00,0.00,0.00,0.00,0.00,0.00,0.08,19.15,31.38,29.21,33.30,30.94,33.18,0.00,0.00,0.00,0.00,0.00,0.00,0.00,0.00,0.00,0.00,0.00,0.00,0.00,0.00,0.00,0.00,0.16,0.39,0.00,0.00,0.00,0.00,0.00,0.00,0.00,0.00,4.55,4.19,6.55,7.58,0.00,0.00,0.15,0.07
2906.5,-2.000,7.000,0.000,0.000,0.000,0,0,0.800,0,4.20,0.07,0.26,73.53,53.92,170.48,165.70,117.65,84.03,117.47,106.70,0.75,1.00,55.28,50.62,67.88,53.23,100.84,92.44,101.04,85.85,352.94,352.94,139.71,132.35,0.00,0.00,0.00,0.00,7.94,7.20,1.55,0.00,5.93,6.36,0.00,0.00,0.00,0.00,0.00,0.00,0.00,0.00,2.31,1.13,0.00,0.00,0.00,0.16,0.00,0.00,0.26,0.00,0.00,0.00,0.00,0.00,0.00,0.00,0.00,0.00,0.00,0.00,0.00,0.00,0.00,0.00,0.00,0.24,0.00,0.00,0.00,0.00,0.00,0.00,0.00,0.66,1.51,0.00,0.00,0.00,0.00,0.00,0.01,0.01,0.61,0.60,0.00,1.57,0.00,0.00,0.00,23.53,0.00,19.61,0.00,0.00,75.41,89.08,2.16,1.64,13.86,15.06,0.00,0.00,95.02,80.88,0.00,0.00,0.00,0.00,0.00,0.00,0.00,0.00,0.00,0.00,352.94,352.94,0.00,0.00,58.82,0.00,0.00,0.00,0.00,0.00,0.00,0.00,0.00,0.00,0.00,0.00,19.73,15.73,10.33,5.17,23.43,18.07,29.55,25.96,17.25,20.91,0.00,0.00,0.00,0.00,0.00,0.00,0.00,0.00,0.00,0.00,0.00,0.00,19.01,32.09,28.71,35.58,31.37,37.80,0.00,0.00,0.00,0.00,0.00,0.00,0.00,0.00,0.00,0.00,0.00,0.00,0.00,0.00,0.00,0.00,0.23,0.30,0.00,0.00,0.00,0.00,0.00,0.00,0.00,0.00,3.26,4.54,3.18,7.35,0.00,0.00,0.10,0.02
3006.5,-2.000,7.000,0.000,0.000,0.000,0,0,0.800,0,4.20,0.07,0.33,73.53,49.02,164.49,166.25,117.65,75.63,114.20,106.53,0.58,0.92,54.22,55.26,67.51,53.73,103.64,98.04,96.89,89.03,294.12,294.12,136.03,131.13,0.00,0.00,0.00,0.00,7.64,7.24,0.00,0.00,5.29,6.45,0.00,0.00,0.00,0.00,0.00,0.00,0.00,0.00,2.31,2.26,0.00,0.00,0.00,0.16,0.00,1.40,0.00,0.00,0.00,0.00,0.00,0.00,0.00,0.00,0.00,0.00,0.00,0.00,0.00,0.00,0.00,0.00,0.00,0.08,0.08,0.00,0.00,0.00,0.00,0.00,0.00,0.37,0.55,0.00,0.00,0.00,0.00,0.00,0.02,0.00,0.41,0.51,0.00,0.78,0.00,0.00,0.00,11.76,4.36,0.00,0.00,0.00,78.43,75.63,1.47,2.05,15.09,14.95,0.00,0.00,95.02,95.59,0.00,0.00,0.00,0.00,0.00,0.00,0.00,0.00,0.00,0.00,294.12,352.94,0.00,0.00,0.00,0.00,0.00,0.00,0.00,0.00,0.00,0.00,0.00,0.00,0.00,0.00,19.14,13.42,11.05,6.57,19.75,19.02,26.12,26.04,15.02,14.61,0.00,0.00,0.00,0.00,0.00,0.00,0.00,0.00,0.00,0.00,0.00,0.00,18.98,32.53,30.56,33.81,31.37,38.79,0.00,0.00,0.00,0.00,0.00,0.00,0.00,0.00,0.00,0.00,0.00,0.00,0.00,0.00,0.00,0.00,0.15,0.08,0.00,0.00,0.00,0.00,0.00,0.00,0.00,0.00,3.02,2.63,1.59,5.51,0.00,0.00,0.11,0.06
3106.5,-2.000,7.000,0.000,0.000,0.000,0,0,0.800,0,0.00,0.00,0.07,78.43,58.82,168.85,165.98,142.86,84.03,116.78,107.05,0.62,1.08,58.47,54.19,67.85,53.86,98.04,89.64,99.19,91.76,352.94,352.94,136.03,136.03,0.00,0.00,0.00,0.00,7.85,7.19,1.55,0.00,5.20,5.62,0.00,0.00,0.00,0.00,0.00,0.00,0.00,0.00,1.15,0.00,0.00,0.00,0.00,0.33,0.00,0.70,0.26,0.00,0.00,0.00,0.00,0.00,0.00,0.00,0.00,0.00,0.00,0.00,0.00,0.00,0.00,0.00,0.00,0.24,0.00,0.00,0.00,0.00,0.00,0.00,0.00,0.39,0.92,0.00,0.00,0.00,0.00,0.00,0.00,0.00,0.49,0.60,0.00,0.00,0.00,0.00,0.00,11.76,0.00,0.00,0.00,0.00,75.41,84.03,2.11,1.91,16.37,16.51,0.00,0.00,95.02,91.91,0.00,0.00,0.00,0.00,0.00,0.00,0.00,0.00,0.00,0.00,352.94,294.12,0.00,0.00,58.82,0.00,0.00,0.00,0.00,58.82,0.00,0.00,0.00,0.00,0.00,0.00,18.78,16.40,12.61,3.69,18.74,17.67,26.21,25.72,16.96,13.34,0.00,0.00,0.00,0.00,0.00,0.00,0.00,0.00,0.00,0.00,0.00,0.00,19.06,31.56,31.79,33.73,33.23,33.56,0.00,0.00,0.00,0.00,0.00,0.00,0.00,0.00,0.00,0.00,0.00,0.00,0.00,0.00,0.00,0.00,0.60,0.30,0.23,0.00,0.00,0.00,0.00,0.00,0.00,0.00,3.49,3.83,0.00,3.68,0.00,0.00,0.11,0.08
3206.5,-2.000,7.000,0.000,0.000,0.000,0,0,0.800,0,4.20,0.00,0.20,88.24,49.02,166.94,165.70,117.65,92.44,119.03,107.73,0.92,1.04,57.05,50.98,66.85,52.82,109.24,89.64,99.42,89.94,352.94,352.94,137.25,138.48,0.00,0.00,0.00,0.00,8.11,7.14,0.00,0.00,4.65,5.16,0.00,0.00,0.00,0.00,0.00,0.00,0.00,0.00,1.15,1.13,0.00,0.00,0.00,0.33,0.00,0.00,0.26,0.00,0.00,0.00,0.00,0.00,0.00,0.00,0.00,0.00,0.00,0.00,0.00,0.00,0.00,0.00,0.00,0.16,0.00,0.00,0.00,0.00,0.00,0.00,0.00,0.42,0.62,0.00,0.00,0.00,0.00,0.00,0.01,0.00,0.45,0.60,0.00,0.00,0.00,0.00,0.00,11.76,0.00,0.00,0.00,0.00,75.41,87.39,2.24,1.27,15.19,17.03,0.00,0.00,72.40,91.91,0.00,0.00,0.00,0.00,0.00,0.00,0.00,0.00,0.00,0.00,352.94,352.94,0.00,0.00,58.82,0.00,0.00,0.00,0.00,0.00,0.00,0.00,0.00,0.00,0.00,0.00,20.10,14.54,11.76,5.98,17.07,18.15,27.57,28.32,16.43,16.04,0.00,0.00,0.00,0.00,0.00,0.00,0.00,0.00,0.00,0.00,0.00,0.00,18.69,30.74,31.35,34.34,32.08,34.82,0.00,0.00,0.00,0.00,0.00,0.00,0.00,0.00,0.00,0.00,0.00,0.00,0.00,0.00,0.00,0.00,0.38,0.23,0.08,0.00,0.00,0.00,0.00,0.00,0.00,0.00,3.26,1.91,0.00,3.68,0.00,0.00,0.13,0.06
3306.5,-2.000,7.000,0.000,0.000,0.000,0,0,0.800,0,4.20,0.07,0.20,73.53,49.02,165.31,164.87,117.65,84.03,116.09,109.27,0.87,1.04,54.57,52.05,67.42,54.54,98.04,98.04,100.81,89.48,294.12,294.12,138.48,136.03,0.00,0.00,0.00,0.00,7.79,7.38,0.00,1.51,6.20,5.62,0.00,0.00,0.00,0.00,0.00,0.00,0.00,0.00,2.31,2.26,0.00,0.00,0.00,0.16,0.00,0.00,0.00,0.00,0.00,0.00,0.00,0.00,0.00,0.00,0.00,0.00,0.00,0.00,0.00,0.00,0.00,0.00,0.00,0.08,0.08,0.00,0.00,0.00,0.00,0.00,0.00,0.81,1.15,0.00,0.00,0.00,0.00,0.00,0.01,0.00,0.43,0.58,0.77,0.00,0.00,0.00,0.00,11.76,0.00,19.61,0.00,0.00,79.94,80.67,1.51,1.18,14.53,14.38,0.00,0.00,95.02,84.56,0.00,0.00,0.00,0.00,0.00,0.00,0.00,0.00,0.00,0.00,294.12,352.94,0.00,0.00,117.65,0.00,0.00,0.00,0.00,0.00,0.00,0.00,0.00,0.00,0.00,0.00,21.34,15.21,12.09,5.24,19.83,19.34,28.65,28.24,18.07,16.64,0.00,0.00,0.00,0.00,0.00,0.00,0.00,0.00,0.00,0.00,0.00,0.00,19.19,30.76,30.82,35.40,29.32,35.10,0.00,0.00,0.00,0.00,0.00,0.00,0.00,0.00,0.00,0.00,0.00,0.00,0.00,0.00,0.00,0.00,0.23,0.15,0.08,0.00,0.00,0.00,0.00,0.00,0.00,0.00,3.26,3.59,0.00,3.68,0.00,0.00,0.10,0.11
3406.5,-2.000,7.000,0.000,0.000,0.000,0,0,0.800,0,4.20,0.07,0.20,83.33,53.92,170.48,167.36,126.05,67.23,116.44,107.39,0.58,0.83,59.18,53.48,67.67,54.97,106.44,95.24,103.58,88.12,352.94,352.94,137.25,136.03,0.00,0.00,0.00,0.00,8.12,7.23,1.55,1.51,6.02,6.09,0.00,0.00,0.00,0.00,0.00,0.00,0.00,0.00,0.00,2.26,0.00,0.00,0.00,0.16,0.00,1.40,0.00,0.00,0.00,0.00,0.00,0.00,0.00,0.00,0.00,0.00,0.00,0.00,0.00,0.00,0.00,0.00,0.00,0.31,0.15,0.00,0.00,0.00,0.00,0.00,0.00,0.51,0.80,0.00,0.00,0.00,0.00,0.00,0.01,0.00,0.54,0.73,0.00,0.00,0.00,0.00,0.00,11.76,2.18,19.61,0.00,0.00,76.92,87.39,1.42,1.41,17.14,16.67,0.00,0.00,95.02,99.26,0.00,0.00,0.00,0.00,0.00,0.00,0.00,0.00,0.00,0.00,352.94,294.12,0.00,0.00,58.82,0.00,0.00,0.00,0.00,58.82,0.00,0.00,0.00,0.00,0.00,0.00,20.32,16.25,12.29,7.53,18.91,18.31,27.84,26.45,17.48,17.01,0.00,0.00,0.00,0.00,0.00,0.00,0.00,0.00,0.00,0.00,0.00,0.00,18.31,30.41,31.35,35.40,29.41,34.64,0.00,0.00,0.00,0.00,0.00,0.00,0.00,0.00,0.00,0.00,0.00,0.00,0.00,0.00,0.00,0.00,0.15,0.38,0.08,0.00,0.00,0.00,0.00,0.00,0.00,0.00,3.26,4.54,3.18,7.35,0.00,0.00,0.11,0.06
3506.5,-2.000,7.000,0.000,0.000,0.000,0,0,0.800,0,4.20,0.21,0.20,73.53,49.02,166.39,166.80,126.05,92.44,116.44,108.07,0.83,1.12,55.99,54.55,67.46,53.91,100.84,92.44,100.12,87.67,352.94,352.94,137.25,133.58,0.00,0.00,0.00,0.00,7.91,7.28,0.00,1.51,5.65,6.36,0.00,0.00,0.00,0.00,0.00,0.00,0.00,0.00,1.15,0.00,0.00,0.00,0.00,0.00,0.00,1.40,0.00,0.00,0.00,0.00,0.00,0.00,0.00,0.00,0.00,0.00,0.00,0.00,0.00,0.00,0.00,0.00,0.00,0.16,0.15,0.00,0.00,0.00,0.00,0.00,0.00,0.81,0.60,0.00,0.00,0.00,0.00,0.00,0.01,0.00,0.60,0.64,0.00,0.00,0.00,0.00,0.00,11.76,0.00,0.00,0.00,0.00,81.45,87.39,1.73,1.78,14.63,15.52,0.00,0.00,95.02,77.21,0.00,0.00,0.00,0.00,0.00,0.00,0.00,0.00,0.00,0.00,352.94,352.94,0.00,0.00,117.65,0.00,0.00,0.00,0.00,58.82,0.00,0.00,0.00,0.00,0.00,0.00,18.19,15.43,10.07,5.09,19.41,16.72,27.02,26.21,17.18,15.29,0.00,0.00,0.00,0.00,0.00,0.00,0.00,0.00,0.00,0.00,0.00,0.07,18.95,30.56,30.82,34.34,29.41,36.18,0.00,0.00,0.00,0.00,0.00,0.00,0.00,0.00,0.00,0.00,0.00,0.00,0.00,0.00,0.00,0.00,0.08,0.15,0.00,0.00,0.00,0.00,0.00,0.00,0.00,0.00,5.35,3.35,4.77,11.03,0.00,0.00,0.14,0.10
3606.5,-2.000,7.000,0.000,0.000,0.000,0,0,0.800,0,4.20,0.00,0.07,88.24,53.92,165.85,165.98,117.65,75.63,117.30,105.85,0.58,0.96,56.34,54.19,67.42,53.43,98.04,95.24,100.12,87.89,294.12,294.12,142.16,137.25,0.00,0.00,0.00,0.00,7.60,7.25,1.55,1.51,5.56,6.09,0.00,0.00,0.00,0.00,0.00,0.00,0.00,0.00,1.15,1.13,0.00,0.00,0.00,0.00,0.00,0.70,0.51,0.00,0.00,0.00,0.00,0.00,0.00,0.00,0.00,0.00,0.00,0.00,0.00,0.00,0.00,0.00,0.00,0.24,0.08,0.00,0.00,0.00,0.00,0.00,0.00,0.42,0.53,0.00,0.00,0.00,0.00,0.00,0.00,0.00,0.48,0.58,0.00,0.00,0.00,0.00,0.00,11.76,2.18,0.00,0.00,0.00,79.94,80.67,1.99,1.91,15.14,15.58,0.00,0.00,85.97,91.91,0.00,0.00,0.00,0.00,0.00,0.00,0.00,0.00,0.00,0.00,294.12,352.94,0.00,0.00,0.00,0.00,0.00,0.00,0.00,0.00,0.00,0.00,0.00,0.00,0.00,0.00,19.80,16.18,13.27,4.21,22.17,17.35,28.38,25.96,18.89,14.76,0.00,0.00,0.00,0.00,0.00,0.00,0.00,0.00,0.00,0.00,0.00,0.00,19.27,32.27,31.00,34.52,31.37,35.19,0.00,0.00,0.00,0.00,0.00,0.00,0.00,0.00,0.00,0.00,0.00,0.00,0.00,0.00,0.00,0.00,0.23,0.23,0.08,0.00,0.00,0.00,0.00,0.00,0.00,0.00,3.49,3.11,1.59,5.51,0.00,0.00,0.10,0.08
3706.5,-2.000,7.000,0.000,0.000,0.000,0,0,0.800,0,4.20,0.07,0.26,78.43,53.92,166.39,162.11,117.65,92.44,116.09,105.68,0.58,0.92,57.05,52.76,67.49,55.04,103.64,98.04,101.50,89.48,352.94,352.94,136.03,136.03,0.00,0.00,0.00,0.00,8.02,7.04,0.00,3.02,5.84,6.36,0.00,0.00,0.00,0.00,0.00,0.00,0.00,0.00,1.15,2.26,0.00,0.00,0.00,0.16,0.00,0.00,0.00,0.00,0.00,0.00,0.00,0.00,0.00,0.00,0.00,0.00,0.00,0.00,0.00,0.00,0.00,0.00,0.00,0.08,0.23,0.00,0.00,0.00,0.00,0.00,0.00,0.29,0.05,0.00,0.00,0.00,0.00,0.00,0.03,0.00,0.67,0.71,0.00,0.00,0.00,0.00,0.00,0.00,0.00,19.61,0.00,0.00,79.94,82.35,1.90,1.64,15.35,16.04,0.00,0.00,95.02,95.59,0.00,0.00,0.00,0.00,0.00,0.00,0.00,0.00,0.00,0.00,352.94,294.12,0.00,0.00,58.82,0.00,0.00,0.00,0.00,0.00,0.00,0.00,0.00,0.00,0.00,0.00,21.56,15.51,11.57,8.56,24.35,22.13,27.57,27.18,19.34,15.81,0.00,0.00,0.00,0.00,0.00,0.00,0.00,0.00,0.00,0.00,0.00,0.00,18.71,30.61,30.03,36.37,32.61,35.19,0.00,0.00,0.00,0.00,0.00,0.00,0.00,0.00,0.00,0.00,0.00,0.00,0.00,0.00,0.00,0.00,0.45,0.30,0.00,0.08,0.00,0.00,0.00,0.00,0.00,0.00,4.19,3.59,0.00,5.51,0.00,0.00,0.16,0.06
3806.5,-2.000,7.000,0.000,0.000,0.000,0,0,0.800,0,4.20,0.14,0.13,73.53,53.92,167.21,162.66,151.26,67.23,117.65,108.93,0.87,1.04,59.89,55.61,67.97,52.55,103.64,95.24,97.12,85.62,352.94,352.94,137.25,131.13,0.00,0.00,0.00,0.00,7.79,7.33,1.55,3.02,5.56,6.91,0.00,0.00,0.00,0.00,0.00,0.00,0.00,0.00,1.15,0.00,0.00,0.00,0.00,0.33,0.00,0.70,0.00,0.00,0.00,0.00,0.00,0.00,0.00,0.00,0.00,0.00,0.00,0.00,0.00,0.00,0.00,0.00,0.00,0.08,0.15,0.00,0.00,0.00,0.00,0.00,0.00,0.42,0.53,0.00,0.00,0.00,0.00,0.00,0.01,0.00,0.38,0.53,0.00,1.57,0.00,0.00,0.00,23.53,2.18,19.61,0.00,0.00,73.91,84.03,1.81,1.50,15.09,15.99,0.00,0.00,85.97,88.24,0.00,0.00,0.00,0.00,0.00,0.00,0.00,0.00,0.00,0.00,352.94,352.94,0.00,0.00,58.82,0.00,0.00,0.00,0.00,0.00,0.00,0.00,0.00,0.00,0.00,0.00,20.46,14.61,12.35,5.61,24.27,22.92,27.02,29.45,16.73,14.69,0.00,0.00,0.00,0.00,0.00,0.00,0.00,0.00,0.00,0.00,0.00,0.00,18.81,32.10,28.44,35.31,30.39,36.00,0.00,0.00,0.00,0.00,0.00,0.00,0.00,0.00,0.00,0.00,0.00,0.00,0.00,0.00,0.00,0.00,0.68,0.23,0.08,0.08,0.00,0.00,0.00,0.00,0.00,0.00,4.42,4.07,0.00,11.03,0.00,0.00,0.11,0.06
3906.5,-2.000,7.000,0.000,0.000,0.000,0,0,0.800,0,4.20,0.21,0.13,63.73,53.92,161.76,165.15,126.05,67.23,112.30,105.16,1.08,1.00,57.41,55.61,67.33,54.00,103.64,92.44,98.73,86.99,294.12,294.12,140.93,137.25,0.00,0.00,0.00,0.00,7.70,7.27,0.00,1.51,5.20,5.16,0.00,0.00,0.00,0.00,0.00,0.00,0.00,0.00,1.15,0.00,0.00,0.00,0.00,0.00,0.00,0.00,0.00,0.00,0.00,0.00,0.00,0.00,0.00,0.00,0.00,0.00,0.00,0.00,0.00,0.00,0.00,0.00,0.00,0.16,0.08,0.00,0.00,0.00,0.00,0.00,0.00,0.91,1.26,0.00,0.00,0.00,0.00,0.00,0.00,0.00,0.56,0.58,0.00,0.00,0.00,0.00,0.00,11.76,0.00,0.00,0.00,0.00,75.41,84.03,1.38,1.87,15.50,15.58,0.00,0.00,85.97,88.24,0.00,0.00,0.00,0.00,0.00,0.00,0.00,0.00,0.00,0.00,294.12,352.94,0.00,0.00,58.82,0.00,0.00,0.00,0.00,0.00,0.00,0.00,0.00,0.00,0.00,0.00,20.98,15.66,8.30,6.79,27.19,15.28,27.75,28.48,17.77,15.06,0.00,0.00,0.00,0.00,0.00,0.00,0.00,0.00,0.00,0.00,0.00,0.00,19.17,31.18,28.88,35.22,29.41,37.17,0.00,0.00,0.00,0.00,0.00,0.00,0.00,0.00,0.00,0.00,0.00,0.00,0.00,0.00,0.00,0.00,0.30,0.08,0.15,0.08,0.00,0.00,0.00,0.00,0.00,0.00,3.72,4.78,0.00,7.35,0.00,0.00,0.13,0.06
4006.5,-2.000,7.000,0.000,0.000,0.000,0,0,0.800,0,4.20,0.00,0.20,83.33,44.12,167.76,165.98,109.24,92.44,116.44,106.19,0.83,1.21,59.53,53.48,67.24,54.81,109.24,89.64,102.42,85.62,352.94,352.94,140.93,134.80,0.00,0.00,0.00,0.00,8.15,7.46,0.00,0.00,5.93,6.18,0.00,0.00,0.00,0.00,0.00,0.00,0.00,0.00,2.31,2.26,0.00,0.00,0.00,0.16,0.00,0.00,0.26,0.00,0.00,0.00,0.00,0.00,0.00,0.00,0.00,0.00,0.00,0.00,0.00,0.00,0.00,0.00,0.00,0.08,0.00,0.00,0.00,0.00,0.00,0.00,0.00,0.73,0.78,0.00,0.00,0.00,0.00,0.00,0.01,0.00,0.51,0.64,0.00,0.00,0.00,0.00,0.00,11.76,2.18,0.00,0.00,0.00,81.45,84.03,2.24,2.00,14.83,16.72,0.00,0.00,90.50,95.59,0.00,0.00,0.00,0.00,0.00,0.00,0.00,0.00,0.00,0.00,352.94,294.12,0.00,0.00,58.82,0.00,0.00,0.00,0.00,58.82,0.00,0.00,0.00,0.00,0.00,0.00,18.63,15.51,12.75,7.01,24.10,20.22,27.20,30.02,17.33,16.86,0.00,0.00,0.00,0.00,0.00,0.00,0.00,0.00,0.00,0.00,0.00,0.00,18.24,30.65,29.15,36.28,31.90,34.64,0.00,0.00,0.00,0.00,0.00,0.00,0.00,0.00,0.00,0.00,0.00,0.00,0.00,0.00,0.00,0.00,0.23,0.23,0.00,0.00,0.00,0.00,0.00,0.00,0.00,0.00,3.72,4.78,0.00,7.35,0.00,0.00,0.13,0.11
4106.5,-2.000,7.000,0.000,0.000,0.000,0,0,0.800,0,4.20,0.07,0.20,78.43,53.92,168.57,167.36,126.05,100.84,117.82,107.22,0.75,1.12,56.70,53.48,67.56,54.54,100.84,100.84,99.88,88.58,352.94,352.94,139.71,127.45,0.00,0.00,0.00,0.00,7.78,7.25,1.55,1.51,5.29,6.18,0.00,0.00,0.00,0.00,0.00,0.00,0.00,0.00,1.15,3.39,0.00,0.00,0.00,0.16,0.00,0.70,0.00,0.00,0.00,0.00,0.00,0.00,0.00,0.00,0.00,0.00,0.00,0.00,0.00,0.00,0.00,0.00,0.00,0.08,0.08,0.00,0.00,0.00,0.00,0.00,0.00,0.71,0.67,0.00,0.00,0.00,0.00,0.00,0.02,0.00,0.60,0.55,0.00,0.00,0.00,0.00,0.00,11.76,0.00,19.61,0.00,0.00,76.92,87.39,1.68,2.05,15.09,16.09,0.00,0.00,108.60,88.24,0.00,0.00,0.00,0.00,0.00,0.00,0.00,0.00,0.00,0.00,352.94,352.94,0.00,0.00,117.65,0.00,0.00,0.00,0.00,0.00,0.00,0.00,0.00,0.00,0.00,0.00,19.88,15.81,11.96,7.82,25.19,18.86,27.02,29.53,18.59,17.09,0.00,0.00,0.00,0.00,0.00,0.00,0.00,0.00,0.00,0.00,0.00,0.00,18.60,32.42,31.70,36.46,30.74,36.81,0.00,0.00,0.00,0.00,0.00,0.00,0.00,0.00,0.00,0.00,0.00,0.00,0.00,0.00,0.00,0.00,0.08,0.23,0.00,0.00,0.00,0.00,0.00,0.00,0.00,0.00,3.02,3.11,0.00,9.19,0.00,0.00,0.11,0.08
4206.5,-2.000,7.000,0.000,0.000,0.000,0,0,0.800,0,4.20,0.14,0.13,78.43,49.02,165.85,165.42,142.86,75.63,117.47,108.41,0.79,1.00,56.70,50.98,66.67,52.78,103.64,89.64,98.50,85.40,294.12,294.12,134.80,129.90,0.00,0.00,0.00,0.00,7.54,7.18,1.55,1.51,4.56,5.81,0.00,0.00,0.00,0.00,0.00,0.00,0.00,0.00,1.15,1.13,0.00,0.00,0.00,0.16,0.00,1.40,0.00,0.00,0.00,0.00,0.00,0.00,0.00,0.00,0.00,0.00,0.00,0.00,0.00,0.00,0.00,0.00,0.00,0.00,0.23,0.00,0.00,0.00,0.00,0.00,0.00,0.20,0.05,0.00,0.00,0.00,0.00,0.00,0.00,0.01,0.50,0.42,0.00,1.57,0.00,0.00,0.00,11.76,0.00,0.00,0.00,0.00,76.92,84.03,1.47,1.87,15.30,15.47,0.00,0.00,81.45,95.59,0.00,0.00,0.00,0.00,0.00,0.00,0.00,0.00,0.00,0.00,294.12,352.94,0.00,0.00,58.82,0.00,0.00,0.00,0.00,58.82,0.00,0.00,0.00,0.00,0.00,0.00,18.48,15.95,12.48,6.49,22.42,15.68,26.93,30.34,16.81,14.91,0.00,0.00,0.00,0.00,0.00,0.00,0.00,0.00,0.00,0.00,0.00,0.00,19.48,31.80,29.94,33.46,30.74,34.19,0.00,0.00,0.00,0.00,0.00,0.00,0.00,0.00,0.00,0.00,0.00,0.00,0.00,0.00,0.00,0.00,0.38,0.23,0.15,0.00,0.00,0.00,0.00,0.00,0.00,0.00,4.42,3.35,6.36,7.35,0.00,0.00,0.10,0.06
4306.5,-2.000,7.000,0.000,0.000,0.000,0,0,0.800,0,0.00,0.07,0.07,88.24,49.02,167.21,162.39,117.65,75.63,115.75,107.73,1.12,1.54,57.41,52.76,67.31,54.23,100.84,86.83,103.34,88.58,352.94,352.94,138.48,131.13,0.00,0.00,0.00,0.00,7.80,6.93,0.00,3.02,5.20,6.64,0.00,0.00,0.00,0.00,0.00,0.00,0.00,0.00,0.00,1.13,0.00,0.00,0.00,0.16,0.00,1.40,0.00,0.00,0.00,0.00,0.00,0.00,0.00,0.00,0.00,0.00,0.00,0.00,0.00,0.00,0.00,0.00,0.00,0.24,0.15,0.00,0.00,0.00,0.00,0.00,0.00,0.54,0.67,0.00,0.00,0.00,0.00,0.00,0.01,0.01,0.58,0.71,0.00,1.57,0.00,0.00,0.00,11.76,2.18,19.61,0.00,0.00,78.43,84.03,1.64,1.46,15.66,14.80,0.00,0.00,108.60,102.94,0.00,0.00,0.00,0.00,0.00,0.00,0.00,0.00,0.00,0.00,352.94,294.12,0.00,0.00,58.82,0.00,0.00,0.00,0.00,0.00,0.00,0.00,0.00,0.00,0.00,0.00,21.05,14.24,10.92,5.76,20.33,16.08,26.66,27.34,18.22,16.49,0.00,0.00,0.00,0.00,0.00,0.00,0.00,0.00,0.00,0.00,0.00,0.07,18.88,31.09,29.41,34.17,30.12,37.44,0.00,0.00,0.00,0.00,0.00,0.00,0.00,0.00,0.00,0.00,0.00,0.00,0.00,0.00,0.00,0.00,0.23,0.15,0.00,0.00,0.00,0.00,0.00,0.00,0.00,0.00,3.49,3.35,6.36,9.19,0.00,0.00,0.16,0.05
4406.5,-2.000,7.000,0.000,0.000,0.000,0,0,0.800,0,4.20,0.14,0.13,73.53,49.02,167.76,164.04,134.45,92.44,117.47,107.39,0.87,1.25,55.99,55.26,67.49,53.59,95.24,95.24,100.81,88.58,352.94,352.94,138.48,137.25,0.00,0.00,0.00,0.00,7.62,7.15,1.55,3.02,5.11,5.62,0.00,0.00,0.00,0.00,0.00,0.00,0.00,0.00,2.31,0.00,0.00,0.00,0.00,0.16,0.00,0.00,0.00,0.00,0.00,0.00,0.00,0.00,0.00,0.00,0.00,0.00,0.00,0.11,0.00,0.00,0.00,0.00,0.00,0.00,0.08,0.00,0.00,0.00,0.00,0.00,0.00,0.17,0.00,0.00,0.00,0.00,0.00,0.00,0.01,0.00,0.46,0.49,0.00,0.78,0.00,0.00,0.00,0.00,0.00,0.00,0.00,0.00,75.41,89.08,1.68,1.73,16.43,16.09,0.00,0.00,95.02,91.91,0.00,0.00,0.00,0.00,0.00,0.00,0.00,0.00,0.00,0.00,352.94,352.94,0.00,0.00,0.00,0.00,0.00,0.00,0.00,0.00,0.00,0.00,0.00,0.00,0.00,0.00,20.46,15.88,11.50,8.19,20.84,16.72,25.49,29.37,15.99,16.71,0.00,0.00,0.00,0.00,0.00,0.00,0.00,0.00,0.00,0.00,0.00,0.00,19.26,31.14,31.53,34.08,32.43,36.00,0.00,0.00,0.00,0.00,0.00,0.00,0.00,0.00,0.00,0.00,0.00,0.00,0.00,0.00,0.00,0.00,0.23,0.23,0.00,0.00,0.00,0.00,0.00,0.00,0.00,0.00,1.86,1.91,0.00,3.68,0.00,0.00,0.10,0.08
4506.5,-2.000,7.000,0.000,0.000,0.000,0,0,0.800,0,0.00,0.07,0.26,83.33,44.12,166.12,165.70,109.24,75.63,118.68,108.76,0.46,0.71,57.05,55.97,66.01,54.20,103.64,92.44,96.89,87.21,294.12,294.12,138.48,137.25,0.00,0.00,0.00,0.00,7.78,7.30,0.00,1.51,6.02,5.62,0.00,0.00,0.00,0.00,0.00,0.00,0.00,0.00,1.15,1.13,0.00,0.00,0.00,0.16,0.00,0.00,0.00,0.00,0.00,0.00,0.00,0.00,0.00,0.00,0.00,0.00,0.00,0.00,0.00,0.00,0.00,0.00,0.00,0.08,0.08,0.00,0.00,0.00,0.00,0.00,0.00,0.49,0.90,0.00,0.00,0.00,0.00,0.00,0.00,0.00,0.63,0.66,0.00,0.00,0.00,0.00,0.00,11.76,2.18,19.61,0.00,0.00,73.91,84.03,1.81,1.96,14.99,15.26,0.00,0.00,99.55,88.24,0.00,0.00,0.00,0.00,0.00,0.00,0.00,0.00,0.00,0.00,294.12,352.94,0.00,0.00,117.65,0.00,0.00,0.00,0.00,58.82,0.00,0.00,0.00,0.00,0.00,0.00,20.17,14.84,11.76,4.28,20.42,18.31,23.69,29.94,17.03,15.29,0.00,0.00,0.00,0.00,0.00,0.00,0.00,0.00,0.00,0.00,0.00,0.07,19.13,30.55,25.63,34.61,31.54,37.08,0.00,0.00,0.00,0.00,0.00,0.00,0.00,0.00,0.00,0.00,0.00,0.00,0.00,0.00,0.00,0.00,0.38,0.15,0.00,0.00,0.00,0.00,0.00,0.00,0.00,0.00,3.26,4.78,3.18,7.35,0.00,0.00,0.11,0.06
4606.5,-2.000,7.000,0.000,0.000,0.000,0,0,0.800,0,4.20,0.07,0.26,78.43,49.02,167.21,166.80,126.05,75.63,116.96,106.02,1.12,1.50,56.34,51.34,67.42,53.93,95.24,92.44,101.96,86.76,352.94,352.94,143.38,137.25,0.00,0.00,0.00,0.00,7.78,7.26,0.00,1.51,4.92,6.09,0.00,0.00,0.00,0.00,0.00,0.00,0.00,0.00,1.15,0.00,0.00,0.00,0.00,0.33,0.00,1.40,0.26,0.00,0.00,0.00,0.00,0.00,0.00,0.00,0.00,0.00,0.00,0.11,0.00,0.00,0.00,0.00,0.00,0.16,0.15,0.00,0.00,0.00,0.00,0.00,0.00,0.81,1.45,0.00,0.00,0.00,0.00,0.00,0.00,0.00,0.52,0.55,0.00,0.00,0.00,0.00,0.00,11.76,0.00,0.00,0.00,0.00,81.45,84.03,2.07,2.23,15.55,16.04,0.00,0.00,95.02,95.59,0.00,0.00,0.00,0.00,0.00,0.00,0.00,0.00,0.00,0.00,352.94,294.12,0.00,0.00,58.82,0.00,0.00,0.00,0.00,0.00,0.00,0.00,0.00,0.00,0.00,0.00,18.78,14.02,11.37,6.64,22.51,17.19,21.98,30.43,17.10,15.66,0.00,0.00,0.00,0.00,0.00,0.00,0.00,0.00,0.00,0.00,0.00,0.00,18.94,31.48,31.08,34.52,31.54,36.00,0.00,0.00,0.00,0.00,0.00,0.00,0.00,0.00,0.00,0.00,0.00,0.00,0.00,0.00,0.00,0.00,0.08,0.23,0.00,0.00,0.00,0.00,0.00,0.00,0.00,0.00,3.26,3.83,0.00,3.68,0.00,0.00,0.11,0.13
4706.5,-2.000,7.000,0.000,0.000,0.000,0,0,0.800,0,0.00,0.07,0.13,78.43,49.02,165.03,164.60,134.45,84.03,119.54,107.56,0.54,0.71,58.47,53.48,67.28,53.75,106.44,92.44,99.42,91.07,352.94,352.94,138.48,136.03,0.00,0.00,0.00,0.00,7.72,6.88,1.55,1.51,5.38,5.99,0.00,0.00,0.00,0.00,0.00,0.00,0.00,0.00,1.15,2.26,0.00,0.00,0.00,0.00,0.00,0.70,0.00,0.00,0.00,0.00,0.00,0.00,0.00,0.00,0.00,0.00,0.00,0.00,0.00,0.00,0.00,0.00,0.00,0.08,0.15,0.00,0.00,0.00,0.00,0.00,0.00,0.32,0.00,0.00,0.00,0.00,0.00,0.00,0.01,0.00,0.51,0.49,0.00,0.00,0.00,0.00,0.00,0.00,0.00,0.00,0.00,0.00,73.91,78.99,1.60,1.64,16.07,15.00,0.00,0.00,90.50,91.91,0.00,0.00,0.00,0.00,0.00,0.00,0.00,0.00,0.00,0.00,352.94,352.94,0.00,0.00,0.00,0.00,0.00,0.00,0.00,58.82,0.00,0.00,0.00,0.00,0.00,0.00,20.61,14.54,10.52,7.75,18.99,18.86,23.60,29.21,16.36,15.74,0.00,0.00,0.00,0.00,0.00,0.00,0.00,0.00,0.00,0.00,0.00,0.00,18.66,31.61,29.85,35.66,31.72,34.73,0.00,0.00,0.00,0.00,0.00,0.00,0.00,0.00,0.00,0.00,0.00,0.00,0.00,0.00,0.00,0.00,0.30,0.23,0.08,0.00,0.00,0.00,0.00,0.00,0.00,0.00,3.26,2.63,4.77,1.84,0.00,0.00,0.13,0.05
4806.5,-2.000,7.000,0.000,0.000,0.000,0,0,0.800,0,0.00,0.00,0.13,78.43,53.92,165.31,165.70,117.65,84.03,115.92,104.65,1.08,1.41,57.76,53.48,67.58,53.77,100.84,89.64,102.19,87.89,294.12,294.12,137.25,132.35,0.00,0.00,0.00,0.00,7.95,7.43,0.00,1.51,5.84,5.62,0.00,0.00,0.00,0.00,0.00,0.00,0.00,0.00,1.15,1.13,0.00,0.00,0.00,0.00,0.00,0.70,0.26,0.00,0.00,0.00,0.00,0.00,0.00,0.00,0.00,0.00,0.00,0.00,0.00,0.00,0.00,0.00,0.00,0.08,0.08,0.00,0.00,0.00,0.00,0.00,0.00,1.17,1.31,0.00,0.00,0.00,0.00,0.00,0.01,0.00,0.51,0.64,0.00,0.00,0.00,0.00,0.00,11.76,2.18,0.00,0.00,0.00,81.45,84.03,1.77,2.19,15.40,15.26,0.00,0.00,95.02,91.91,0.00,0.00,0.00,0.00,0.00,0.00,0.00,0.00,0.00,0.00,294.12,352.94,0.00,0.00,117.65,0.00,0.00,0.00,0.00,58.82,0.00,0.00,0.00,0.00,0.00,0.00,21.20,17.07,13.99,6.86,18.83,15.68,23.69,26.21,15.39,18.06,0.00,0.00,0.00,0.00,0.00,0.00,0.00,0.00,0.00,0.00,0.00,0.00,18.50,32.39,28.00,35.84,29.50,35.28,0.00,0.00,0.00,0.00,0.00,0.00,0.00,0.00,0.00,0.00,0.00,0.00,0.00,0.00,0.00,0.00,0.30,0.23,0.08,0.00,0.00,0.00,0.00,0.00,0.00,0.00,3.95,4.30,4.77,7.35,0.00,0.00,0.11,0.10
4906.5,-2.000,7.000,0.000,0.000,0.000,0,0,0.800,0,0.00,0.07,0.26,63.73,49.02,168.57,167.63,142.86,75.63,116.61,107.56,0.71,1.33,58.47,52.76,66.99,54.41,103.64,95.24,99.42,89.26,352.94,352.94,137.25,133.58,0.00,0.00,0.00,0.00,7.84,7.34,0.00,0.00,5.65,5.72,0.00,0.00,0.00,0.00,0.00,0.00,0.00,0.00,2.31,2.26,0.00,0.00,0.00,0.16,0.00,1.40,0.00,0.00,0.00,0.00,0.00,0.00,0.00,0.00,0.00,0.00,0.00,0.00,0.00,0.00,0.00,0.00,0.00,0.31,0.15,0.00,0.00,0.00,0.00,0.00,0.00,0.46,0.80,0.00,0.00,0.00,0.00,0.00,0.01,0.00,0.59,0.86,0.00,0.00,0.00,0.00,0.00,11.76,0.00,0.00,0.00,0.00,78.43,92.44,1.34,1.68,15.86,16.72,0.00,0.00,90.50,91.91,0.00,0.00,0.00,0.00,0.00,0.00,0.00,0.00,0.00,0.00,352.94,294.12,0.00,0.00,58.82,0.00,0.00,0.00,0.00,58.82,0.00,0.00,0.00,0.00,0.00,0.00,21.05,16.55,11.50,7.38,21.34,21.41,24.86,27.10,18.15,17.38,0.00,0.00,0.00,0.00,0.00,0.00,0.00,0.00,0.00,0.00,0.00,0.00,18.90,32.10,29.24,36.19,28.70,34.28,0.00,0.00,0.00,0.00,0.00,0.00,0.00,0.00,0.00,0.00,0.00,0.00,0.00,0.00,0.00,0.00,0.23,0.46,0.00,0.00,0.00,0.00,0.00,0.00,0.00,0.00,4.42,5.02,4.77,3.68,0.00,0.00,0.16,0.10
5006.5,-2.000,7.000,0.000,0.000,0.000,0,0,0.800,0,0.00,0.14,0.26,73.53,58.82,168.85,163.49,100.84,84.03,119.03,107.05,0.67,0.67,57.41,52.41,67.81,54.09,103.64,86.83,100.58,87.67,352.94,352.94,133.58,134.80,0.00,0.00,0.00,0.00,7.93,7.32,1.55,0.00,5.93,5.07,0.00,0.00,0.00,0.00,0.00,0.00,0.00,0.00,1.15,2.26,0.00,0.00,0.00,0.16,0.00,0.70,0.00,0.00,0.00,0.00,0.00,0.00,0.00,0.00,0.00,0.00,0.00,0.00,0.00,0.00,0.00,0.00,0.00,0.08,0.15,0.00,0.00,0.00,0.00,0.00,0.00,0.44,0.41,0.00,0.00,0.00,0.00,0.00,0.02,0.00,0.46,0.49,0.00,0.00,0.00,0.00,0.00,11.76,2.18,0.00,0.00,0.00,79.94,84.03,1.77,1.68,15.04,16.04,0.00,0.00,85.97,88.24,0.00,0.00,0.00,0.00,0.00,0.00,0.00,0.00,0.00,0.00,352.94,352.94,0.00,0.00,117.65,0.00,0.00,0.00,0.00,0.00,0.00,0.00,0.00,0.00,0.00,0.00,19.51,16.33,8.43,6.27,26.94,18.23,25.49,27.26,15.99,16.34,0.00,0.00,0.00,0.00,0.00,0.00,0.00,0.00,0.00,0.00,0.00,0.00,18.43,30.55,29.24,36.98,29.06,36.09,0.00,0.00,0.00,0.00,0.00,0.00,0.00,0.00,0.00,0.00,0.00,0.00,0.00,0.00,0.00,0.00,0.60,0.30,0.08,0.00,0.00,0.00,0.00,0.00,0.00,0.00,2.79,2.87,0.00,1.84,0.00,0.00,0.13,0.08
5106.5,-2.000,7.000,0.000,0.000,0.000,0,0,0.800,0,0.00,0.07,0.20,73.53,53.92,166.94,161.83,142.86,100.84,115.58,109.27,1.29,1.58,56.70,55.97,66.94,53.27,100.84,92.44,101.50,84.71,294.12,294.12,138.48,139.71,0.00,0.00,0.00,0.00,7.79,7.15,0.00,0.00,5.29,5.90,0.00,0.00,0.00,0.00,0.00,0.00,0.00,0.00,2.31,3.39,0.00,0.00,0.00,0.16,0.00,0.70,0.26,0.00,0.00,0.00,0.00,0.00,0.00,0.00,0.00,0.00,0.00,0.00,0.00,0.00,0.00,0.00,0.00,0.08,0.08,0.00,0.00,0.00,0.00,0.00,0.00,0.66,0.83,0.00,0.00,0.00,0.00,0.00,0.00,0.00,0.43,0.59,0.00,0.00,0.00,0.00,0.00,23.53,2.18,0.00,0.00,0.00,73.91,78.99,1.64,1.14,14.32,15.26,0.00,0.00,85.97,84.56,0.00,0.00,0.00,0.00,0.00,0.00,0.00,0.00,0.00,0.00,294.12,352.94,0.00,0.00,0.00,0.00,0.00,0.00,0.00,0.00,0.00,0.00,0.00,0.00,0.00,0.00,19.51,15.13,9.48,5.98,23.35,16.48,24.23,27.51,16.51,17.46,0.00,0.00,0.00,0.00,0.00,0.00,0.00,0.00,0.00,0.00,0.00,0.00,18.37,31.14,28.18,33.64,31.01,36.27,0.00,0.00,0.00,0.00,0.00,0.00,0.00,0.00,0.00,0.00,0.00,0.00,0.00,0.00,0.00,0.00,0.45,0.15,0.00,0.00,0.00,0.00,0.00,0.00,0.00,0.00,4.42,4.30,1.59,5.51,0.00,0.00,0.13,0.11
5206.5,-2.000,7.000,0.000,0.000,0.000,0,0,0.800,0,0.00,0.00,0.13,73.53,53.92,169.39,165.98,117.65,75.63,117.65,105.34,0.67,1.04,55.63,53.48,67.21,53.16,100.84,95.24,100.35,85.62,352.94,352.94,136.03,134.80,0.00,0.00,0.00,0.00,7.61,7.10,1.55,1.51,5.47,5.99,0.00,0.00,0.00,0.00,0.00,0.00,0.00,0.00,2.31,2.26,0.00,0.00,0.00,0.16,0.00,0.00,0.00,0.00,0.00,0.00,0.00,0.00,0.00,0.00,0.00,0.00,0.00,0.00,0.00,0.00,0.00,0.00,0.00,0.24,0.00,0.00,0.00,0.00,0.00,0.00,0.00,0.61,0.71,0.00,0.00,0.00,0.00,0.00,0.00,0.00,0.54,0.64,0.00,0.00,0.00,0.00,0.00,23.53,2.18,39.22,0.00,0.00,79.94,82.35,1.99,1.87,14.99,15.84,0.00,0.00,104.07,95.59,0.00,0.00,0.00,0.00,0.00,0.00,0.00,0.00,0.00,0.00,352.94,294.12,0.00,0.00,0.00,0.00,0.00,0.00,0.00,58.82,0.00,0.00,0.00,0.00,0.00,0.00,21.49,15.13,12.61,6.42,25.86,17.43,25.58,29.29,16.81,16.49,0.00,0.00,0.00,0.00,0.00,0.00,0.00,0.00,0.00,0.00,0.00,0.00,18.26,31.89,27.91,36.46,30.83,35.82,0.00,0.00,0.00,0.00,0.00,0.00,0.00,0.00,0.00,0.00,0.00,0.00,0.00,0.00,0.00,0.00,0.38,0.15,0.00,0.00,0.00,0.00,0.00,0.00,0.00,0.00,3.72,3.83,3.18,3.68,0.00,0.00,0.16,0.05
5306.5,-2.000,7.000,0.000,0.000,0.000,0,0,0.800,0,0.00,0.07,0.26,83.33,49.02,168.03,166.80,126.05,84.03,117.82,106.87,0.71,0.83,55.28,55.61,69.06,53.43,106.44,95.24,104.50,86.08,352.94,352.94,138.48,137.25,0.00,0.00,0.00,0.00,8.05,7.60,3.10,3.02,5.75,6.36,0.00,0.00,0.00,0.00,0.00,0.00,0.00,0.00,2.31,1.13,0.00,0.00,0.00,0.33,0.00,0.00,0.00,0.00,0.00,0.00,0.00,0.00,0.00,0.00,0.00,0.00,0.00,0.00,0.00,0.00,0.00,0.00,0.00,0.08,0.08,0.00,0.00,0.00,0.00,0.00,0.00,0.32,0.71,0.00,0.00,0.00,0.00,0.00,0.01,0.00,0.39,0.53,0.00,0.00,0.00,0.00,0.00,11.76,0.00,0.00,0.00,0.00,72.40,82.35,1.38,1.82,14.94,15.47,0.00,0.00,95.02,88.24,0.00,0.00,0.00,0.00,0.00,0.00,0.00,0.00,0.00,0.00,352.94,352.94,0.00,0.00,117.65,0.00,0.00,0.00,0.00,58.82,0.00,0.00,0.00,0.00,0.00,0.00,21.78,13.72,10.52,5.61,22.76,18.63,25.40,29.13,17.48,15.81,0.00,0.00,0.00,0.00,0.00,0.00,0.00,0.00,0.00,0.00,0.00,0.00,17.92,31.73,27.39,35.66,31.01,34.19,0.00,0.00,0.00,0.00,0.00,0.00,0.00,0.00,0.00,0.00,0.00,0.00,0.00,0.00,0.00,0.00,0.15,0.15,0.08,0.00,0.00,0.00,0.00,0.00,0.00,0.00,3.26,4.30,0.00,5.51,0.00,0.00,0.10,0.10
5406.5,-2.000,7.000,0.000,0.000,0.000,0,0,0.800,0,0.00,0.14,0.26,83.33,53.92,162.58,165.70,117.65,67.23,116.96,106.70,0.46,0.96,53.86,52.41,67.42,53.61,100.84,98.04,98.04,88.35,294.12,294.12,140.93,132.35,0.00,0.00,0.00,0.00,7.99,7.04,0.00,1.51,6.38,6.18,0.00,0.00,0.00,0.00,0.00,0.00,0.00,0.00,1.15,3.39,0.00,0.00,0.00,0.00,0.00,0.70,0.00,0.00,0.00,0.00,0.00,0.00,0.00,0.00,0.00,0.00,0.00,0.00,0.00,0.00,0.00,0.00,0.00,0.16,0.08,0.00,0.00,0.00,0.00,0.00,0.00,0.49,0.50,0.00,0.00,0.00,0.00,0.00,0.00,0.00,0.51,0.71,2.32,0.00,0.00,0.00,0.00,23.53,0.00,0.00,0.00,0.00,78.43,82.35,1.73,1.87,15.24,15.32,0.00,0.00,85.97,80.88,0.00,0.00,0.00,0.00,0.00,0.00,0.00,0.00,0.00,0.00,294.12,352.94,0.00,0.00,58.82,0.00,0.00,0.00,0.00,58.82,0.00,0.00,0.00,0.00,0.00,0.00,21.71,16.55,10.92,6.79,24.10,17.19,27.48,28.97,15.69,17.76,0.00,0.00,0.00,0.00,0.00,0.00,0.00,0.00,0.00,0.00,0.00,0.00,17.18,32.24,26.42,35.31,31.46,36.72,0.00,0.00,0.00,0.00,0.00,0.00,0.00,0.00,0.00,0.00,0.00,0.00,0.00,0.00,0.00,0.00,0.15,0.30,0.08,0.00,0.00,0.00,0.00,0.00,0.00,0.00,3.26,4.78,0.00,7.35,0.00,0.00,0.11,0.16
5506.5,-2.000,7.000,0.000,0.000,0.000,0,0,0.800,0,0.00,0.00,0.13,68.63,49.02,168.03,165.15,126.05,92.44,116.44,108.58,0.58,0.96,57.41,51.69,67.42,54.41,100.84,92.44,97.35,88.35,352.94,352.94,137.25,136.03,0.00,0.00,0.00,0.00,7.91,7.26,0.00,3.02,6.11,6.27,0.00,0.00,0.00,0.00,0.00,0.00,0.00,0.00,0.00,1.13,0.00,0.00,0.00,0.16,0.00,0.70,0.00,0.00,0.00,0.00,0.00,0.00,0.00,0.00,0.00,0.00,0.00,0.00,0.00,0.00,0.00,0.00,0.00,0.16,0.00,0.00,0.00,0.00,0.00,0.00,0.00,0.17,0.16,0.00,0.00,0.00,0.00,0.00,0.01,0.00,0.53,0.66,0.00,0.00,0.00,0.00,0.00,11.76,6.54,19.61,0.00,0.00,79.94,87.39,1.90,1.82,16.12,15.94,0.00,0.00,104.07,99.26,0.00,0.00,0.00,0.00,0.00,0.00,0.00,0.00,0.00,0.00,352.94,294.12,0.00,0.00,58.82,0.00,0.00,0.00,0.00,58.82,0.00,0.00,0.00,0.00,0.00,0.00,20.98,13.94,9.87,6.20,18.41,15.36,24.95,26.94,16.43,14.91,0.00,0.00,0.00,0.00,0.00,0.00,0.00,0.00,0.00,0.00,0.00,0.00,16.36,31.32,27.30,33.99,27.46,36.63,0.00,0.00,0.00,0.00,0.00,0.00,0.00,0.00,0.00,0.00,0.00,0.00,0.00,0.00,0.00,0.00,0.30,0.23,0.00,0.00,0.00,0.00,0.00,0.00,0.00,0.00,3.95,4.30,6.36,5.51,0.00,0.00,0.13,0.05
5608.0,-2.000,7.000,0.000,0.000,0.000,0,0,0.800,0,0.00,0.06,0.24,81.08,49.55,163.66,164.19,115.83,77.22,118.09,106.38,0.88,1.11,57.31,53.73,66.98,54.24,105.53,95.24,100.69,87.86,324.32,324.32,138.51,131.76,0.00,0.00,0.00,0.00,7.99,7.31,1.42,0.00,5.87,6.35,0.00,0.00,0.00,0.00,0.00,0.00,0.00,0.00,2.12,1.04,0.00,0.00,0.00,0.15,0.00,0.64,0.24,0.00,0.00,0.00,0.00,0.00,0.00,0.00,0.00,0.00,0.00,0.00,0.00,0.00,0.00,0.00,0.00,0.07,0.07,0.00,0.00,0.00,0.00,0.00,0.00,0.36,0.32,0.00,0.00,0.00,0.00,0.00,0.01,0.00,0.57,0.52,1.42,0.00,0.00,0.00,0.00,10.81,0.00,0.00,0.00,0.00,80.39,83.40,1.59,1.26,14.57,16.36,0.00,0.00,95.63,87.84,0.00,0.00,0.00,0.00,0.00,0.00,0.00,0.00,0.00,0.00,324.32,324.32,0.00,0.00,54.05,0.00,0.00,0.00,0.00,0.00,0.00,0.00,0.00,0.00,0.00,0.00,21.50,14.46,12.91,7.12,20.15,20.33,24.83,27.44,15.72,15.15,0.00,0.00,0.00,0.00,0.00,0.00,0.00,0.00,0.00,0.00,0.00,0.00,13.93,31.77,25.00,35.36,24.82,34.32,0.00,0.00,0.00,0.00,0.00,0.00,0.00,0.00,0.00,0.00,0.00,0.00,0.00,0.00,0.00,0.00,0.28,0.00,0.00,0.00,0.00,0.00,0.00,0.00,0.00,0.00,2.78,3.52,0.00,5.07,0.00,0.00,0.12,0.10
5710.0,-2.000,7.000,0.000,0.000,0.000,0,0,0.800,0,0.00,0.00,0.20,83.33,53.92,166.94,164.04,109.24,75.63,112.82,103.63,1.71,1.79,56.34,53.12,67.17,53.39,100.84,95.24,101.96,86.76,294.12,294.12,138.48,138.48,0.00,0.00,0.00,0.00,8.10,7.31,0.00,0.00,5.93,5.62,0.00,0.00,0.00,0.00,0.00,0.00,0.00,0.00,1.15,1.13,0.00,0.00,0.00,0.16,0.00,2.80,0.26,0.00,0.00,0.00,0.00,0.00,0.00,0.00,0.00,0.00,0.00,0.00,0.00,0.00,0.00,0.00,0.00,0.31,0.08,0.00,0.00,0.00,0.00,0.00,0.00,0.78,1.40,0.00,0.00,0.00,0.00,0.00,0.01,0.00,0.54,0.69,0.00,0.78,0.00,0.00,0.00,23.53,2.18,19.61,0.00,0.00,81.45,80.67,1.94,1.55,14.37,15.63,0.00,0.00,99.55,88.24,0.00,0.00,0.00,0.00,0.00,0.00,0.00,0.00,0.00,0.00,294.12,352.94,0.00,0.00,117.65,0.00,0.00,0.00,0.00,0.00,0.00,0.00,0.00,0.00,0.00,0.00,21.20,15.66,8.50,8.41,17.74,17.51,24.95,29.13,14.20,18.58,0.00,0.00,0.00,0.00,0.00,0.00,0.00,0.00,0.00,0.00,0.00,0.00,21.54,28.59,20.69,34.26,25.41,32.57,0.00,0.00,0.00,0.00,0.00,0.00,0.00,0.00,0.00,0.00,0.00,0.00,0.00,0.00,0.00,0.00,0.00,0.08,0.00,0.00,0.00,0.00,0.00,0.00,0.00,0.00,4.65,4.78,0.00,3.68,0.00,0.00,0.11,0.10
5812.5,-2.000,7.000,0.000,0.000,0.000,0,0,0.800,0,0.00,0.07,0.20,73.53,53.92,169.39,165.42,117.65,84.03,117.30,107.90,0.83,1.25,54.57,52.05,67.62,54.61,103.64,89.64,99.19,90.62,352.94,352.94,133.58,138.48,0.00,0.00,0.00,0.00,8.08,7.19,1.55,1.51,6.75,5.44,0.00,0.00,0.00,0.00,0.00,0.00,0.00,0.00,0.00,3.39,0.00,0.00,0.00,0.33,0.00,0.00,0.00,0.00,0.00,0.00,0.00,0.00,0.00,0.00,0.00,0.00,0.00,0.00,0.00,0.00,0.00,0.00,0.00,0.00,0.00,0.00,0.00,0.00,0.00,0.00,0.00,0.39,0.46,0.00,0.00,0.00,0.00,0.00,0.00,0.00,0.50,0.58,0.00,1.57,0.00,0.00,0.00,11.76,2.18,0.00,0.00,0.00,81.45,82.35,1.77,1.96,16.12,16.77,0.00,0.00,85.97,84.56,0.00,0.00,0.00,0.00,0.00,0.00,0.00,0.00,0.00,0.00,352.94,294.12,0.00,0.00,58.82,0.00,0.00,0.00,0.00,58.82,0.00,0.00,0.00,0.00,0.00,0.00,18.70,21.32,11.63,11.29,18.74,21.41,25.76,28.80,18.44,14.24,0.00,0.00,0.00,0.00,0.00,0.00,0.00,0.00,0.00,0.00,0.00,0.00,23.40,21.11,26.68,22.63,27.99,26.80,0.00,0.00,0.00,0.00,0.00,0.00,0.00,0.00,0.00,0.00,0.00,0.00,0.00,0.00,0.00,0.00,0.15,0.15,0.08,0.00,0.00,0.00,0.00,0.00,0.00,0.00,3.02,3.11,1.59,1.84,0.00,0.00,0.06,0.06
5913.0,-2.000,7.000,0.000,0.000,0.000,0,0,0.800,0,0.00,0.07,0.20,70.71,60.61,165.82,166.74,103.90,103.90,117.48,107.82,0.69,0.94,58.05,55.83,68.19,53.49,101.01,86.58,98.87,88.69,303.03,303.03,138.89,130.05,0.00,0.00,0.00,0.00,7.93,7.19,0.00,0.00,5.83,6.55,0.00,0.00,0.00,0.00,0.00,0.00,0.00,0.00,1.19,2.33,0.00,0.00,0.00,0.17,0.00,0.00,0.00,0.00,0.00,0.00,0.00,0.00,0.00,0.00,0.00,0.00,0.00,0.00,0.00,0.00,0.00,0.00,0.00,0.24,0.08,0.00,0.00,0.00,0.00,0.00,0.00,0.83,1.40,0.00,0.00,0.00,0.00,0.00,0.02,0.01,0.53,0.78,0.80,0.81,0.00,0.00,0.00,12.12,0.00,0.00,0.00,0.00,79.25,90.04,2.09,1.78,16.45,15.78,0.00,0.00,83.92,90.91,0.00,0.00,0.00,0.00,0.00,0.00,0.00,0.00,0.00,0.00,303.03,363.64,0.00,0.00,60.61,0.00,0.00,0.00,0.00,0.00,0.00,0.00,0.00,0.00,0.00,0.00,19.27,28.04,8.75,10.87,26.38,23.46,24.78,28.25,17.24,11.27,0.00,0.00,0.00,0.00,0.00,0.00,0.00,0.00,0.00,0.00,0.00,0.08,23.12,15.01,37.83,15.97,35.61,16.36,0.00,0.00,0.00,0.00,0.00,0.00,0.00,0.00,0.00,0.00,0.00,0.00,0.00,0.00,0.00,0.00,0.23,0.16,0.00,0.00,0.00,0.00,0.00,0.00,0.00,0.00,4.55,6.65,0.00,11.36,0.00,0.00,0.15,0.13
6015.5,-2.000,7.000,0.000,0.000,0.000,0,0,0.800,0,0.00,0.14,0.20,75.76,45.45,167.51,162.75,121.21,95.24,114.99,107.29,0.64,1.07,54.76,53.63,66.78,53.77,103.90,86.58,98.40,87.28,303.03,303.03,133.84,140.15,0.00,0.00,0.00,0.00,8.17,7.15,1.59,0.00,6.39,6.74,0.00,0.00,0.00,0.00,0.00,0.00,0.00,0.00,1.19,0.00,0.00,0.00,0.00,0.00,0.00,0.72,0.26,0.00,0.00,0.00,0.00,0.00,0.00,0.00,0.00,0.00,0.00,0.00,0.00,0.00,0.00,0.00,0.00,0.08,0.16,0.00,0.00,0.00,0.00,0.00,0.00,0.93,0.57,0.00,0.00,0.00,0.00,0.00,0.01,0.00,0.56,0.62,0.00,1.62,0.00,0.00,0.00,12.12,2.24,0.00,0.00,0.00,80.81,86.58,2.22,1.45,15.07,15.30,0.00,0.00,88.58,94.70,0.00,0.00,0.00,0.00,0.00,0.00,0.00,0.00,0.00,0.00,303.03,363.64,0.00,0.00,121.21,0.00,0.00,0.00,0.00,60.61,0.00,0.00,0.00,0.00,0.00,0.00,22.07,15.29,11.85,7.30,23.19,14.11,24.60,27.50,17.39,15.98,0.00,0.00,0.00,0.00,0.00,0.00,0.00,0.00,0.00,0.00,0.00,0.00,22.96,32.75,35.93,35.84,38.73,33.18,0.00,0.00,0.00,0.00,0.00,0.00,0.00,0.00,0.00,0.00,0.00,0.00,0.00,0.00,0.00,0.00,0.23,0.23,0.00,0.00,0.00,0.00,0.00,0.00,0.00,0.00,4.07,4.93,3.28,7.58,0.00,0.00,0.20,0.08
6119.5,-2.000,7.000,0.000,0.000,0.000,0,0,0.800,0,3.97,0.07,0.19,83.33,55.56,168.47,163.80,134.92,79.37,118.12,108.85,0.43,0.63,55.89,53.20,67.46,53.14,100.53,84.66,101.96,88.37,333.33,333.33,137.73,135.42,0.00,0.00,0.00,0.00,8.02,7.17,0.00,0.00,5.17,5.75,0.00,0.00,0.00,0.00,0.00,0.00,0.00,0.00,1.09,2.14,0.00,0.00,0.00,0.00,0.00,0.66,0.00,0.00,0.00,0.00,0.00,0.00,0.00,0.00,0.00,0.00,0.00,0.00,0.00,0.00,0.00,0.00,0.00,0.07,0.07,0.00,0.00,0.00,0.00,0.00,0.00,0.28,0.07,0.00,0.00,0.00,0.00,0.00,0.01,0.00,0.49,0.54,0.73,1.48,0.00,0.00,0.00,11.11,2.06,18.52,0.00,0.00,79.77,85.71,1.87,1.98,14.30,15.30,0.00,0.00,85.47,93.75,0.00,0.00,0.00,0.00,0.00,0.00,0.00,0.00,0.00,0.00,333.33,333.33,0.00,0.00,55.56,0.00,0.00,0.00,0.00,0.00,0.00,0.00,0.00,0.00,0.00,0.00,18.84,12.60,11.11,6.48,23.87,14.36,26.12,27.51,16.72,16.42,0.00,0.00,0.00,0.00,0.00,0.00,0.00,0.00,0.00,0.00,0.00,0.00,23.05,35.91,33.43,41.25,37.51,39.11,0.00,0.00,0.00,0.00,0.00,0.00,0.00,0.00,0.00,0.00,0.00,0.00,0.00,0.00,0.00,0.00,0.28,0.00,0.07,0.00,0.00,0.00,0.00,0.00,0.00,0.00,3.07,5.65,3.00,8.68,0.00,0.00,0.11,0.09
6220.5,-2.000,7.000,0.000,0.000,0.000,0,0,0.800,0,4.33,0.22,0.20,80.81,50.51,169.19,165.60,121.21,103.90,118.01,105.00,0.64,1.20,58.05,53.63,67.54,54.68,98.12,92.35,100.53,91.03,363.64,363.64,132.58,135.10,0.00,0.00,0.00,0.00,7.88,7.00,1.59,0.00,5.17,4.65,0.00,0.00,0.00,0.00,0.00,0.00,0.00,0.00,1.19,0.00,0.00,0.00,0.00,0.00,0.00,0.72,0.00,0.00,0.00,0.00,0.00,0.00,0.00,0.00,0.00,0.00,0.00,0.00,0.00,0.00,0.00,0.00,0.00,0.16,0.16,0.00,0.00,0.00,0.00,0.00,0.00,0.61,0.31,0.00,0.00,0.00,0.00,0.00,0.00,0.00,0.43,0.65,1.59,0.00,0.00,0.00,0.00,0.00,2.24,0.00,0.00,0.00,77.70,81.39,1.69,1.78,16.29,15.51,0.00,0.00,83.92,90.91,0.00,0.00,0.00,0.00,0.00,0.00,0.00,0.00,0.00,0.00,363.64,303.03,0.00,0.00,121.21,0.00,0.00,0.00,0.00,60.61,0.00,0.00,0.00,0.00,0.00,0.00,18.21,13.98,12.53,4.41,22.67,17.30,25.24,27.17,16.93,15.13,0.00,0.00,0.00,0.00,0.00,0.00,0.00,0.00,0.00,0.00,0.00,0.00,22.97,35.35,35.38,38.65,34.88,40.81,0.00,0.00,0.00,0.00,0.00,0.00,0.00,0.00,0.00,0.00,0.00,0.00,0.00,0.00,0.00,0.00,0.23,0.23,0.00,0.00,0.00,0.00,0.00,0.00,0.00,0.00,3.11,2.96,3.28,5.68,0.00,0.00,0.10,0.07
6323.0,-2.000,7.000,0.000,0.000,0.000,0,0,0.800,0,4.20,0.07,0.20,78.43,63.73,168.03,163.77,142.86,84.03,116.78,108.58,1.12,1.50,55.28,51.34,66.99,53.77,109.24,95.24,98.04,91.07,352.94,352.94,137.25,137.25,0.00,0.00,0.00,0.00,7.94,7.31,0.00,0.00,6.38,5.62,0.00,0.00,0.00,0.00,0.00,0.00,0.00,0.00,1.15,0.00,0.00,0.00,0.00,0.16,0.00,1.40,0.00,0.00,0.00,0.00,0.00,0.00,0.00,0.00,0.00,0.00,0.00,0.00,0.00,0.00,0.00,0.00,0.00,0.08,0.15,0.00,0.00,0.00,0.00,0.00,0.00,0.64,0.73,0.00,0.00,0.00,0.00,0.00,0.01,0.00,0.53,0.48,0.00,0.00,0.00,0.00,0.00,11.76,4.36,19.61,0.00,0.00,88.99,92.44,1.47,1.82,15.04,15.84,0.00,0.00,99.55,95.59,0.00,0.00,0.00,0.00,0.00,0.00,0.00,0.00,0.00,0.00,352.94,294.12,0.00,0.00,0.00,0.00,0.00,0.00,0.00,0.00,0.00,0.00,0.00,0.00,0.00,0.00,19.14,13.49,10.59,5.61,20.84,19.42,25.67,27.83,16.66,15.36,0.00,0.00,0.00,0.00,0.00,0.00,0.00,0.00,0.00,0.00,0.00,0.00,21.32,36.27,36.10,40.42,36.88,41.41,0.00,0.00,0.00,0.00,0.00,0.00,0.00,0.00,0.00,0.00,0.00,0.00,0.00,0.00,0.00,0.00,0.30,0.38,0.00,0.08,0.00,0.00,0.00,0.00,0.00,0.00,3.72,4.30,1.59,1.84,0.00,0.00,0.13,0.10
6424.0,-2.000,7.000,0.000,0.000,0.000,0,0,0.800,0,4.20,0.07,0.20,78.43,53.92,168.30,164.60,117.65,50.42,115.23,107.22,0.67,0.79,55.99,50.62,67.67,54.23,98.04,95.24,98.73,88.12,294.12,294.12,134.80,142.16,0.00,0.00,0.00,0.00,7.88,7.43,1.55,1.51,5.93,6.55,0.00,0.00,0.00,0.00,0.00,0.00,0.00,0.00,2.31,2.26,0.00,0.00,0.00,0.16,0.00,0.00,0.00,0.00,0.00,0.00,0.00,0.00,0.00,0.00,0.00,0.00,0.00,0.00,0.00,0.00,0.00,0.00,0.00,0.08,0.15,0.00,0.00,0.00,0.00,0.00,0.00,0.46,0.44,0.00,0.00,0.00,0.00,0.00,0.01,0.00,0.48,0.47,0.00,0.00,0.00,0.00,0.00,11.76,2.18,0.00,0.00,0.00,79.94,82.35,2.20,2.14,15.24,15.16,0.00,0.00,81.45,95.59,0.00,0.00,0.00,0.00,0.00,0.00,0.00,0.00,0.00,0.00,294.12,352.94,0.00,0.00,0.00,0.00,0.00,0.00,0.00,0.00,0.00,0.00,0.00,0.00,0.00,0.00,21.27,14.54,10.98,3.69,20.84,15.12,27.93,24.83,16.43,16.41,0.00,0.00,0.00,0.00,0.00,0.00,0.00,0.00,0.00,0.00,0.00,0.07,21.66,35.30,31.00,41.56,35.81,37.17,0.00,0.00,0.00,0.00,0.00,0.00,0.00,0.00,0.00,0.00,0.00,0.00,0.00,0.00,0.00,0.00,0.23,0.15,0.08,0.00,0.00,0.00,0.00,0.00,0.00,0.00,4.19,3.11,0.00,1.84,0.00,0.00,0.10,0.08
6524.0,-2.000,7.000,0.000,0.000,0.000,0,0,0.800,0,4.20,0.07,0.20,78.43,58.82,166.39,166.25,117.65,92.44,116.78,104.82,0.83,1.16,55.28,53.12,67.83,53.68,98.04,98.04,101.50,88.58,352.94,352.94,138.48,136.03,0.00,0.00,0.00,0.00,7.92,7.35,1.55,1.51,5.47,6.73,0.00,0.00,0.00,0.00,0.00,0.00,0.00,0.00,1.15,1.13,0.00,0.00,0.00,0.16,0.00,0.70,0.00,0.00,0.00,0.00,0.00,0.00,0.00,0.00,0.00,0.00,0.00,0.00,0.00,0.00,0.00,0.00,0.00,0.08,0.00,0.00,0.00,0.00,0.00,0.00,0.00,0.17,0.09,0.00,0.00,0.00,0.00,0.00,0.00,0.00,0.56,0.50,0.00,0.00,0.00,0.00,0.00,0.00,0.00,39.22,0.00,0.00,76.92,89.08,1.47,1.82,15.96,15.16,0.00,0.00,85.97,91.91,0.00,0.00,0.00,0.00,0.00,0.00,0.00,0.00,0.00,0.00,352.94,294.12,0.00,0.00,117.65,0.00,0.00,0.00,0.00,58.82,0.00,0.00,0.00,0.00,0.00,0.00,20.39,12.75,12.29,5.76,19.50,20.46,30.09,24.67,16.14,15.36,0.00,0.00,0.00,0.00,0.00,0.00,0.00,0.00,0.00,0.00,0.00,0.00,20.99,34.86,37.51,37.43,34.65,39.88,0.00,0.00,0.00,0.00,0.00,0.00,0.00,0.00,0.00,0.00,0.00,0.00,0.00,0.00,0.00,0.00,0.53,0.23,0.08,0.00,0.00,0.00,0.00,0.00,0.00,0.00,3.26,3.83,0.00,3.68,0.00,0.00,0.13,0.13
6624.0,-2.000,7.000,0.000,0.000,0.000,0,0,0.800,0,4.20,0.14,0.20,73.53,49.02,168.85,163.77,142.86,84.03,116.61,105.34,0.71,0.92,56.34,53.12,67.88,52.12,106.44,92.44,100.58,87.89,352.94,352.94,132.35,131.13,0.00,0.00,0.00,0.00,7.69,7.09,0.00,3.02,3.92,6.91,0.00,0.00,0.00,0.00,0.00,0.00,0.00,0.00,1.15,1.13,0.00,0.00,0.00,0.00,0.00,0.00,0.00,0.00,0.00,0.00,0.00,0.00,0.00,0.00,0.00,0.00,0.00,0.00,0.00,0.00,0.00,0.00,0.00,0.00,0.00,0.00,0.00,0.00,0.00,0.00,0.00,0.37,0.25,0.00,0.00,0.00,0.00,0.00,0.02,0.01,0.35,0.48,0.00,1.57,0.00,0.00,0.00,11.76,0.00,0.00,0.00,0.00,84.46,94.12,1.77,1.96,15.40,16.25,0.00,0.00,104.07,88.24,0.00,0.00,0.00,0.00,0.00,0.00,0.00,0.00,0.00,0.00,352.94,352.94,0.00,0.00,0.00,0.00,0.00,0.00,0.00,0.00,0.00,0.00,0.00,0.00,0.00,0.00,19.44,13.12,9.93,5.54,17.07,18.55,27.57,24.99,16.21,14.39,0.00,0.00,0.00,0.00,0.00,0.00,0.00,0.00,0.00,0.00,0.00,0.00,21.00,35.34,30.38,38.31,35.01,34.28,0.00,0.00,0.00,0.00,0.00,0.00,0.00,0.00,0.00,0.00,0.00,0.00,0.00,0.00,0.00,0.00,0.08,0.15,0.00,0.00,0.00,0.00,0.00,0.00,0.00,0.00,3.26,3.83,0.00,3.68,0.00,0.00,0.10,0.11
6724.0,-2.000,7.000,0.000,0.000,0.000,0,0,0.800,0,4.20,0.07,0.20,73.53,53.92,165.31,164.60,109.24,84.03,114.89,106.87,0.58,0.96,54.93,55.26,66.23,54.29,103.64,92.44,98.04,85.62,294.12,294.12,136.03,137.25,0.00,0.00,0.00,0.00,7.95,7.06,1.55,1.51,5.93,6.18,0.00,0.00,0.00,0.00,0.00,0.00,0.00,0.00,2.31,1.13,0.00,0.00,0.00,0.16,0.00,0.70,0.26,0.00,0.00,0.00,0.00,0.00,0.00,0.00,0.00,0.00,0.00,0.00,0.00,0.00,0.00,0.00,0.00,0.24,0.08,0.00,0.00,0.00,0.00,0.00,0.00,0.64,0.60,0.00,0.00,0.00,0.00,0.00,0.01,0.00,0.55,0.61,0.00,0.78,0.00,0.00,0.00,11.76,0.00,19.61,0.00,0.00,75.41,90.76,1.90,1.87,14.94,14.95,0.00,0.00,95.02,99.26,0.00,0.00,0.00,0.00,0.00,0.00,0.00,0.00,0.00,0.00,294.12,352.94,0.00,0.00,58.82,0.00,0.00,0.00,0.00,0.00,0.00,0.00,0.00,0.00,0.00,0.00,17.75,14.54,11.57,6.27,17.49,17.91,29.37,26.29,18.07,17.76,0.00,0.00,0.00,0.00,0.00,0.00,0.00,0.00,0.00,0.00,0.00,0.00,21.28,33.56,33.20,41.39,31.54,40.60,0.00,0.00,0.00,0.00,0.00,0.00,0.00,0.00,0.00,0.00,0.00,0.00,0.00,0.00,0.00,0.00,0.23,0.23,0.08,0.08,0.00,0.00,0.00,0.00,0.00,0.00,3.02,4.54,3.18,11.03,0.00,0.00,0.11,0.05
6824.0,-2.000,7.000,0.000,0.000,0.000,0,0,0.800,0,4.20,0.21,0.20,83.33,53.92,169.93,163.21,117.65,84.03,117.47,107.73,0.87,1.21,57.05,54.19,67.94,54.00,103.64,95.24,97.81,88.58,352.94,352.94,142.16,136.03,0.00,0.00,0.00,0.00,7.96,7.13,0.00,0.00,5.47,5.99,0.00,0.00,0.00,0.00,0.00,0.00,0.00,0.00,1.15,1.13,0.00,0.00,0.00,0.00,0.00,0.00,0.00,0.00,0.00,0.00,0.00,0.00,0.00,0.00,0.00,0.00,0.00,0.00,0.00,0.00,0.00,0.00,0.00,0.16,0.00,0.00,0.00,0.00,0.00,0.00,0.00,0.56,0.76,0.00,0.00,0.00,0.00,0.00,0.00,0.00,0.40,0.55,0.00,0.00,0.00,0.00,0.00,11.76,2.18,19.61,0.00,0.00,78.43,85.71,1.68,2.09,17.04,16.67,0.00,0.00,95.02,91.91,0.00,0.00,0.00,0.00,0.00,0.00,0.00,0.00,0.00,0.00,352.94,294.12,0.00,0.00,0.00,0.00,0.00,0.00,0.00,0.00,0.00,0.00,0.00,0.00,0.00,0.00,20.32,13.79,7.78,5.68,24.27,16.64,28.74,29.86,16.66,14.91,0.00,0.00,0.00,0.00,0.00,0.00,0.00,0.00,0.00,0.00,0.00,0.00,21.63,33.98,31.17,36.02,33.94,40.24,0.00,0.00,0.00,0.00,0.00,0.00,0.00,0.00,0.00,0.00,0.00,0.00,0.00,0.00,0.00,0.00,0.53,0.23,0.00,0.00,0.00,0.00,0.00,0.00,0.00,0.00,4.65,4.30,0.00,7.35,0.00,0.00,0.10,0.06
6924.0,-2.000,7.000,0.000,0.000,0.000,0,0,0.800,0,4.20,0.00,0.20,68.63,53.92,167.48,166.80,126.05,84.03,115.75,105.16,0.75,1.00,57.05,52.05,68.40,52.37,100.84,95.24,98.50,87.44,352.94,352.94,138.48,134.80,0.00,0.00,0.00,0.00,7.91,7.15,1.55,0.00,4.83,5.44,0.00,0.00,0.00,0.00,0.00,0.00,0.00,0.00,1.15,2.26,0.00,0.00,0.00,0.16,0.00,0.00,0.00,0.00,0.00,0.00,0.00,0.00,0.00,0.00,0.00,0.00,0.00,0.00,0.00,0.00,0.00,0.00,0.00,0.16,0.15,0.00,0.00,0.00,0.00,0.00,0.00,1.00,1.19,0.00,0.00,0.00,0.00,0.00,0.01,0.00,0.54,0.58,0.00,0.00,0.00,0.00,0.00,23.53,0.00,0.00,0.00,0.00,85.97,82.35,1.55,1.14,15.45,14.85,0.00,0.00,90.50,91.91,0.00,0.00,0.00,0.00,0.00,0.00,0.00,0.00,0.00,0.00,352.94,352.94,0.00,0.00,117.65,0.00,0.00,0.00,0.00,58.82,0.00,0.00,0.00,0.00,0.00,0.00,20.32,14.17,10.78,6.42,19.91,17.51,28.74,28.15,18.96,17.83,0.00,0.00,0.00,0.00,0.00,0.00,0.00,0.00,0.00,0.00,0.00,0.00,21.30,33.38,32.93,38.22,32.08,37.80,0.00,0.00,0.00,0.00,0.00,0.00,0.00,0.00,0.00,0.00,0.00,0.00,0.00,0.00,0.00,0.00,0.30,0.30,0.08,0.00,0.00,0.00,0.00,0.00,0.00,0.00,3.49,3.83,0.00,3.68,0.00,0.00,0.14,0.06
7024.0,-2.000,7.000,0.000,0.000,0.000,0,0,0.800,0,4.20,0.14,0.26,78.43,44.12,164.49,162.94,117.65,92.44,115.92,105.34,0.71,1.29,57.05,55.26,67.33,53.75,103.64,92.44,99.19,87.67,294.12,294.12,145.83,131.13,0.00,0.00,0.00,0.00,7.85,7.28,1.55,0.00,5.47,6.55,0.00,0.00,0.00,0.00,0.00,0.00,0.00,0.00,0.00,3.39,0.00,0.00,0.00,0.00,0.00,0.00,0.00,0.00,0.00,0.00,0.00,0.00,0.00,0.00,0.00,0.00,0.00,0.00,0.00,0.00,0.00,0.00,0.00,0.24,0.15,0.00,0.00,0.00,0.00,0.00,0.00,0.39,0.09,0.00,0.00,0.00,0.00,0.00,0.01,0.01,0.56,0.51,0.00,1.57,0.00,0.00,0.00,11.76,2.18,0.00,0.00,0.00,78.43,85.71,1.64,1.87,14.68,14.95,0.00,0.00,76.92,80.88,0.00,0.00,0.00,0.00,0.00,0.00,0.00,0.00,0.00,0.00,294.12,352.94,0.00,0.00,58.82,0.00,0.00,0.00,0.00,58.82,0.00,0.00,0.00,0.00,0.00,0.00,19.07,13.42,10.39,5.83,23.51,20.54,29.82,26.04,17.77,15.96,0.00,0.00,0.00,0.00,0.00,0.00,0.00,0.00,0.00,0.00,0.00,0.00,19.97,32.89,34.96,36.98,30.12,35.37,0.00,0.00,0.00,0.00,0.00,0.00,0.00,0.00,0.00,0.00,0.00,0.00,0.00,0.00,0.00,0.00,0.38,0.23,0.08,0.00,0.00,0.00,0.00,0.00,0.00,0.00,4.19,2.87,3.18,7.35,0.00,0.00,0.14,0.06
7124.0,-2.000,7.000,0.000,0.000,0.000,0,0,0.800,0,4.20,0.14,0.13,78.43,53.92,168.03,165.42,126.05,58.82,117.65,108.24,0.62,1.00,53.15,53.12,67.51,54.09,100.84,92.44,99.65,88.58,352.94,352.94,138.48,138.48,0.00,0.00,0.00,0.00,8.01,7.40,0.00,3.02,5.65,5.90,0.00,0.00,0.00,0.00,0.00,0.00,0.00,0.00,1.15,1.13,0.00,0.00,0.00,0.16,0.00,0.00,0.00,0.00,0.00,0.00,0.00,0.00,0.00,0.00,0.00,0.00,0.00,0.00,0.00,0.00,0.00,0.00,0.00,0.08,0.15,0.00,0.00,0.00,0.00,0.00,0.00,0.44,0.37,0.00,0.00,0.00,0.00,0.00,0.00,0.00,0.44,0.59,0.00,0.00,0.00,0.00,0.00,11.76,2.18,0.00,0.00,0.00,82.96,85.71,1.60,1.59,16.12,16.20,0.00,0.00,95.02,95.59,0.00,0.00,0.00,0.00,0.00,0.00,0.00,0.00,0.00,0.00,352.94,294.12,0.00,0.00,58.82,0.00,0.00,0.00,0.00,58.82,0.00,0.00,0.00,0.00,0.00,0.00,19.22,15.36,10.07,5.90,22.84,16.48,28.56,29.37,18.00,14.61,0.00,0.00,0.00,0.00,0.00,0.00,0.00,0.00,0.00,0.00,0.00,0.00,20.52,31.86,30.38,35.75,30.12,34.64,0.00,0.00,0.00,0.00,0.00,0.00,0.00,0.00,0.00,0.00,0.00,0.00,0.00,0.00,0.00,0.00,0.15,0.15,0.08,0.00,0.00,0.00,0.00,0.00,0.00,0.00,3.26,3.35,0.00,5.51,0.00,0.00,0.10,0.06
7224.0,-2.000,7.000,0.000,0.000,0.000,0,0,0.800,0,4.20,0.07,0.26,83.33,39.22,168.85,165.15,134.45,92.44,117.30,106.70,0.96,1.54,54.93,54.90,67.05,52.21,106.44,92.44,98.04,85.85,352.94,352.94,136.03,137.25,0.00,0.00,0.00,0.00,7.70,7.04,0.00,0.00,5.20,5.72,0.00,0.00,0.00,0.00,0.00,0.00,0.00,0.00,2.31,2.26,0.00,0.00,0.00,0.00,0.00,0.70,0.00,0.00,0.00,0.00,0.00,0.00,0.00,0.00,0.00,0.00,0.00,0.00,0.00,0.00,0.00,0.00,0.00,0.08,0.15,0.00,0.00,0.00,0.00,0.00,0.00,0.34,0.18,0.00,0.00,0.00,0.00,0.00,0.01,0.00,0.41,0.47,0.00,0.00,0.00,0.00,0.00,11.76,4.36,0.00,0.00,0.00,81.45,85.71,1.73,1.64,14.63,16.04,0.00,0.00,90.50,91.91,0.00,0.00,0.00,0.00,0.00,0.00,0.00,0.00,0.00,0.00,352.94,352.94,0.00,0.00,58.82,0.00,0.00,0.00,0.00,0.00,0.00,0.00,0.00,0.00,0.00,0.00,19.14,14.91,11.96,7.01,25.35,19.02,29.19,28.88,16.51,14.69,0.00,0.00,0.00,0.00,0.00,0.00,0.00,0.00,0.00,0.00,0.00,0.00,19.30,32.74,30.29,34.52,31.10,35.91,0.00,0.00,0.00,0.00,0.00,0.00,0.00,0.00,0.00,0.00,0.00,0.00,0.00,0.00,0.00,0.00,0.38,0.46,0.00,0.00,0.00,0.00,0.00,0.00,0.00,0.00,3.49,2.15,3.18,1.84,0.00,0.00,0.13,0.06
7324.0,-2.000,7.000,0.000,0.000,0.000,0,0,0.800,0,4.20,0.07,0.26,83.33,58.82,168.57,167.91,100.84,92.44,116.44,106.53,0.87,1.21,56.70,56.33,66.89,55.29,100.84,98.04,100.12,91.76,294.12,294.12,136.03,137.25,0.00,0.00,0.00,0.00,7.53,7.27,1.55,0.00,4.65,5.99,0.00,0.00,0.00,0.00,0.00,0.00,0.00,0.00,1.15,0.00,0.00,0.00,0.00,0.00,0.00,0.70,0.26,0.00,0.00,0.00,0.00,0.00,0.00,0.00,0.00,0.00,0.00,0.00,0.00,0.00,0.00,0.00,0.00,0.08,0.15,0.00,0.00,0.00,0.00,0.00,0.00,0.64,1.06,0.00,0.00,0.00,0.00,0.00,0.01,0.00,0.64,0.60,0.00,0.00,0.00,0.00,0.00,11.76,0.00,0.00,0.00,0.00,76.92,87.39,1.86,1.59,15.24,14.74,0.00,0.00,90.50,88.24,0.00,0.00,0.00,0.00,0.00,0.00,0.00,0.00,0.00,0.00,294.12,352.94,0.00,0.00,58.82,0.00,0.00,0.00,0.00,0.00,0.00,0.00,0.00,0.00,0.00,0.00,18.34,15.43,8.76,5.83,22.17,20.46,27.48,28.88,17.03,16.94,0.00,0.00,0.00,0.00,0.00,0.00,0.00,0.00,0.00,0.00,0.00,0.00,20.16,32.68,31.26,37.07,34.12,33.83,0.00,0.00,0.00,0.00,0.00,0.00,0.00,0.00,0.00,0.00,0.00,0.00,0.00,0.00,0.00,0.00,0.38,0.15,0.00,0.08,0.00,0.00,0.00,0.00,0.00,0.00,3.95,4.07,3.18,5.51,0.00,0.00,0.13,0.06
7424.0,-2.000,7.000,0.000,0.000,0.000,0,0,0.800,0,4.20,0.07,0.20,68.63,49.02,166.94,166.80,134.45,84.03,118.85,106.87,0.67,1.00,59.18,52.76,66.19,53.82,103.64,89.64,98.73,86.99,352.94,352.94,139.71,137.25,0.00,0.00,0.00,0.00,8.00,6.89,0.00,0.00,5.29,4.98,0.00,0.00,0.00,0.00,0.00,0.00,0.00,0.00,1.15,1.13,0.00,0.00,0.00,0.16,0.00,0.00,0.00,0.00,0.00,0.00,0.00,0.00,0.00,0.00,0.00,0.00,0.00,0.00,0.00,0.00,0.00,0.00,0.00,0.08,0.15,0.00,0.00,0.00,0.00,0.00,0.00,0.81,0.78,0.00,0.00,0.00,0.00,0.00,0.01,0.00,0.52,0.57,0.00,0.00,0.00,0.00,0.00,11.76,2.18,0.00,0.00,0.00,87.48,84.03,1.64,1.64,15.35,15.73,0.00,0.00,95.02,95.59,0.00,0.00,0.00,0.00,0.00,0.00,0.00,0.00,0.00,0.00,352.94,294.12,0.00,0.00,117.65,0.00,0.00,0.00,0.00,58.82,0.00,0.00,0.00,0.00,0.00,0.00,18.34,14.24,9.02,4.80,22.59,19.02,26.03,27.26,16.73,15.29,0.00,0.00,0.00,0.00,0.00,0.00,0.00,0.00,0.00,0.00,0.00,0.00,20.79,32.74,33.64,37.25,27.28,36.72,0.00,0.00,0.00,0.00,0.00,0.00,0.00,0.00,0.00,0.00,0.00,0.00,0.00,0.00,0.00,0.00,0.15,0.15,0.00,0.00,0.00,0.00,0.00,0.00,0.00,0.00,4.19,3.83,6.36,3.68,0.00,0.00,0.14,0.06
7524.0,-2.000,7.000,0.000,0.000,0.000,0,0,0.800,0,4.20,0.07,0.07,83.33,49.02,168.57,162.94,126.05,84.03,116.96,108.93,0.50,0.79,54.93,52.05,67.90,52.98,98.04,84.03,99.65,88.35,352.94,352.94,140.93,132.35,0.00,0.00,0.00,0.00,7.59,6.90,1.55,1.51,4.47,5.26,0.00,0.00,0.00,0.00,0.00,0.00,0.00,0.00,0.00,2.26,0.00,0.00,0.00,0.16,0.00,1.40,0.51,0.00,0.00,0.00,0.00,0.00,0.00,0.00,0.00,0.00,0.00,0.00,0.00,0.00,0.00,0.00,0.00,0.16,0.00,0.00,0.00,0.00,0.00,0.00,0.00,0.86,1.01,0.00,0.00,0.00,0.00,0.00,0.01,0.00,0.60,0.58,0.00,0.78,0.00,0.00,0.00,11.76,0.00,19.61,0.00,0.00,75.41,84.03,1.34,1.91,14.53,15.68,0.00,0.00,95.02,99.26,0.00,0.00,0.00,0.00,0.00,0.00,0.00,0.00,0.00,0.00,352.94,352.94,0.00,0.00,58.82,0.00,0.00,0.00,0.00,0.00,0.00,0.00,0.00,0.00,0.00,0.00,20.32,15.21,13.66,5.98,20.33,15.04,25.76,26.94,17.85,15.51,0.00,0.00,0.00,0.00,0.00,0.00,0.00,0.00,0.00,0.00,0.00,0.00,20.25,31.73,30.12,37.78,34.83,37.80,0.00,0.00,0.00,0.00,0.00,0.00,0.00,0.00,0.00,0.00,0.00,0.00,0.00,0.00,0.00,0.00,0.30,0.15,0.00,0.00,0.00,0.00,0.00,0.00,0.00,0.00,2.79,2.15,4.77,7.35,0.00,0.00,0.14,0.06
7624.0,-2.000,7.000,0.000,0.000,0.000,0,0,0.800,0,4.20,0.28,0.13,78.43,49.02,165.31,167.36,134.45,67.23,114.20,107.05,0.79,0.92,55.63,54.90,67.15,54.43,106.44,95.24,101.50,88.80,294.12,294.12,132.35,133.58,0.00,0.00,0.00,0.00,7.81,7.27,1.55,1.51,5.11,5.53,0.00,0.00,0.00,0.00,0.00,0.00,0.00,0.00,1.15,1.13,0.00,0.00,0.00,0.16,0.00,0.00,0.00,0.00,0.00,0.00,0.00,0.00,0.00,0.00,0.00,0.00,0.00,0.00,0.00,0.00,0.00,0.00,0.00,0.16,0.15,0.00,0.00,0.00,0.00,0.00,0.00,1.15,0.85,0.00,0.00,0.00,0.00,0.00,0.02,0.00,0.69,0.52,0.00,0.00,0.00,0.00,0.00,11.76,0.00,19.61,0.00,0.00,81.45,87.39,1.64,1.37,14.78,14.64,0.00,0.00,81.45,84.56,0.00,0.00,0.00,0.00,0.00,0.00,0.00,0.00,0.00,0.00,294.12,352.94,0.00,0.00,58.82,0.00,0.00,0.00,0.00,58.82,0.00,0.00,0.00,0.00,0.00,0.00,20.10,13.12,11.18,6.27,20.33,18.31,26.57,27.99,20.08,18.06,0.00,0.00,0.00,0.00,0.00,0.00,0.00,0.00,0.00,0.00,0.00,0.00,19.20,32.47,29.94,35.49,32.43,36.63,0.00,0.00,0.00,0.00,0.00,0.00,0.00,0.00,0.00,0.00,0.00,0.00,0.00,0.00,0.00,0.00,0.23,0.15,0.15,0.00,0.00,0.00,0.00,0.00,0.00,0.00,3.49,3.59,7.95,3.68,0.00,0.00,0.14,0.06
7724.0,-2.000,7.000,0.000,0.000,0.000,0,0,0.800,0,4.20,0.00,0.26,88.24,49.02,169.39,165.42,126.05,100.84,119.72,104.82,0.67,0.83,57.05,52.76,67.97,54.38,103.64,92.44,103.58,89.48,352.94,352.94,136.03,132.35,0.00,0.00,0.00,0.00,7.86,7.18,1.55,1.51,5.75,5.35,0.00,0.00,0.00,0.00,0.00,0.00,0.00,0.00,1.15,1.13,0.00,0.00,0.00,0.00,0.00,0.70,0.00,0.00,0.00,0.00,0.00,0.00,0.00,0.00,0.00,0.00,0.00,0.00,0.00,0.00,0.00,0.00,0.00,0.00,0.08,0.00,0.00,0.00,0.00,0.00,0.00,0.32,0.05,0.00,0.00,0.00,0.00,0.00,0.01,0.00,0.48,0.53,0.00,0.78,0.00,0.00,0.00,0.00,0.00,0.00,0.00,0.00,76.92,85.71,1.51,1.96,15.04,17.08,0.00,0.00,104.07,77.21,0.00,0.00,0.00,0.00,0.00,0.00,0.00,0.00,0.00,0.00,352.94,294.12,0.00,0.00,58.82,0.00,0.00,0.00,0.00,0.00,0.00,0.00,0.00,0.00,0.00,0.00,19.73,14.99,14.18,7.01,20.33,21.97,27.11,24.75,17.70,15.89,0.00,0.00,0.00,0.00,0.00,0.00,0.00,0.00,0.00,0.00,0.00,0.00,20.02,32.69,30.29,34.70,31.28,38.16,0.00,0.00,0.00,0.00,0.00,0.00,0.00,0.00,0.00,0.00,0.00,0.00,0.00,0.00,0.00,0.00,0.38,0.23,0.00,0.00,0.00,0.00,0.00,0.00,0.00,0.00,3.49,2.15,0.00,3.68,0.00,0.00,0.11,0.08
7824.0,-2.000,7.000,0.000,0.000,0.000,0,0,0.800,0,4.20,0.07,0.13,78.43,58.82,164.49,164.32,117.65,84.03,117.99,108.76,1.12,1.25,59.89,53.83,67.92,52.71,106.44,98.04,98.50,91.53,352.94,352.94,133.58,139.71,0.00,0.00,0.00,0.00,7.84,7.56,0.00,0.00,5.38,5.90,0.00,0.00,0.00,0.00,0.00,0.00,0.00,0.00,1.15,2.26,0.00,0.00,0.00,0.00,0.00,0.70,0.00,0.00,0.00,0.00,0.00,0.00,0.00,0.00,0.00,0.00,0.00,0.00,0.00,0.00,0.00,0.00,0.00,0.24,0.08,0.00,0.00,0.00,0.00,0.00,0.00,0.83,1.12,0.00,0.00,0.00,0.00,0.00,0.01,0.00,0.53,0.54,0.00,0.78,0.00,0.00,0.00,11.76,2.18,39.22,0.00,0.00,79.94,94.12,1.73,1.55,15.66,15.06,0.00,0.00,85.97,99.26,0.00,0.00,0.00,0.00,0.00,0.00,0.00,0.00,0.00,0.00,352.94,352.94,0.00,0.00,58.82,0.00,0.00,0.00,0.00,0.00,0.00,0.00,0.00,0.00,0.00,0.00,21.71,13.57,10.72,4.95,18.91,18.15,26.30,29.21,18.15,14.54,0.00,0.00,0.00,0.00,0.00,0.00,0.00,0.00,0.00,0.00,0.00,0.00,19.59,32.14,28.97,38.92,34.83,32.93,0.00,0.00,0.00,0.00,0.00,0.00,0.00,0.00,0.00,0.00,0.00,0.00,0.00,0.00,0.00,0.00,0.53,0.23,0.08,0.00,0.00,0.00,0.00,0.00,0.00,0.00,3.02,3.83,3.18,3.68,0.00,0.00,0.13,0.08
7924.0,-2.000,7.000,0.000,0.000,0.000,0,0,0.800,0,4.20,0.00,0.20,68.63,49.02,167.21,165.42,126.05,67.23,116.27,105.68,1.00,1.37,57.41,55.97,66.87,53.61,106.44,92.44,100.12,89.03,294.12,294.12,136.03,143.38,0.00,0.00,0.00,0.00,8.04,7.30,1.55,1.51,6.29,7.10,0.00,0.00,0.00,0.00,0.00,0.00,0.00,0.00,1.15,1.13,0.00,0.00,0.00,0.16,0.00,0.70,0.00,0.00,0.00,0.00,0.00,0.00,0.00,0.00,0.00,0.00,0.00,0.00,0.00,0.00,0.00,0.00,0.00,0.08,0.00,0.00,0.00,0.00,0.00,0.00,0.00,0.44,0.32,0.00,0.00,0.00,0.00,0.00,0.01,0.02,0.46,0.53,0.00,4.71,0.00,0.00,0.00,11.76,4.36,19.61,0.00,0.00,78.43,85.71,1.25,2.14,14.47,15.37,0.00,0.00,104.07,88.24,0.00,0.00,0.00,0.00,0.00,0.00,0.00,0.00,0.00,0.00,294.12,352.94,0.00,0.00,117.65,0.00,0.00,0.00,0.00,0.00,0.00,0.00,0.00,0.00,0.00,0.00,20.46,15.28,11.50,6.42,23.93,15.60,25.13,28.80,18.44,16.19,0.00,0.00,0.00,0.00,0.00,0.00,0.00,0.00,0.00,0.00,0.00,0.00,20.02,32.77,29.68,32.41,32.08,36.63,0.00,0.00,0.00,0.00,0.00,0.00,0.00,0.00,0.00,0.00,0.00,0.00,0.00,0.00,0.00,0.00,0.53,0.00,0.00,0.00,0.00,0.00,0.00,0.00,0.00,0.00,4.88,4.30,0.00,5.51,0.00,0.00,0.11,0.05
8024.0,-2.000,7.000,0.000,0.000,0.000,0,0,0.800,0,4.20,0.14,0.20,78.43,53.92,167.48,166.80,126.05,67.23,117.30,103.80,0.96,1.33,57.41,53.48,67.62,53.68,103.64,95.24,101.04,85.85,352.94,352.94,137.25,136.03,0.00,0.00,0.00,0.00,8.31,7.48,0.00,1.51,5.75,5.44,0.00,0.00,0.00,0.00,0.00,0.00,0.00,0.00,0.00,1.13,0.00,0.00,0.00,0.33,0.00,0.00,0.00,0.00,0.00,0.00,0.00,0.00,0.00,0.00,0.00,0.00,0.00,0.00,0.00,0.00,0.00,0.00,0.00,0.24,0.15,0.00,0.00,0.00,0.00,0.00,0.00,0.34,0.28,0.00,0.00,0.00,0.00,0.00,0.00,0.00,0.56,0.70,0.00,0.00,0.00,0.00,0.00,11.76,2.18,0.00,0.00,0.00,81.45,90.76,2.03,1.55,15.76,16.04,0.00,0.00,95.02,88.24,0.00,0.00,0.00,0.00,0.00,0.00,0.00,0.00,0.00,0.00,352.94,294.12,0.00,0.00,117.65,0.00,0.00,0.00,0.00,58.82,0.00,0.00,0.00,0.00,0.00,0.00,20.10,14.69,12.22,6.72,21.50,19.10,25.76,26.77,18.74,17.01,0.00,0.00,0.00,0.00,0.00,0.00,0.00,0.00,0.00,0.00,0.00,0.00,19.59,30.97,31.00,36.46,30.48,35.28,0.00,0.00,0.00,0.00,0.00,0.00,0.00,0.00,0.00,0.00,0.00,0.00,0.00,0.00,0.00,0.00,0.75,0.38,0.23,0.00,0.00,0.00,0.00,0.00,0.00,0.00,3.95,4.78,0.00,11.03,0.00,0.00,0.14,0.08
8124.0,-2.000,7.000,0.000,0.000,0.000,0,0,0.800,0,4.20,0.00,0.20,78.43,53.92,168.03,162.66,142.86,84.03,118.85,110.47,1.41,1.75,56.34,53.83,67.08,53.64,103.64,86.83,98.73,89.03,352.94,352.94,133.58,132.35,0.00,0.00,0.00,0.00,7.81,7.28,0.00,1.51,5.65,5.62,0.00,0.00,0.00,0.00,0.00,0.00,0.00,0.00,2.31,3.39,0.00,0.00,0.00,0.00,0.00,0.00,0.26,0.00,0.00,0.00,0.00,0.00,0.00,0.00,0.00,0.00,0.00,0.00,0.00,0.00,0.00,0.00,0.00,0.08,0.15,0.00,0.00,0.00,0.00,0.00,0.00,1.10,1.31,0.00,0.00,0.00,0.00,0.00,0.00,0.00,0.60,0.60,0.00,0.00,0.00,0.00,0.00,11.76,0.00,0.00,0.00,0.00,75.41,92.44,1.81,1.91,15.40,16.04,0.00,0.00,90.50,88.24,0.00,0.00,0.00,0.00,0.00,0.00,0.00,0.00,0.00,0.00,352.94,352.94,0.00,0.00,58.82,0.00,0.00,0.00,0.00,58.82,0.00,0.00,0.00,0.00,0.00,0.00,19.80,15.88,10.85,5.61,23.76,18.63,23.33,26.37,18.00,16.11,0.00,0.00,0.00,0.00,0.00,0.00,0.00,0.00,0.00,0.00,0.00,0.00,19.67,32.03,29.94,36.28,29.68,37.62,0.00,0.00,0.00,0.00,0.00,0.00,0.00,0.00,0.00,0.00,0.00,0.00,0.00,0.00,0.00,0.00,0.45,0.15,0.08,0.00,0.00,0.00,0.00,0.00,0.00,0.00,3.49,4.30,4.77,7.35,0.00,0.00,0.13,0.11
8224.0,-2.000,7.000,0.000,0.000,0.000,0,0,0.800,0,8.40,0.14,0.26,68.63,63.73,167.48,165.15,117.65,100.84,115.75,107.39,1.29,1.79,55.63,52.41,66.53,54.68,100.84,95.24,99.65,89.48,294.12,294.12,136.03,137.25,0.00,0.00,0.00,0.00,7.76,7.31,1.55,3.02,5.11,5.81,0.00,0.00,0.00,0.00,0.00,0.00,0.00,0.00,2.31,2.26,0.00,0.00,0.00,0.16,0.00,0.00,0.00,0.00,0.00,0.00,0.00,0.00,0.00,0.00,0.00,0.00,0.00,0.00,0.00,0.00,0.00,0.00,0.00,0.08,0.08,0.00,0.00,0.00,0.00,0.00,0.00,0.66,1.01,0.00,0.00,0.00,0.00,0.00,0.01,0.00,0.48,0.51,0.00,0.00,0.00,0.00,0.00,11.76,0.00,0.00,0.00,0.00,78.43,84.03,1.73,1.64,15.30,15.84,0.00,0.00,99.55,88.24,0.00,0.00,0.00,0.00,0.00,0.00,0.00,0.00,0.00,0.00,294.12,352.94,0.00,0.00,58.82,0.00,0.00,0.00,0.00,0.00,0.00,0.00,0.00,0.00,0.00,0.00,19.73,12.82,10.59,5.24,24.52,18.23,23.06,26.21,18.44,14.76,0.00,0.00,0.00,0.00,0.00,0.00,0.00,0.00,0.00,0.00,0.00,0.00,19.39,32.23,30.56,36.19,33.14,35.37,0.00,0.00,0.00,0.00,0.00,0.00,0.00,0.00,0.00,0.00,0.00,0.00,0.00,0.00,0.00,0.00,0.00,0.30,0.00,0.00,0.00,0.00,0.00,0.00,0.00,0.00,2.79,5.02,0.00,1.84,0.00,0.00,0.10,0.10
8324.0,-2.000,7.000,0.000,0.000,0.000,0,0,0.800,0,4.20,0.00,0.26,73.53,44.12,165.85,164.04,126.05,84.03,117.65,108.24,0.54,1.00,57.05,55.26,66.55,53.30,98.04,95.24,99.88,88.58,352.94,352.94,144.61,136.03,0.00,0.00,0.00,0.00,7.70,7.17,0.00,1.51,6.29,5.81,0.00,0.00,0.00,0.00,0.00,0.00,0.00,0.00,1.15,1.13,0.00,0.00,0.00,0.16,0.00,0.70,0.00,0.00,0.00,0.00,0.00,0.00,0.00,0.00,0.00,0.00,0.00,0.00,0.00,0.00,0.00,0.00,0.00,0.08,0.08,0.00,0.00,0.00,0.00,0.00,0.00,0.22,0.32,0.00,0.00,0.00,0.00,0.00,0.01,0.00,0.58,0.54,2.32,0.00,0.00,0.00,0.00,11.76,0.00,0.00,0.00,0.00,82.96,85.71,1.60,1.68,15.19,16.72,0.00,0.00,99.55,95.59,0.00,0.00,0.00,0.00,0.00,0.00,0.00,0.00,0.00,0.00,352.94,294.12,0.00,0.00,117.65,0.00,0.00,0.00,0.00,0.00,0.00,0.00,0.00,0.00,0.00,0.00,21.34,15.06,10.33,6.05,21.00,18.39,23.24,29.53,17.33,16.19,0.00,0.00,0.00,0.00,0.00,0.00,0.00,0.00,0.00,0.00,0.00,0.00,19.46,31.27,32.58,37.16,31.54,35.28,0.00,0.00,0.00,0.00,0.00,0.00,0.00,0.00,0.00,0.00,0.00,0.00,0.00,0.00,0.00,0.00,0.15,0.23,0.00,0.00,0.00,0.00,0.00,0.00,0.00,0.00,3.72,4.54,3.18,7.35,0.00,0.00,0.13,0.10
8424.0,-2.000,7.000,0.000,0.000,0.000,0,0,0.800,0,4.20,0.00,0.00,83.33,49.02,167.21,164.32,117.65,84.03,116.09,108.41,0.71,0.83,55.99,53.12,66.71,53.07,92.44,92.44,97.58,84.71,352.94,352.94,134.80,132.35,0.00,0.00,0.00,0.00,7.76,6.93,1.55,0.00,5.93,5.53,0.00,0.00,0.00,0.00,0.00,0.00,0.00,0.00,1.15,0.00,0.00,0.00,0.00,0.16,0.00,0.00,0.26,0.00,0.00,0.00,0.00,0.00,0.00,0.00,0.00,0.00,0.00,0.00,0.00,0.00,0.00,0.00,0.00,0.08,0.08,0.00,0.00,0.00,0.00,0.00,0.00,0.64,0.55,0.00,0.00,0.00,0.00,0.00,0.02,0.00,0.46,0.66,0.00,0.00,0.00,0.00,0.00,11.76,0.00,19.61,0.00,0.00,78.43,85.71,2.03,1.41,15.60,15.89,0.00,0.00,90.50,99.26,0.00,0.00,0.00,0.00,0.00,0.00,0.00,0.00,0.00,0.00,352.94,352.94,0.00,0.00,58.82,0.00,0.00,0.00,0.00,0.00,0.00,0.00,0.00,0.00,0.00,0.00,19.73,14.09,12.68,6.35,26.19,18.15,25.40,27.99,17.10,15.21,0.00,0.00,0.00,0.00,0.00,0.00,0.00,0.00,0.00,0.00,0.00,0.07,19.22,31.92,29.85,37.95,34.21,36.18,0.00,0.00,0.00,0.00,0.00,0.00,0.00,0.00,0.00,0.00,0.00,0.00,0.00,0.00,0.00,0.00,0.00,0.08,0.00,0.00,0.00,0.00,0.00,0.00,0.00,0.00,3.02,2.39,3.18,5.51,0.00,0.00,0.10,0.08
