t_ms,threat,leg_sugar_grn,bridged_AN_targets,vnc_resident_targets,brain_targets_of_ANs,MN9
34.0,0,13.287,17.137,10.265,1.102,0.000
68.0,0,20.239,28.231,19.834,3.821,0.000
92.5,0,23.314,31.729,26.681,5.549,0.000
120.0,0,25.857,35.665,29.092,7.321,0.000
146.0,0,26.806,36.716,32.126,6.691,0.000
174.0,0,28.348,39.110,35.063,5.895,0.000
201.5,0,29.166,40.986,35.865,6.109,0.000
229.5,0,31.218,45.184,34.787,8.313,0.000
257.0,0,31.610,45.918,35.850,7.243,0.000
285.0,0,32.453,45.795,36.397,7.157,0.000
312.5,0,31.555,41.337,34.494,8.259,0.000
340.0,0,29.618,40.572,35.310,8.050,0.000
367.0,0,30.595,43.066,36.542,6.752,0.000
393.5,0,30.968,42.664,34.921,7.001,0.000
415.5,0,31.390,45.722,33.574,9.447,0.000
439.5,0,31.359,46.025,34.976,8.395,0.000
460.0,0,31.444,43.289,35.727,8.070,0.000
481.0,0,31.514,43.289,33.504,6.693,0.000
498.0,0,30.739,47.093,36.284,7.887,0.000
516.5,0,31.237,45.782,33.854,7.675,0.000
532.5,0,31.436,46.312,35.360,5.879,0.000
548.0,0,31.219,44.183,34.849,5.413,0.000
562.0,0,31.034,43.607,34.808,6.331,0.000
575.5,0,30.570,44.980,34.076,5.056,0.000
590.0,0,30.903,42.763,35.403,5.805,0.000
602.5,0,30.777,40.988,33.813,6.837,0.000
615.5,0,29.788,40.355,34.821,6.607,0.000
626.0,0,29.924,41.486,31.765,6.487,0.000
637.5,0,30.465,44.473,32.528,7.452,0.000
649.0,0,30.141,43.189,31.810,9.315,0.000
661.5,0,30.616,43.989,31.988,7.563,0.000
674.0,0,30.498,42.017,30.821,7.991,0.000
686.5,0,30.850,42.899,32.565,8.665,0.000
699.0,0,29.905,43.618,32.804,9.203,0.000
713.5,0,28.725,42.742,33.185,7.227,0.000
730.0,0,28.348,43.536,32.653,7.227,0.000
747.5,0,29.634,41.185,32.930,7.487,0.000
764.5,0,30.770,42.202,30.944,5.639,0.000
781.5,0,29.646,40.299,30.406,6.060,0.000
798.5,0,30.365,41.071,32.487,5.604,0.000
815.0,0,30.371,44.509,30.723,7.348,0.000
832.0,0,30.058,42.835,34.893,6.437,0.000
848.5,0,29.274,43.546,36.477,6.827,0.000
865.0,0,30.346,41.440,35.334,6.182,0.000
881.0,0,31.639,43.485,33.077,5.615,0.000
897.5,0,31.661,45.076,36.222,7.251,0.000
915.0,0,32.198,40.694,35.744,5.417,0.000
932.5,0,31.909,47.073,35.238,7.901,0.000
949.0,0,31.870,43.108,34.156,7.085,0.000
966.0,0,31.317,43.144,36.781,8.332,0.000
982.5,0,30.045,42.571,35.262,8.453,0.000
999.0,0,30.439,40.851,35.426,7.452,0.000
1016.0,0,29.519,37.961,32.959,5.613,0.000
1033.0,0,30.523,38.513,29.656,6.106,0.000
1049.5,0,29.445,40.500,32.223,6.761,0.000
1066.0,0,27.778,40.736,29.163,7.206,0.000
1083.0,0,27.928,39.165,31.361,7.405,0.000
1099.5,0,27.811,38.083,33.905,7.619,0.000
1116.0,0,28.381,43.882,31.681,7.757,0.000
1133.0,0,29.639,45.258,36.070,12.514,0.000
1149.5,0,29.397,41.575,34.657,12.245,0.000
1166.0,0,29.187,41.213,34.684,11.478,0.000
1183.0,0,30.850,44.468,36.132,10.841,0.000
1199.5,0,30.042,44.769,34.916,8.234,0.000
1216.0,0,29.995,45.316,32.642,9.083,0.000
1233.0,0,30.823,43.803,35.346,9.782,0.000
1249.5,0,30.666,42.905,35.518,9.452,0.000
1266.0,0,30.089,41.229,31.990,8.194,0.000
1283.0,0,30.051,43.079,32.568,8.101,0.000
1299.5,0,29.882,43.825,33.420,8.181,0.000
1316.0,0,28.652,40.563,35.399,8.153,0.000
1333.0,0,29.148,42.992,32.868,7.234,0.000
1349.5,0,30.142,40.012,33.325,6.412,0.000
1366.0,0,30.535,42.556,32.696,7.801,0.000
1383.0,0,30.667,41.562,32.768,7.871,0.000
1400.0,0,30.090,42.919,34.725,7.771,0.000
1416.5,0,29.193,42.179,32.615,6.996,0.000
1433.5,0,29.949,42.400,33.398,6.195,0.000
1450.0,0,28.882,43.200,31.497,6.625,0.000
1466.5,0,29.177,41.344,34.730,5.996,0.000
1483.5,0,28.999,40.742,34.580,6.487,0.000
1500.0,0,28.838,41.678,34.487,7.016,0.000
1516.5,0,29.674,43.881,33.681,7.315,0.000
1533.5,0,29.298,42.802,35.388,7.482,0.000
1550.0,0,29.170,41.034,35.392,7.860,0.000
1566.5,0,29.702,42.006,34.235,7.054,0.000
1584.0,0,28.519,39.916,36.338,6.142,0.000
1600.5,0,29.000,38.963,35.027,5.575,0.000
1617.5,0,29.379,39.353,35.923,6.367,0.000
1634.0,0,29.355,39.464,34.791,6.872,0.000
1650.5,0,29.485,40.908,33.857,6.168,0.000
1667.5,0,29.398,40.493,37.550,5.758,0.000
1684.0,0,28.409,38.120,34.643,5.362,0.000
1700.5,0,28.572,42.520,35.974,6.870,0.000
1717.5,0,28.162,43.301,35.974,5.175,0.000
1734.0,0,29.395,44.058,34.731,7.910,0.000
1750.5,0,29.900,43.435,36.240,7.961,0.000
1767.5,0,31.038,44.980,34.520,6.994,0.000
1784.0,0,29.618,42.899,36.024,6.387,0.000
1800.5,0,29.691,45.933,32.178,6.879,0.000
1817.5,0,29.217,41.807,37.409,6.230,0.000
1834.0,0,28.853,40.742,34.551,6.831,0.000
1850.5,0,28.950,41.747,34.476,7.158,0.000
1867.5,0,28.022,42.313,35.769,7.350,0.000
1884.0,0,28.345,37.944,33.259,5.583,0.000
1900.5,0,29.689,39.677,36.188,6.054,0.000
1917.5,0,28.862,40.961,34.795,6.685,0.000
1934.0,0,28.992,42.072,33.590,6.991,0.000
1950.5,0,28.902,39.316,30.127,7.383,0.000
1967.5,0,29.164,41.649,34.695,7.508,0.000
1984.0,0,29.287,40.295,33.805,8.598,0.000
2000.5,0,29.156,42.869,32.789,8.525,0.000
2017.5,0,30.137,42.033,34.343,9.484,0.000
2034.0,0,30.476,42.986,34.600,10.172,0.000
2050.5,0,30.518,45.874,36.062,9.584,0.000
2067.5,0,29.795,43.398,38.047,9.342,0.000
2084.0,0,29.964,42.958,37.774,8.135,0.000
2100.5,0,29.434,44.754,36.176,8.024,0.000
2117.5,0,29.788,43.399,34.324,7.872,0.000
2134.0,0,30.181,46.845,34.482,7.824,0.000
2150.5,0,30.310,47.974,34.335,8.795,0.000
2167.5,0,29.679,45.890,36.765,8.545,0.000
2184.0,0,29.759,47.025,34.104,9.251,0.000
2200.5,0,29.681,46.745,34.201,8.908,0.000
2217.5,0,29.284,42.470,33.118,7.785,0.000
2234.0,0,29.958,44.677,34.674,8.004,0.000
2250.5,0,30.013,42.879,37.223,6.079,0.000
2267.5,0,31.436,39.585,35.237,7.350,0.000
2284.0,0,31.152,41.189,35.365,6.580,0.000
2302.0,0,31.865,43.285,34.526,6.649,0.000
2320.0,0,31.491,46.868,35.207,6.895,0.000
2338.0,0,31.194,44.562,30.840,6.920,0.000
2356.0,0,30.990,43.139,32.133,5.963,0.000
2374.5,0,32.327,45.181,37.174,6.231,0.000
2392.0,0,31.602,45.062,35.045,5.694,0.000
2409.0,0,31.330,43.471,36.038,6.177,0.000
2425.5,0,30.951,44.094,36.160,6.651,0.000
2442.0,0,30.126,40.552,34.649,6.923,0.000
2459.0,0,30.049,42.604,36.101,7.201,0.000
2475.5,0,29.575,40.890,33.516,5.470,0.000
2492.0,0,28.915,42.401,35.080,5.915,0.000
2509.0,0,29.194,36.929,34.663,6.432,0.000
2525.5,0,28.447,38.856,35.965,5.819,0.000
2542.0,0,29.872,39.324,34.698,6.158,0.000
2559.0,0,28.804,40.374,34.358,6.348,0.000
2576.0,0,29.222,42.554,35.923,7.590,0.000
2592.5,0,28.084,40.879,34.814,7.682,0.000
2609.5,0,29.387,38.048,34.834,6.767,0.000
2626.0,0,28.445,40.751,36.255,7.161,0.000
2642.5,0,28.488,39.611,36.104,6.461,0.000
2659.5,0,28.223,41.952,35.644,6.688,0.000
2676.0,0,28.089,39.186,31.916,6.164,0.000
2692.5,0,29.110,39.296,32.694,6.581,0.000
2709.5,0,29.605,36.922,33.071,4.957,0.000
2726.0,0,28.766,35.230,32.558,5.801,0.000
2743.0,0,31.378,40.212,35.589,5.472,0.000
2759.5,0,30.979,39.284,33.043,5.022,0.000
2776.0,0,30.398,43.248,34.922,8.880,0.000
2793.0,0,29.622,41.352,32.625,6.689,0.000
2809.5,0,30.812,40.085,34.502,7.025,0.000
2826.0,0,29.418,42.500,32.372,8.285,0.000
2843.0,0,29.758,43.150,33.783,7.181,0.000
2859.5,0,29.985,42.746,34.217,6.380,0.000
2876.0,0,27.741,40.965,33.369,7.793,0.000
2893.0,0,28.473,39.303,34.820,6.859,0.000
2909.5,0,28.240,40.943,31.326,7.206,0.000
2926.0,0,28.285,38.602,32.228,7.431,0.000
2943.0,0,27.680,42.528,30.153,7.526,0.000
2959.5,0,27.648,42.183,32.306,7.614,0.000
2976.0,0,28.920,39.595,30.763,7.880,0.000
2993.0,0,28.900,40.543,31.455,7.909,0.000
3010.0,0,28.739,42.788,33.665,8.959,0.000
3027.0,0,29.451,43.182,32.683,8.697,0.000
3043.5,0,28.474,42.624,31.859,8.448,0.000
3060.5,0,29.028,43.229,31.292,8.376,0.000
3077.0,0,29.840,40.127,32.216,6.362,0.000
3093.5,0,29.544,41.447,34.299,6.659,0.000
3110.5,0,29.649,42.506,33.009,7.028,0.000
3127.0,0,30.115,44.734,31.036,7.189,0.000
3143.5,0,29.242,40.137,34.356,7.430,0.000
3160.5,0,30.238,40.608,33.350,7.555,0.000
3177.0,0,31.757,44.160,33.600,8.583,0.000
3193.5,0,31.552,40.532,35.289,9.581,0.000
3210.5,0,30.223,45.369,32.746,8.328,0.000
3227.0,0,30.068,40.758,34.203,7.177,0.000
3243.5,0,31.710,42.082,31.989,7.341,0.000
3260.5,0,31.955,45.980,33.466,9.305,0.000
3277.0,0,31.765,51.136,35.656,9.029,0.000
3293.5,0,30.809,45.041,33.082,9.558,0.000
3310.5,0,31.179,42.195,35.875,9.035,0.000
3327.0,0,30.765,41.694,35.691,6.863,0.000
3343.5,0,30.923,42.709,34.252,5.213,0.000
3360.5,0,31.572,43.203,36.404,6.912,0.000
3377.0,0,29.755,44.717,36.148,7.232,0.000
3393.5,0,29.950,41.540,34.942,6.568,0.000
3410.5,0,30.624,39.789,35.932,5.880,0.000
3427.0,0,30.247,41.167,37.345,7.389,0.000
3443.5,0,28.867,43.306,34.411,7.536,0.000
3460.5,0,29.064,41.274,35.951,7.710,0.000
3477.0,0,28.755,42.379,34.733,8.867,0.000
3493.5,0,29.405,43.214,34.945,8.731,0.000
3510.5,0,29.849,41.021,32.211,8.576,0.000
3527.0,0,29.211,39.481,34.406,7.432,0.000
3543.5,0,28.348,39.632,33.171,7.518,0.000
3560.5,0,28.994,41.105,34.582,7.674,0.000
3577.0,0,28.821,42.226,32.372,7.672,0.000
3593.5,0,28.019,44.512,30.404,7.825,0.000
3610.5,0,28.734,45.025,30.363,7.889,0.000
3627.0,0,27.804,40.342,30.228,6.851,0.000
3643.5,0,29.117,40.606,32.698,7.100,0.000
3660.5,0,28.758,40.622,33.228,6.321,0.000
3677.0,0,30.190,42.951,33.683,6.622,0.000
3693.5,0,29.883,43.750,35.512,6.968,0.000
3710.5,0,30.300,45.320,35.310,7.122,0.000
3727.0,0,30.823,45.448,38.213,8.325,0.000
3743.5,0,30.127,39.262,36.402,7.329,0.000
3760.5,0,30.671,41.588,34.893,6.469,0.000
3777.5,0,30.497,41.358,34.508,6.788,0.000
3794.0,0,30.973,42.483,33.605,8.078,0.000
3810.5,0,30.775,43.189,35.302,7.076,0.000
3827.5,0,30.766,43.423,32.678,8.134,0.000
3844.0,0,29.247,40.194,36.866,7.029,0.000
3860.5,0,28.736,39.028,34.103,7.122,0.000
3877.5,0,29.170,39.014,32.833,7.270,0.000
3894.0,0,28.186,38.015,30.849,7.459,0.000
3910.5,0,28.175,36.196,33.241,8.785,0.000
3927.5,0,29.190,40.627,32.229,8.637,0.000
3944.0,0,29.774,42.874,34.461,9.222,0.000
3960.5,0,29.242,42.186,31.003,9.846,0.000
3977.5,0,28.022,41.160,31.926,9.276,0.000
3994.0,0,29.896,44.424,31.432,8.927,0.000
4010.5,0,30.333,44.461,35.080,8.766,0.000
4027.5,0,30.829,44.444,33.839,8.438,0.000
4044.5,0,30.409,45.705,34.070,8.131,0.000
4061.0,0,31.066,43.348,34.317,8.265,0.000
4077.5,0,30.982,43.782,34.423,7.283,0.000
4094.5,0,30.310,38.776,36.090,6.419,0.000
4111.0,0,30.096,41.238,33.669,6.851,0.000
4127.5,0,30.076,40.659,35.400,6.129,0.000
4144.5,0,30.487,42.626,35.279,6.459,0.000
4161.0,0,30.282,44.415,35.243,7.846,0.000
4177.5,0,29.857,43.626,36.721,8.021,0.000
4194.5,0,29.515,43.592,33.619,7.987,0.000
4211.0,0,30.093,45.325,38.028,7.106,0.000
4227.5,0,28.987,42.070,34.906,6.420,0.000
4244.5,0,28.736,43.745,35.815,6.758,0.000
4261.0,0,29.849,45.536,35.425,7.103,0.000
4277.5,0,30.827,43.328,36.695,7.335,0.000
4294.5,0,30.930,45.228,33.693,8.495,0.000
4311.0,0,30.677,40.533,34.819,7.442,0.000
4327.5,0,29.942,40.465,36.251,6.666,0.000
4344.5,0,29.791,40.051,36.303,6.985,0.000
4361.0,0,30.004,42.431,33.597,5.306,0.000
4377.5,0,28.404,44.509,36.519,5.964,0.000
4394.5,0,28.816,42.074,35.098,5.337,0.000
4411.0,0,28.325,39.204,35.192,5.806,0.000
4427.5,0,28.806,44.377,35.484,6.230,0.000
4444.5,0,28.744,40.712,32.681,6.635,0.000
4461.0,0,28.687,43.299,35.010,6.020,0.000
4477.5,0,27.281,41.464,32.619,6.349,0.000
4494.5,0,28.228,39.615,30.475,5.670,0.000
4511.0,0,27.868,41.076,32.559,7.222,0.000
4527.5,0,28.124,41.063,33.784,6.491,0.000
4544.5,0,27.524,40.765,32.756,5.733,0.000
4561.0,0,27.946,41.800,30.997,7.347,0.000
4577.5,0,29.179,44.963,33.034,7.535,0.000
4594.5,0,30.476,44.814,33.613,7.629,0.000
4611.0,0,31.735,46.314,34.322,7.775,0.000
4627.5,0,31.573,43.483,34.590,8.844,0.000
4644.5,0,30.772,44.941,32.099,7.650,0.000
4661.0,0,31.025,45.276,32.806,8.735,0.000
4677.5,0,30.934,44.002,33.205,8.646,0.000
4694.5,0,30.896,42.802,33.632,7.596,0.000
4711.0,0,30.526,41.984,35.348,5.770,0.000
4727.5,0,30.696,44.929,34.002,7.209,0.000
4744.5,0,30.576,42.119,35.310,8.194,0.000
4761.0,0,30.597,41.653,35.387,9.227,0.000
4777.5,0,31.164,44.039,35.613,10.054,0.000
4794.5,0,31.825,43.273,33.058,8.595,0.000
4811.0,0,30.324,41.517,34.765,8.402,0.000
4827.5,0,29.357,40.909,32.396,8.202,0.000
4844.5,0,30.490,42.730,34.030,6.178,0.000
4861.0,0,30.101,43.057,35.444,7.595,0.000
4877.5,0,30.466,41.107,34.233,7.936,0.000
4894.5,0,29.374,43.141,33.015,7.989,0.000
4911.0,0,30.058,39.799,35.002,8.005,0.000
4927.5,0,30.311,41.243,35.327,6.080,0.000
4944.5,0,30.278,40.961,31.300,6.462,0.000
4961.0,0,31.144,39.575,34.357,6.759,0.000
4977.5,0,31.830,40.918,34.825,7.121,0.000
4994.5,0,31.029,40.332,31.998,7.237,0.000
5011.0,0,29.412,41.535,31.656,7.428,0.000
5027.5,0,30.137,41.181,31.258,6.591,0.000
5044.5,0,30.390,40.582,34.422,6.878,0.000
5061.0,0,28.602,38.005,32.333,7.067,0.000
5077.5,0,29.915,42.179,32.779,7.257,0.000
5094.5,0,29.362,39.100,33.137,7.381,0.000
5111.0,0,28.367,41.698,32.219,5.607,0.000
5127.5,0,29.249,42.569,31.781,7.071,0.000
5144.5,0,29.151,43.139,32.264,7.263,0.000
5161.0,0,29.343,41.856,33.182,6.601,0.000
5177.5,0,29.569,41.270,32.447,7.917,0.000
5194.5,0,30.177,39.485,32.976,8.060,0.000
5211.0,0,29.920,39.492,33.554,7.206,0.000
5227.5,0,29.300,38.539,34.139,6.548,0.000
5244.5,0,29.390,38.696,32.989,6.916,0.000
5261.0,0,29.531,40.163,33.436,7.297,0.000
5277.5,0,30.445,40.461,32.798,5.543,0.000
5294.5,0,30.119,41.602,30.658,8.058,0.000
5311.0,0,30.343,41.133,31.379,7.160,0.000
5327.5,0,29.501,40.006,30.972,6.387,0.000
5344.5,0,29.458,37.563,33.472,6.797,0.000
5361.0,0,29.682,38.276,31.473,6.143,0.000
5377.5,0,28.985,40.275,32.216,6.488,0.000
5394.5,0,28.900,37.265,33.954,6.640,0.000
5411.0,0,29.262,40.445,31.879,6.964,0.000
5427.5,0,30.157,41.776,36.461,7.179,0.000
5444.5,0,28.839,40.182,33.673,5.408,0.000
5461.0,0,28.585,41.400,34.045,6.977,0.000
5477.5,0,29.024,39.949,30.684,7.440,0.000
5494.5,0,29.460,40.850,31.113,7.583,0.000
5511.0,0,29.827,43.321,33.316,7.780,0.000
5527.5,0,28.962,41.488,32.649,6.834,0.000
5544.5,0,29.972,47.432,35.610,7.151,0.000
5561.0,0,29.867,46.168,35.651,6.412,0.000
5577.5,0,30.694,43.613,35.557,6.818,0.000
5594.5,0,31.776,43.315,36.622,7.057,0.000
5611.0,0,31.712,46.085,35.031,7.202,0.000
5627.5,0,30.136,44.969,36.416,6.396,0.000
5644.5,0,30.638,42.366,33.376,6.586,0.000
5661.0,0,30.108,45.770,35.207,7.170,0.000
5677.5,0,30.155,47.143,34.017,6.411,0.000
5694.5,0,31.178,46.627,33.004,5.801,0.000
5711.0,0,32.454,46.439,33.845,6.325,0.000
5727.5,0,31.567,47.176,34.048,6.565,0.000
5744.5,0,30.974,47.759,35.657,7.007,0.000
5761.0,0,31.494,46.976,33.335,7.267,0.000
5777.5,0,30.421,44.472,37.722,7.591,0.000
5794.5,0,29.999,39.562,33.159,6.783,0.000
5811.0,0,29.736,40.478,37.168,7.090,0.000
5827.5,0,30.731,40.502,33.247,5.385,0.000
5844.5,0,29.927,40.193,33.590,5.980,0.000
5861.0,0,30.792,39.122,32.970,6.395,0.000
5877.5,0,29.715,40.456,35.706,5.783,0.000
5894.5,0,29.746,42.802,34.370,6.198,0.000
5911.0,0,29.055,42.342,32.163,6.686,0.000
5927.5,0,28.855,41.868,32.924,6.824,0.000
5944.5,0,30.298,42.485,34.636,6.121,0.000
5961.0,0,29.222,42.241,36.355,5.622,0.000
5977.5,0,29.704,39.460,32.589,7.260,0.000
5994.5,0,29.661,40.542,32.810,5.469,0.000
6011.0,0,29.262,40.518,34.994,5.974,0.000
6027.5,0,29.776,41.792,31.453,7.192,0.000
6044.5,0,31.189,43.406,32.136,8.434,0.000
6061.0,0,29.801,44.984,33.060,8.410,0.000
6077.5,0,30.718,46.629,34.196,8.319,0.000
6094.5,0,29.615,42.292,33.192,9.816,0.000
6111.0,0,30.510,44.566,32.360,9.450,0.000
6127.5,0,30.175,42.138,32.025,7.178,0.000
