t_ms,threat,GFC1,GFC2,GFC3,GFC4,TTMn_L,TTMn_R,GF,joint_lf_ThC_pro,joint_lf_CTr,joint_lf_FTi,joint_lf_TiTa,stance_lf,foot_h_lf,joint_lm_ThC_pro,joint_lm_CTr,joint_lm_FTi,joint_lm_TiTa,stance_lm,foot_h_lm,joint_lh_ThC_pro,joint_lh_CTr,joint_lh_FTi,joint_lh_TiTa,stance_lh,foot_h_lh,joint_rf_ThC_pro,joint_rf_CTr,joint_rf_FTi,joint_rf_TiTa,stance_rf,foot_h_rf,joint_rm_ThC_pro,joint_rm_CTr,joint_rm_FTi,joint_rm_TiTa,stance_rm,foot_h_rm,joint_rh_ThC_pro,joint_rh_CTr,joint_rh_FTi,joint_rh_TiTa,stance_rh,foot_h_rh,head_yaw,head_roll
25.0,0,0.000,0.000,0.000,0.000,29.937,16.120,22.837,0.0000,0.0000,0.0000,0.0000,0,0.00000,0.0000,0.0000,0.0000,0.0000,0,0.00000,0.0000,0.0000,0.0000,0.0000,0,0.00000,0.0000,0.0000,0.0000,0.0000,0,0.00000,0.0000,0.0000,0.0000,0.0000,0,0.00000,0.0000,0.0000,0.0000,0.0000,0,0.00000,0.0000,0.0000
58.0,0,0.000,0.000,0.000,0.000,17.272,61.430,39.025,0.0016,0.0488,0.0230,-0.0061,1,0.06303,0.0281,0.0775,0.1529,0.0031,1,0.06287,-0.1506,0.1918,0.2014,0.0654,1,0.08692,0.0206,0.0699,-0.0001,-0.0103,1,0.05949,0.0317,0.0530,-0.0166,-0.0301,1,0.05991,-0.1147,0.1774,0.0288,0.0371,1,0.08322,-0.0007,0.0005
92.0,0,3.931,1.490,0.000,0.000,9.800,34.856,27.413,-0.0187,0.1367,0.0605,-0.0093,1,0.05772,0.0663,0.1195,0.3298,-0.0175,1,0.05616,-0.2618,0.2842,0.3522,0.1552,1,0.08187,0.0931,0.0616,-0.0453,-0.0275,1,0.04763,0.0482,0.0475,-0.0882,-0.0542,1,0.04521,-0.1765,0.2783,0.0610,0.0727,1,0.07555,-0.0019,0.0007
121.5,0,2.404,2.194,0.000,0.000,34.853,45.612,43.019,-0.0434,0.3344,0.0926,-0.0024,0,0.24805,0.0922,0.1078,0.4158,-0.0505,1,0.05453,-0.3078,0.3067,0.4123,0.2083,1,0.08109,0.1464,0.0069,-0.0753,-0.0395,1,0.03852,0.0504,0.0332,-0.1253,-0.0589,1,0.04452,-0.2024,0.3391,0.1507,0.1098,1,0.07617,0.0254,0.0008
151.5,0,1.458,3.672,1.257,0.000,56.429,27.665,43.408,-0.0452,0.4785,0.0911,0.0003,0,0.44200,0.1056,0.0674,0.4099,-0.0694,1,0.06005,-0.3145,0.3188,0.4313,0.2346,1,0.08174,0.1696,-0.0375,-0.0886,-0.0501,1,0.04074,0.0518,0.0190,-0.1297,-0.0570,1,0.04646,-0.2223,0.3763,0.2601,0.1497,1,0.07908,0.0939,0.0377
184.0,0,0.848,6.983,0.731,0.000,45.384,29.403,46.411,-0.0370,0.5038,0.0725,0.0039,0,0.46782,0.1054,0.0338,0.2814,0.0063,1,0.06064,-0.2725,0.3545,0.4463,0.2673,1,0.08292,0.1527,-0.0491,-0.0559,-0.0538,1,0.04331,0.0610,0.0213,0.0560,-0.0780,1,0.05429,-0.2379,0.3562,0.4005,0.1963,1,0.08206,0.1451,0.1153
217.0,0,0.489,5.229,0.422,1.171,99.679,29.415,64.385,-0.0274,0.4030,0.0516,0.0109,0,0.29661,0.1014,-0.0050,0.0779,0.0882,1,0.06474,-0.2244,0.3871,0.4033,0.2921,1,0.08525,0.1197,-0.0015,0.0081,-0.0497,1,0.06062,0.0890,0.0336,0.3286,-0.1240,1,0.06612,-0.2575,0.2972,0.4906,0.2515,1,0.08882,0.1362,0.1565
250.5,0,3.445,15.658,5.697,1.871,93.028,71.955,87.145,-0.0072,0.2774,0.0242,0.0091,1,0.05599,0.1016,-0.0087,-0.1481,0.1035,1,0.05626,-0.1644,0.5861,0.3439,0.3172,1,0.08279,0.0952,-0.0140,0.1139,-0.0764,1,0.04633,0.1106,0.0125,0.5608,-0.1532,1,0.05825,-0.3115,0.2355,0.5428,0.2960,1,0.08943,0.1071,0.1503
284.0,0,1.971,22.643,4.637,2.788,88.451,52.249,72.820,0.0245,0.2069,0.0013,-0.0074,1,0.05348,0.0894,-0.0216,-0.3303,0.0869,1,0.05410,-0.1295,0.7441,0.2672,0.3183,1,0.08199,0.1052,-0.0870,0.2613,-0.0886,1,0.06533,0.1171,-0.0337,0.7026,-0.1657,1,0.06886,-0.3824,0.1946,0.5381,0.3175,1,0.09014,0.0838,0.1199
317.0,0,4.302,26.791,3.646,1.609,72.831,53.017,64.027,0.0381,0.1576,-0.0027,-0.0165,1,0.05307,0.0681,-0.0261,-0.4233,0.0527,1,0.04484,-0.1098,0.7983,0.2181,0.2805,1,0.08308,0.1216,-0.1376,0.3835,-0.0513,1,0.06665,0.1047,-0.1221,0.7836,-0.1751,1,0.07114,-0.4114,0.1603,0.4944,0.3157,1,0.09233,0.0659,0.0858
350.5,0,2.461,16.424,2.086,2.204,41.671,44.679,43.747,0.0360,0.1371,-0.0107,-0.0235,1,0.05709,0.0097,-0.0135,-0.4327,0.0202,1,0.04628,-0.0734,0.7830,0.2069,0.2245,1,0.08343,0.1177,-0.1491,0.4118,-0.0038,1,0.07507,0.0875,-0.1885,0.8462,-0.1760,1,0.06565,-0.3577,0.1256,0.4311,0.2825,1,0.09474,0.0130,0.0569
384.0,0,5.085,9.397,1.194,1.261,65.115,25.564,45.495,0.0227,0.1214,-0.0092,-0.0245,1,0.05523,-0.0369,-0.0127,-0.3984,0.0102,1,0.04058,-0.0510,0.7278,0.1943,0.1640,1,0.08384,0.0883,-0.1454,0.3733,0.0230,1,0.08082,0.0825,-0.1969,0.8861,-0.1653,1,0.07606,-0.2549,0.1457,0.3548,0.2183,1,0.09461,-0.0290,0.0357
417.0,0,2.934,5.422,1.744,2.231,63.713,28.058,51.903,0.0048,0.0926,0.0190,-0.0132,1,0.06605,-0.0398,0.0075,-0.1754,0.0369,1,0.06281,-0.0480,0.6298,0.1946,0.1153,1,0.08429,0.0570,-0.1249,0.2981,0.0214,1,0.08208,0.0877,-0.1718,0.8157,-0.1018,1,0.06997,-0.1755,0.2148,0.2912,0.1517,1,0.09371,-0.0405,0.0221
450.5,0,1.679,7.924,0.998,2.897,86.514,27.041,59.967,0.0062,0.0659,0.0919,-0.0109,1,0.06243,-0.0244,0.0677,0.2302,0.0597,1,0.05990,-0.0737,0.5501,0.2330,0.0862,1,0.08481,-0.0754,-0.0777,0.1927,-0.0589,1,0.08476,0.0841,-0.1513,0.6648,-0.0252,1,0.06980,-0.1119,0.2919,0.2043,0.0721,1,0.08755,-0.0366,0.0132
484.0,0,0.961,5.484,1.392,1.658,87.882,30.679,60.883,0.0327,0.0790,0.2824,-0.0173,1,0.06978,0.0499,0.1101,0.4808,0.0900,1,0.06273,-0.0947,0.5291,0.2819,0.0625,1,0.08467,-0.2573,-0.0476,0.0952,-0.1609,1,0.10352,0.0465,-0.1846,0.4844,0.0287,1,0.06332,-0.0718,0.3645,0.1563,0.0217,1,0.08324,-0.0278,0.0079
517.0,0,0.554,3.164,1.807,0.956,106.065,67.056,87.050,0.0687,0.1148,0.4809,-0.0274,0,0.07559,0.1451,0.1195,0.5832,0.1228,1,0.06738,-0.1302,0.5027,0.2643,0.0338,0,0.08343,-0.3868,-0.0381,0.0478,-0.2205,1,0.09949,-0.0469,-0.2347,0.2448,0.0363,1,0.05225,-0.0728,0.4117,0.1391,-0.0049,1,0.08045,-0.0191,0.0049
550.5,0,0.317,1.810,1.034,0.547,87.485,63.307,75.462,0.1130,0.0431,0.5884,-0.0379,1,0.07997,0.1984,0.0553,0.6127,0.1643,1,0.07663,-0.1602,0.4512,0.2105,0.0102,1,0.08335,-0.4621,-0.0305,0.0438,-0.2517,1,0.09722,-0.2164,-0.2642,-0.0024,0.0019,1,0.03943,-0.0931,0.4677,0.1262,0.0179,1,0.08057,-0.0128,0.0032
584.0,0,0.181,4.185,0.592,1.767,50.056,51.429,50.717,0.1363,-0.1461,0.5715,-0.0460,1,0.08289,0.2119,-0.0352,0.6862,0.2165,1,0.08728,-0.1841,0.3671,0.1555,0.0024,1,0.08322,-0.5027,-0.0261,0.0507,-0.2671,1,0.10092,-0.3530,-0.2636,-0.1678,-0.0381,1,0.03909,-0.1097,0.5529,0.1191,0.0732,1,0.08349,-0.0100,0.0023
617.0,0,0.105,4.440,0.341,1.020,28.880,45.006,36.864,0.1446,-0.3142,0.5036,-0.0415,1,0.08543,0.1698,-0.1419,0.6824,0.2361,1,0.09324,-0.2295,0.2648,0.1224,0.0393,1,0.08456,-0.5166,-0.0336,0.0266,-0.2718,1,0.10907,-0.4315,-0.2401,-0.2363,-0.0718,1,0.03877,-0.1059,0.6310,0.1109,0.1191,1,0.08634,-0.0087,0.0019
650.5,0,0.060,6.910,0.195,0.583,47.717,41.342,43.967,0.1357,-0.4807,0.3993,-0.0342,1,0.08406,0.0942,-0.2727,0.6358,0.2276,1,0.09610,-0.2784,0.1577,0.0910,0.0693,1,0.08548,-0.5159,-0.0518,0.0064,-0.2750,1,0.11072,-0.4730,-0.2150,-0.2625,-0.1028,1,0.03836,-0.0927,0.7021,0.1116,0.1328,1,0.08862,-0.0089,0.0018
684.0,0,0.034,8.684,0.112,0.334,55.648,62.466,58.456,0.0862,-0.5771,0.3194,-0.0477,1,0.08471,-0.0007,-0.3650,0.5846,0.2103,1,0.09854,-0.3141,0.1006,0.1379,0.0238,1,0.08103,-0.4992,-0.0710,-0.0043,-0.2800,1,0.11550,-0.4865,-0.2009,-0.2768,-0.1252,1,0.03892,-0.0782,0.7551,0.1142,0.1185,1,0.08999,-0.0095,0.0018
717.0,0,0.020,8.428,0.064,1.354,47.960,85.407,66.066,0.0651,-0.6147,0.3054,-0.0678,1,0.08301,-0.0723,-0.3948,0.5368,0.2018,1,0.09951,-0.3155,0.1670,0.3269,-0.0583,1,0.08008,-0.4650,-0.0883,-0.0145,-0.2817,1,0.11951,-0.4810,-0.2000,-0.2890,-0.1381,1,0.03955,-0.0630,0.7805,0.1139,0.0960,1,0.08992,-0.0098,0.0018
750.5,0,0.011,9.512,0.037,0.775,56.980,48.867,52.448,0.0592,-0.6320,0.3498,-0.0788,1,0.09293,-0.1354,-0.3703,0.4760,0.2406,1,0.10104,-0.2462,0.4184,0.6278,-0.0566,1,0.08528,-0.3956,-0.1169,0.0021,-0.2698,1,0.11926,-0.4657,-0.1956,-0.2636,-0.1465,1,0.04112,-0.0552,0.7870,0.0943,0.0668,1,0.08963,-0.0102,0.0725
784.0,0,0.006,8.031,1.177,2.091,83.832,37.985,60.190,0.0843,-0.6207,0.3806,-0.0897,1,0.10258,-0.1550,-0.3304,0.4133,0.3034,1,0.10236,-0.1867,0.5929,0.8005,-0.0211,1,0.08811,-0.2419,-0.1465,0.0238,-0.2476,1,0.12514,-0.4222,-0.1981,-0.2710,-0.1418,1,0.04304,-0.0669,0.8000,0.1478,0.0215,0,0.08812,-0.0103,0.1239
817.0,0,0.004,8.136,0.679,2.545,82.998,35.004,58.287,0.1088,-0.5904,0.3739,-0.0918,1,0.10832,-0.1493,-0.3024,0.3600,0.3358,1,0.10249,-0.1487,0.6839,0.9074,0.0257,1,0.09009,-0.0211,-0.1707,0.0466,-0.2178,1,0.13047,-0.3472,-0.1978,-0.2945,-0.1309,1,0.04500,-0.1041,0.8472,0.2785,-0.0336,1,0.08388,-0.0106,0.1247
850.5,0,0.002,5.938,0.389,1.456,99.208,47.822,72.417,0.1256,-0.5212,0.3504,-0.0706,1,0.09967,-0.1335,-0.2747,0.3210,0.3693,1,0.10253,-0.0872,0.6919,0.9513,0.0496,1,0.09429,0.1679,-0.1723,0.0633,-0.1875,1,0.12818,-0.2524,-0.2138,-0.3251,-0.1191,1,0.04594,-0.1262,0.8670,0.4033,-0.0703,0,0.08545,-0.0113,0.1011
884.0,0,0.001,5.797,1.428,0.833,97.196,39.107,67.038,0.0502,-0.1198,0.4961,0.0057,0,0.27462,-0.1204,-0.2567,0.2653,0.4308,1,0.10312,0.0015,0.6479,0.9570,0.0548,1,0.09566,0.2865,-0.1530,0.0626,-0.1689,1,0.12325,-0.1567,-0.2314,-0.3538,-0.1069,1,0.04874,-0.1257,0.8639,0.4803,-0.0732,1,0.08696,-0.0115,0.0728
917.0,0,0.001,7.891,0.824,0.481,82.427,22.563,51.743,0.0042,0.3401,0.6693,0.0702,0,0.81248,-0.1339,-0.3282,0.1638,0.4386,1,0.10654,0.0489,0.6296,0.9413,0.0292,1,0.09328,0.4262,-0.0223,0.0402,-0.1771,0,0.89764,-0.1238,-0.3584,-0.4550,-0.0912,1,0.05735,-0.1363,0.8546,0.5043,-0.0513,1,0.09292,-0.0108,0.0492
950.5,0,0.000,8.798,1.849,0.275,99.196,66.989,82.222,0.0418,0.5636,0.7933,0.0773,0,1.06075,-0.1281,-0.3692,0.0961,0.4141,1,0.10545,0.0745,0.6217,0.9288,-0.0037,1,0.09373,0.4870,0.1400,0.0257,-0.1733,0,1.42898,-0.1616,-0.4325,-0.5079,-0.0831,1,0.06109,-0.1444,0.8382,0.4876,-0.0177,1,0.09668,-0.0091,0.0315
984.0,0,0.000,5.034,2.390,1.564,81.788,53.920,67.188,0.1125,0.6575,0.8964,0.0350,0,1.16956,-0.1040,-0.3593,0.0741,0.3699,1,0.10386,0.1116,0.7146,0.9092,-0.0184,1,0.09406,0.5078,0.3004,0.0167,-0.1781,0,1.81123,-0.2917,-0.4718,-0.5028,-0.0769,1,0.06689,-0.1267,0.7899,0.4213,0.0070,1,0.09749,-0.0067,0.0196
1017.0,0,0.000,2.904,2.279,2.393,100.349,31.109,73.457,0.1598,0.7134,0.9708,-0.0170,0,1.18914,-0.0570,-0.3369,0.0666,0.3547,1,0.10249,0.1530,0.7622,0.8446,-0.0207,1,0.09385,0.5078,0.4136,0.0113,-0.1939,0,1.95715,-0.4087,-0.4448,-0.4402,-0.0587,1,0.06223,-0.0589,0.7066,0.3007,0.0022,0,0.09335,-0.0040,0.0121
1050.5,0,0.000,1.662,1.304,1.369,113.156,39.558,75.454,0.1646,0.7442,1.0097,-0.0601,0,1.20075,-0.0196,-0.3313,0.0603,0.3536,1,0.10112,0.1868,0.7418,0.7604,-0.0054,1,0.09423,0.4928,0.4854,0.0080,-0.2107,0,2.01848,-0.4815,-0.4101,-0.3669,-0.0469,1,0.05564,-0.0168,0.6643,0.2235,0.0020,0,0.11128,-0.0027,0.0073
1084.0,0,0.000,1.901,0.746,0.784,103.385,51.122,76.219,0.1834,0.7502,1.0206,-0.0893,0,1.21132,0.0325,-0.3351,0.1090,0.3220,1,0.10314,0.2118,0.6709,0.6533,0.0185,1,0.09236,0.4757,0.5544,0.0059,-0.2230,0,2.05570,-0.5229,-0.3865,-0.3067,-0.0488,1,0.05516,-0.0029,0.6451,0.1766,0.0019,0,0.14313,-0.0016,0.0044
1117.0,0,0.000,3.046,0.431,0.452,70.820,79.516,74.317,0.2015,0.7344,1.0264,-0.1004,0,1.13193,0.1169,-0.3357,0.2568,0.2916,1,0.10181,0.2361,0.6225,0.5534,0.0503,1,0.09196,0.4654,0.6077,0.0046,-0.2304,0,1.99956,-0.5576,-0.3613,-0.2909,-0.0690,1,0.04854,0.0016,0.6313,0.1441,0.0018,0,0.11625,-0.0011,0.0028
1150.5,0,0.000,6.144,1.635,0.259,52.971,55.861,53.834,0.1903,0.6911,1.0295,-0.1036,0,0.91024,0.2151,-0.2927,0.4616,0.2949,1,0.09591,0.2496,0.5904,0.3848,0.0384,1,0.08429,0.4650,0.6387,0.0041,-0.2297,0,1.84722,-0.5852,-0.3520,-0.3392,-0.0962,1,0.04063,-0.0003,0.6401,0.1079,-0.0023,0,0.08114,-0.0013,0.0019
1184.0,0,0.000,7.657,0.936,1.431,30.308,75.393,60.206,0.1564,0.6233,1.0187,-0.0951,0,0.68063,0.3048,-0.2631,0.6289,0.3031,1,0.09310,0.2544,0.5485,0.2333,0.0336,1,0.07742,0.4729,0.6621,0.0039,-0.2153,0,1.72160,-0.5955,-0.3781,-0.4124,-0.1031,1,0.03821,-0.0016,0.6544,0.0771,-0.0047,0,0.07937,-0.0016,0.0014
1217.0,0,0.000,6.598,0.540,0.826,33.473,43.498,42.663,0.1169,0.6506,1.0065,-0.0766,0,0.58943,0.3611,-0.2677,0.6833,0.3091,1,0.09025,0.2514,0.5132,0.1325,0.0503,0,0.07489,0.4848,0.7022,0.0039,-0.1877,0,1.70382,-0.5729,-0.4197,-0.4542,-0.0985,1,0.03808,-0.0157,0.7001,0.1975,-0.0311,1,0.07853,-0.0016,0.0011
1250.5,0,0.000,6.112,0.309,2.148,59.224,66.259,72.918,0.1687,0.6875,1.0008,-0.0581,0,0.62203,0.3769,-0.3056,0.6432,0.3139,1,0.08789,0.2346,0.4947,0.0556,0.0839,1,0.07180,0.4993,0.7349,0.0038,-0.1509,0,1.78844,-0.5090,-0.4661,-0.4504,-0.0900,1,0.03751,-0.0448,0.7934,0.5018,-0.0899,1,0.07649,-0.0004,0.0007
1284.0,0,0.000,7.086,0.177,1.229,70.887,69.894,70.827,0.2608,0.6778,1.0076,-0.0465,0,0.72667,0.3061,-0.3788,0.5763,0.3265,1,0.08895,0.1920,0.5007,0.2211,0.0652,1,0.07317,0.5131,0.7528,0.0037,-0.1126,0,1.83734,-0.4249,-0.4947,-0.4657,-0.0900,1,0.04759,-0.0581,0.8739,0.6959,-0.1385,1,0.07755,0.0024,0.0014
1317.0,0,0.000,7.473,0.102,0.709,40.898,63.434,52.322,0.2999,0.5934,1.0148,-0.0523,0,0.84928,0.1364,-0.4639,0.4758,0.3238,1,0.09281,0.1392,0.5188,0.4995,0.0315,1,0.07817,0.5228,0.7617,0.0035,-0.0793,0,1.91283,-0.3315,-0.5220,-0.4853,-0.0899,1,0.04857,-0.0545,0.9275,0.8073,-0.1563,1,0.07704,0.0038,0.0021
1350.5,0,0.000,6.201,0.058,0.406,52.801,36.294,49.654,0.2810,0.3608,1.0090,-0.0677,0,0.86011,-0.0363,-0.5311,0.3499,0.2922,1,0.09606,0.0974,0.5215,0.6920,0.0316,1,0.08364,0.5283,0.7717,0.0032,-0.0525,0,2.02762,-0.2379,-0.5490,-0.4848,-0.0833,1,0.05576,-0.0384,0.9482,0.9031,-0.1480,1,0.08296,0.0030,0.0021
1384.0,0,0.000,6.197,0.033,1.453,40.662,36.100,41.196,0.2295,0.0365,0.9869,-0.0789,0,0.71957,-0.1358,-0.5564,0.2381,0.2402,1,0.09792,0.0998,0.5220,0.8081,0.0506,1,0.09361,0.5306,0.7831,0.0028,-0.0334,0,2.12212,-0.1595,-0.5743,-0.4691,-0.0727,1,0.06807,-0.0174,0.9227,0.9760,-0.1264,1,0.08629,0.0020,0.0020
1417.0,0,0.000,8.311,0.958,3.232,80.513,30.687,56.545,0.1701,-0.1851,0.9629,-0.0783,0,0.58232,-0.1711,-0.5410,0.1639,0.1861,1,0.09931,0.1316,0.5154,0.8904,0.0785,0,0.10011,0.5307,0.7905,0.0025,-0.0238,0,2.18442,-0.1071,-0.6053,-0.4621,-0.0622,1,0.07245,-0.0023,0.8792,1.0235,-0.0988,1,0.09286,0.0013,0.0016
1450.5,0,0.000,10.490,0.548,3.701,113.841,55.105,92.664,0.1159,-0.2839,0.9566,-0.0569,0,0.48407,-0.1556,-0.5034,0.1407,0.1358,1,0.09795,0.1689,0.4955,0.9641,0.1091,1,0.10176,0.5299,0.7942,0.0023,-0.0531,0,2.24303,-0.1178,-0.6324,-0.4683,-0.0519,1,0.07499,0.0061,0.8443,1.0340,-0.0601,1,0.09725,0.0009,0.0011
1484.0,0,0.000,11.481,0.314,2.117,102.790,43.274,72.746,0.0739,-0.3785,0.9657,-0.0289,0,0.35142,-0.0992,-0.4106,0.1725,0.0907,1,0.09667,0.2007,0.3829,1.0682,0.1534,0,0.10362,0.5245,0.7960,0.0022,-0.1089,0,2.33973,-0.2340,-0.6578,-0.4571,-0.0137,1,0.07479,0.0079,0.8056,1.0184,0.0068,1,0.10183,0.0022,0.0007
1517.0,0,0.000,8.742,0.181,2.336,74.013,24.967,49.264,0.0448,-0.4880,0.9740,-0.0211,0,0.16420,-0.0025,-0.3025,0.2676,0.0594,1,0.09331,0.2154,0.2725,1.1134,0.1566,1,0.08354,0.5118,0.7957,0.0021,-0.1616,0,2.33052,-0.3598,-0.6148,-0.4078,0.0181,1,0.07375,0.0038,0.7576,0.8350,0.0269,0,0.10292,0.0053,0.0001
1550.5,0,0.000,5.002,0.104,1.336,52.289,40.418,46.074,0.0563,-0.5479,1.0114,-0.0058,1,0.11468,0.0905,-0.2612,0.3317,0.1115,1,0.09235,0.2199,0.2234,1.1357,0.1465,1,0.07540,0.4967,0.7923,0.0022,-0.1984,0,2.29851,-0.4719,-0.5721,-0.3787,0.0263,1,0.06416,0.0031,0.7292,0.5466,0.0096,0,0.23431,0.0072,-0.0003
1584.0,0,0.000,2.862,0.059,0.765,54.363,61.870,57.695,0.0645,-0.5873,1.0259,0.0147,1,0.11175,0.1594,-0.2612,0.3851,0.1852,1,0.09139,0.2163,0.2371,1.1477,0.1519,1,0.07059,0.4861,0.7846,0.0023,-0.2169,0,2.29269,-0.5417,-0.5714,-0.4033,0.0271,1,0.06079,0.0036,0.7254,0.3254,0.0043,0,0.44257,0.0083,-0.0005
1617.0,0,0.000,1.651,0.034,2.232,43.110,57.677,49.872,0.0556,-0.6127,1.0142,0.0123,1,0.10920,0.1907,-0.2877,0.4132,0.2429,1,0.08974,0.2131,0.2353,1.1245,0.1692,1,0.06407,0.4802,0.7705,0.0023,-0.2278,0,2.30020,-0.5745,-0.5821,-0.4365,0.0219,1,0.05878,0.0042,0.7274,0.1856,0.0028,0,0.62384,0.0093,-0.0007
1650.5,0,0.000,2.435,0.020,1.277,78.669,33.001,68.217,0.0358,-0.6168,0.9956,0.0084,1,0.10598,0.2003,-0.3179,0.4898,0.2504,1,0.08877,0.2170,0.1935,1.0711,0.2062,1,0.05640,0.4763,0.7479,0.0024,-0.2347,0,2.30165,-0.5869,-0.5870,-0.4654,0.0085,1,0.06681,0.0047,0.7281,0.1032,0.0024,0,0.74920,0.0099,-0.0008
1684.0,0,0.000,4.538,0.011,0.731,57.671,41.214,56.382,0.0052,-0.5883,0.9768,0.0135,1,0.10501,0.1983,-0.3303,0.5724,0.2113,1,0.09317,0.2601,0.2564,1.0130,0.2694,0,0.05297,0.4746,0.7213,0.0026,-0.2344,0,2.30510,-0.5814,-0.5993,-0.4848,-0.0077,1,0.07603,0.0049,0.7239,0.0662,0.0023,0,0.80729,0.0108,-0.0010
1717.0,0,0.000,5.654,0.006,0.422,65.609,23.778,48.435,-0.0367,-0.4285,0.9834,0.0435,1,0.11815,0.1896,-0.3419,0.5844,0.1963,1,0.10780,0.3293,0.3276,0.9268,0.3274,0,0.05371,0.4788,0.7012,0.0027,-0.2213,0,2.28253,-0.5435,-0.5960,-0.4867,-0.0247,1,0.06179,0.0050,0.7161,0.0586,0.0023,0,0.75288,0.0108,-0.0010
1750.5,0,0.000,3.235,0.004,0.241,37.539,35.044,38.253,0.0362,0.1188,0.9621,0.0463,0,0.37913,0.1703,-0.3730,0.5851,0.2092,1,0.11942,0.3732,0.3433,0.8218,0.3577,1,0.05482,0.4855,0.6963,0.0027,-0.1942,0,2.20197,-0.5111,-0.5617,-0.4868,-0.0411,1,0.05820,0.0050,0.7081,0.0630,0.0022,0,0.55570,0.0085,-0.0006
1784.0,0,3.383,4.010,0.997,0.138,21.478,32.605,47.949,0.0748,0.4813,0.9871,0.0416,0,0.68188,0.1839,-0.3882,0.5701,0.2035,1,0.12363,0.4000,0.3530,0.7059,0.3402,1,0.06670,0.4938,0.7210,0.0028,-0.1580,0,2.09207,-0.4367,-0.5067,-0.4645,-0.0550,1,0.05152,0.0050,0.7041,0.0655,0.0021,0,0.36967,0.0052,-0.0002
1817.0,0,1.952,7.362,0.575,1.212,46.627,48.375,54.449,0.0753,0.6292,1.0083,0.0170,0,0.77789,0.2270,-0.3869,0.5684,0.1779,1,0.10474,0.4073,0.4230,0.5849,0.2903,1,0.08101,0.4999,0.7469,0.0028,-0.1201,0,1.94135,-0.3411,-0.4360,-0.4294,-0.0745,1,0.04111,0.0049,0.6998,0.0852,0.0020,0,0.16901,0.0018,0.0002
1850.5,0,1.117,6.757,1.596,0.694,52.217,40.026,49.832,0.0591,0.6746,1.0156,-0.0148,0,0.76488,0.2697,-0.3519,0.5671,0.1370,1,0.09344,0.3778,0.4746,0.4422,0.2282,1,0.08780,0.5042,0.7605,0.0029,-0.0850,0,1.89701,-0.2390,-0.4049,-0.3685,-0.0821,1,0.04451,-0.0180,0.7444,0.2571,-0.0321,0,0.08105,-0.0006,0.0004
1884.0,0,0.639,7.188,0.913,0.397,43.636,36.321,41.989,0.0350,0.7006,1.0085,-0.0344,0,0.74615,0.2875,-0.2971,0.4974,0.0978,1,0.09101,0.3178,0.4966,0.2960,0.1584,1,0.08784,0.5089,0.7636,0.0029,-0.0568,0,1.96938,-0.1548,-0.4477,-0.3191,-0.0731,1,0.05160,-0.0452,0.8170,0.5455,-0.0904,0,0.08052,-0.0002,0.0005
1917.0,0,0.369,8.827,0.527,0.229,38.822,37.076,45.315,0.0215,0.7274,0.9989,-0.0289,0,0.77606,0.2776,-0.2442,0.3954,0.1174,1,0.09148,0.2406,0.5312,0.1988,0.0980,0,0.08734,0.5119,0.7633,0.0029,-0.0366,0,2.06274,-0.1250,-0.4981,-0.2864,-0.0631,1,0.06889,-0.0438,0.8502,0.7553,-0.1168,1,0.08010,0.0017,0.0003
1950.5,0,0.211,8.892,0.302,0.131,22.212,21.213,32.637,0.1040,0.7361,0.9968,-0.0196,0,0.89836,0.2444,-0.1975,0.2841,0.1666,1,0.09325,0.1661,0.5540,0.1380,0.0540,1,0.08214,0.5125,0.7614,0.0029,-0.0225,0,2.16365,-0.2059,-0.5302,-0.2819,-0.0541,1,0.06770,-0.0390,0.8445,0.8797,-0.1165,1,0.08095,0.0035,0.0000
1984.0,0,0.121,6.278,0.173,0.075,29.376,24.280,32.959,0.1981,0.7163,1.0110,-0.0329,0,1.01487,0.1954,-0.1757,0.1851,0.2238,1,0.09465,0.1072,0.5413,0.0957,0.0299,1,0.08144,0.5075,0.7579,0.0027,-0.0550,0,2.25219,-0.3228,-0.5357,-0.2828,-0.0506,1,0.06975,-0.0486,0.8122,0.9444,-0.1073,1,0.08591,0.0052,-0.0002
2017.0,0,0.070,5.725,0.100,0.043,70.460,26.668,51.631,0.2292,0.5924,1.0270,-0.0565,0,0.98065,0.1609,-0.1879,0.1321,0.3201,1,0.09711,0.0698,0.5298,0.1883,0.0115,1,0.08260,0.4952,0.7518,0.0026,-0.1174,0,2.27482,-0.3951,-0.5218,-0.3071,-0.0565,1,0.06957,-0.0589,0.7826,0.9561,-0.1043,1,0.08613,0.0059,-0.0003
2050.5,0,0.040,4.172,1.881,0.025,83.167,38.955,62.429,0.2079,0.2514,1.0309,-0.0789,0,0.72730,0.1587,-0.2294,0.1234,0.3804,1,0.09698,0.0827,0.5820,0.4853,-0.0134,1,0.08161,0.4786,0.7405,0.0025,-0.1727,0,2.25682,-0.4413,-0.5038,-0.3553,-0.0576,1,0.06927,-0.0581,0.7732,0.9341,-0.0945,1,0.08584,0.0058,-0.0003
2084.0,0,0.023,2.387,1.076,0.014,57.694,61.548,60.199,0.1626,-0.1280,1.0246,-0.0985,0,0.45135,0.1495,-0.2653,0.1191,0.3733,1,0.09692,0.1417,0.6070,0.7090,-0.0068,1,0.08702,0.4632,0.7267,0.0026,-0.2068,0,2.25394,-0.4703,-0.4950,-0.3807,-0.0567,1,0.07036,-0.0511,0.7828,0.8963,-0.0577,1,0.08996,0.0052,-0.0002
2117.0,0,0.013,5.137,0.621,0.008,56.679,77.806,67.303,0.1158,-0.3589,1.0144,-0.1131,0,0.29138,0.1284,-0.2871,0.1146,0.3234,1,0.09625,0.1988,0.5801,0.8427,0.0193,1,0.09203,0.4612,0.7153,0.0027,-0.2221,0,2.24066,-0.4856,-0.4847,-0.3819,-0.0638,1,0.06262,-0.0369,0.7850,0.7982,-0.0119,1,0.09163,0.0046,-0.0003
2150.5,0,0.008,7.677,0.355,0.005,32.430,64.911,48.413,0.0760,-0.4790,1.0027,-0.1117,0,0.16640,0.1282,-0.2878,0.1382,0.2533,1,0.09528,0.2463,0.5231,0.9355,0.0523,1,0.09192,0.4745,0.7087,0.0027,-0.2204,0,2.17789,-0.4920,-0.4547,-0.3532,-0.0806,1,0.05965,-0.0157,0.7531,0.6017,0.0042,0,0.09001,0.0038,-0.0001
2184.0,0,0.004,8.874,0.203,0.003,18.555,47.856,33.014,0.0631,-0.5172,1.0045,-0.0956,1,0.11627,0.1499,-0.2952,0.2786,0.1939,1,0.10800,0.2726,0.4535,1.0219,0.0894,1,0.09075,0.4915,0.7129,0.0027,-0.2011,0,2.10700,-0.4898,-0.4410,-0.3346,-0.1001,1,0.05227,-0.0044,0.7222,0.4052,0.0030,0,0.08582,0.0022,0.0001
2217.0,0,0.002,7.247,0.117,0.002,26.297,50.818,45.223,0.0768,-0.5265,1.0247,-0.0676,1,0.11743,0.1714,-0.3172,0.4118,0.1480,1,0.11758,0.2836,0.3896,1.0910,0.1114,1,0.09120,0.5059,0.7336,0.0027,-0.1692,0,2.07951,-0.4630,-0.4641,-0.3515,-0.1061,1,0.05273,0.0013,0.7043,0.2639,0.0020,0,0.11596,0.0011,0.0003
2250.5,0,0.001,7.867,0.067,0.001,15.046,40.531,39.683,0.0816,-0.5223,1.0311,-0.0381,1,0.11682,0.1803,-0.3231,0.4745,0.1483,1,0.11608,0.2840,0.3186,1.1286,0.1127,1,0.08683,0.5161,0.7607,0.0026,-0.1312,0,2.08193,-0.4019,-0.5055,-0.3943,-0.0994,1,0.05150,0.0037,0.6882,0.1744,0.0018,0,0.16711,0.0011,0.0003
2284.0,0,0.001,6.596,0.038,0.001,8.609,48.122,35.067,0.0635,-0.4919,1.0074,0.0102,1,0.11754,0.1681,-0.2933,0.4622,0.2307,1,0.11083,0.2727,0.2445,1.1301,0.1069,1,0.08383,0.5227,0.7792,0.0025,-0.1181,0,2.10460,-0.3204,-0.5437,-0.4271,-0.0909,1,0.05657,0.0046,0.6657,0.1280,0.0018,0,0.20899,0.0014,0.0003
2317.0,0,0.000,8.894,0.022,0.000,4.967,41.755,33.447,0.0312,-0.4367,0.9554,0.0784,1,0.11789,0.1397,-0.2642,0.4039,0.3020,1,0.10052,0.2568,0.1779,1.1009,0.1049,1,0.07983,0.5256,0.7884,0.0024,-0.1266,0,2.13164,-0.2529,-0.5698,-0.4326,-0.0846,1,0.05683,0.0048,0.6425,0.1120,0.0018,0,0.23552,0.0019,0.0002
2350.5,0,0.000,8.665,0.013,0.000,51.397,34.607,56.860,-0.0105,-0.2384,0.9160,0.1174,0,0.12930,0.1755,-0.2912,0.3295,0.3444,1,0.09324,0.2624,0.1076,1.0511,0.1219,1,0.07076,0.5228,0.7928,0.0023,-0.1241,0,2.13402,-0.2234,-0.5774,-0.4297,-0.0815,1,0.05703,0.0036,0.6349,0.3441,0.0004,1,0.08423,0.0026,0.0001
2384.0,0,0.000,8.389,0.007,0.000,44.999,29.416,40.264,0.0663,0.1641,0.9293,0.1222,0,0.37322,0.2518,-0.3378,0.2393,0.3511,1,0.08871,0.2689,0.0463,0.9555,0.1474,1,0.06281,0.5156,0.7940,0.0025,-0.1045,0,2.21053,-0.2359,-0.6171,-0.4157,-0.0695,1,0.06038,-0.0119,0.6984,0.6708,-0.0375,1,0.08654,0.0045,-0.0001
2417.0,0,0.000,12.853,1.190,0.000,36.501,55.684,47.652,0.1582,0.4204,1.0008,0.1267,0,0.63985,0.2857,-0.3569,0.1358,0.3134,1,0.09059,0.2913,0.1972,0.8567,0.1865,1,0.06809,0.5110,0.7938,0.0025,-0.0875,0,2.31202,-0.2813,-0.6493,-0.3804,-0.0536,1,0.06657,-0.0147,0.7296,0.8951,-0.0456,1,0.09225,0.0072,-0.0005
2450.5,0,0.000,8.297,0.681,0.000,56.683,48.389,53.211,0.1946,0.4670,1.0443,0.1056,0,0.80746,0.2810,-0.3641,0.0401,0.2550,1,0.10752,0.2867,0.4217,0.7377,0.2130,1,0.07762,0.5089,0.7931,0.0023,-0.1041,0,2.40103,-0.3501,-0.6553,-0.3347,-0.0324,1,0.07498,-0.0154,0.7306,1.0262,-0.0316,1,0.09920,0.0087,-0.0007
2484.0,0,0.000,4.747,0.389,1.662,85.870,65.214,75.254,0.1763,0.3031,1.0518,0.0759,0,0.78698,0.2579,-0.3679,-0.0206,0.2141,1,0.11655,0.2492,0.5527,0.6068,0.2155,1,0.08482,0.5028,0.7901,0.0020,-0.1449,0,2.43855,-0.4097,-0.6367,-0.2822,-0.0193,1,0.07827,-0.0143,0.7083,1.0923,-0.0161,0,0.10391,0.0091,-0.0008
2517.0,0,0.000,5.403,0.225,0.959,75.131,37.625,56.105,0.1361,-0.0029,1.0389,0.0385,0,0.62797,0.2145,-0.3649,-0.0198,0.1801,1,0.11767,0.2001,0.5983,0.4818,0.1963,1,0.09096,0.4920,0.7831,0.0017,-0.1823,0,2.43971,-0.4452,-0.6121,-0.2618,-0.0179,1,0.07802,-0.0161,0.6831,1.1104,-0.0096,1,0.10452,0.0091,-0.0008
2550.5,0,0.000,5.476,0.129,0.549,69.487,31.387,66.659,0.0937,-0.2483,1.0110,-0.0088,0,0.46829,0.1763,-0.3727,0.1171,0.1329,1,0.12376,0.1559,0.5938,0.3915,0.1771,1,0.09393,0.4813,0.7707,0.0017,-0.2066,0,2.42121,-0.4718,-0.5937,-0.3064,-0.0295,1,0.07489,-0.0221,0.6945,1.0904,-0.0133,1,0.10371,0.0085,-0.0007
2584.0,0,0.000,11.098,0.074,0.314,87.107,54.491,87.898,0.0594,-0.3829,0.9665,-0.0433,0,0.33061,0.1603,-0.3738,0.3028,0.0847,1,0.12359,0.1251,0.6326,0.3346,0.1639,1,0.09523,0.4744,0.7548,0.0018,-0.2183,0,2.38713,-0.4901,-0.5983,-0.3804,-0.0447,1,0.06979,-0.0257,0.7405,1.0420,-0.0117,1,0.09977,0.0083,-0.0007
2617.0,0,0.000,6.403,0.042,0.181,50.256,81.844,70.845,0.0353,-0.4563,0.9087,-0.0410,0,0.19770,0.1673,-0.3625,0.4638,0.0691,1,0.11302,0.0951,0.6719,0.2638,0.1337,1,0.09458,0.4737,0.7392,0.0019,-0.2212,0,2.32910,-0.4915,-0.6113,-0.4467,-0.0580,1,0.06262,-0.0210,0.7927,0.9653,0.0051,1,0.09547,-0.0349,-0.0006
2650.5,0,3.383,6.357,1.079,0.104,43.100,66.718,71.050,0.0283,-0.4568,0.8931,0.0276,1,0.11452,0.1781,-0.3402,0.5883,0.0991,1,0.09951,0.0766,0.6425,0.1400,0.0738,1,0.08557,0.4779,0.7262,0.0022,-0.2156,0,2.22708,-0.4781,-0.6063,-0.5119,-0.0691,1,0.05208,-0.0059,0.8153,0.8057,0.0156,1,0.08944,-0.0691,-0.0005
2684.0,0,1.936,8.144,0.618,0.059,37.749,80.821,67.966,0.0481,-0.4088,0.9376,0.1194,1,0.11536,0.1774,-0.3273,0.6457,0.1476,1,0.09220,0.0991,0.5688,0.0550,0.0316,1,0.07688,0.4832,0.7170,0.0023,-0.2005,0,2.11722,-0.4396,-0.5728,-0.5280,-0.0801,1,0.04823,0.0092,0.8017,0.6017,0.0182,1,0.08529,-0.0723,-0.0002
2717.0,0,1.117,7.773,0.356,0.034,21.779,73.256,59.247,0.1022,-0.3449,1.0155,0.1490,1,0.11566,0.2120,-0.3204,0.6606,0.1888,1,0.09143,0.1433,0.4961,0.0064,0.0039,1,0.07168,0.4895,0.7067,0.0025,-0.1740,0,1.99572,-0.3707,-0.5295,-0.5055,-0.0924,1,0.03996,0.0096,0.7812,0.4054,0.0153,1,0.08027,-0.0597,0.0001
2750.5,0,0.639,9.400,0.204,1.314,74.107,52.108,69.336,0.1469,-0.2880,1.0754,0.1276,1,0.11570,0.2764,-0.3507,0.6170,0.2158,1,0.09010,0.1884,0.4615,-0.0113,-0.0041,1,0.07133,0.4978,0.6938,0.0028,-0.1384,0,1.90048,-0.2789,-0.4954,-0.4881,-0.0949,1,0.04187,0.0054,0.7423,0.2365,0.0067,0,0.08357,-0.0438,0.0003
2784.0,0,0.366,8.078,0.117,0.752,55.167,41.957,57.993,0.1580,-0.2396,1.0850,0.0943,1,0.11500,0.3407,-0.4129,0.5397,0.2279,1,0.08857,0.2187,0.4370,-0.0280,0.0178,1,0.07160,0.5071,0.7029,0.0030,-0.1020,0,1.85415,-0.1915,-0.4896,-0.5020,-0.0911,1,0.04343,0.0051,0.7187,0.1487,0.0035,0,0.11734,-0.0298,0.0004
2817.0,0,0.211,6.948,0.067,0.434,31.828,36.972,39.789,0.1457,-0.1942,1.0541,0.0927,1,0.11438,0.3721,-0.4701,0.4499,0.2641,1,0.08925,0.2321,0.4606,0.2470,0.0057,1,0.07123,0.5155,0.7309,0.0031,-0.0708,0,1.75311,-0.1298,-0.4506,-0.5318,-0.0951,1,0.04516,0.0003,0.7207,0.1107,0.0006,0,0.08079,-0.0203,0.0006
2850.5,0,0.121,8.634,1.050,1.532,18.211,32.705,28.493,0.0899,0.0219,0.9989,0.1079,0,0.12929,0.3927,-0.4874,0.3963,0.2889,1,0.08921,0.2702,0.4892,0.5694,-0.0065,1,0.07345,0.5199,0.7529,0.0032,-0.0493,0,1.59728,-0.1597,-0.3913,-0.5688,-0.1128,1,0.04735,-0.0172,0.7603,0.0847,-0.0094,0,0.08012,-0.0154,0.0008
2884.0,0,0.069,5.882,1.990,0.876,10.420,48.688,37.820,0.0968,0.3102,1.0203,0.1384,0,0.34486,0.3339,-0.4601,0.3526,0.2638,1,0.08921,0.3006,0.4959,0.7400,-0.0055,1,0.07435,0.5199,0.7651,0.0033,-0.0680,0,1.60752,-0.3072,-0.3661,-0.5583,-0.1227,1,0.04525,-0.0193,0.7660,0.0753,-0.0113,1,0.07956,-0.0124,0.0012
2917.0,0,0.040,3.394,1.148,0.506,52.123,38.629,49.910,0.1269,0.4382,1.0642,0.1455,0,0.55424,0.1503,-0.4313,0.3024,0.2097,1,0.09062,0.2992,0.5020,0.8351,-0.0009,1,0.08018,0.5133,0.7708,0.0031,-0.1204,0,1.74954,-0.4342,-0.3675,-0.5020,-0.1170,1,0.04090,-0.0104,0.7444,0.0726,-0.0070,0,0.08151,-0.0096,0.0012
2950.5,0,0.023,4.917,2.680,0.289,39.764,50.563,47.498,0.1312,0.3856,1.0861,0.1180,0,0.64797,-0.0435,-0.4024,0.2460,0.1707,1,0.09247,0.2839,0.4946,0.9027,-0.0033,1,0.08669,0.5001,0.7712,0.0028,-0.1732,0,1.90043,-0.5047,-0.3709,-0.4203,-0.1011,1,0.05195,-0.0007,0.7159,0.0709,-0.0013,0,0.10938,-0.0072,0.0011
2984.0,0,0.013,2.813,2.554,0.166,70.627,55.883,64.280,0.1322,0.1846,1.0781,0.0804,0,0.61517,-0.1453,-0.3820,0.1939,0.1560,1,0.09347,0.2634,0.4495,0.9482,-0.0109,1,0.08999,0.4847,0.7674,0.0024,-0.2085,0,2.02198,-0.5355,-0.3847,-0.3437,-0.0873,1,0.04637,0.0028,0.6995,0.0804,0.0008,0,0.17387,-0.0043,0.0009
3017.0,0,0.008,1.623,1.473,0.095,40.748,32.242,45.214,0.1208,-0.0090,1.0482,0.0786,0,0.54228,-0.1706,-0.3714,0.1606,0.1458,1,0.09422,0.2380,0.3885,0.9742,-0.0116,1,0.09022,0.4640,0.7602,0.0022,-0.2276,0,2.10553,-0.5445,-0.3863,-0.2904,-0.0815,1,0.05932,0.0036,0.6822,0.2033,0.0014,0,0.12982,-0.0021,0.0006
3050.5,0,0.004,0.929,0.843,0.055,49.940,43.775,56.801,0.1288,-0.1229,1.0174,0.1126,0,0.52079,-0.1568,-0.3557,0.1229,0.1890,1,0.09447,0.2204,0.4237,0.9823,0.0074,1,0.09119,0.4514,0.7491,0.0021,-0.2365,0,2.19426,-0.5432,-0.4004,-0.2476,-0.0732,1,0.06137,0.0003,0.6786,0.3997,-0.0058,1,0.08778,-0.0001,0.0004
3084.0,0,0.002,0.531,0.482,0.031,68.309,25.046,51.969,0.1526,-0.1623,1.0286,0.1303,0,0.53970,-0.1128,-0.3496,0.0732,0.2300,1,0.09579,0.2030,0.4522,0.9461,0.0369,1,0.09234,0.4597,0.7349,0.0021,-0.2360,0,2.25903,-0.5327,-0.4091,-0.2261,-0.0665,1,0.06550,-0.0028,0.6854,0.5328,-0.0143,0,0.09108,-0.0395,0.0002
3117.0,0,0.001,3.137,1.299,0.018,64.523,41.529,60.792,0.1620,-0.1624,1.0522,0.0966,0,0.55267,-0.0449,-0.3514,0.0542,0.2847,1,0.10813,0.1887,0.4180,0.8753,0.0790,1,0.08866,0.4739,0.7217,0.0021,-0.2276,0,2.28987,-0.5200,-0.4184,-0.2415,-0.0632,1,0.07038,-0.0006,0.6770,0.5706,-0.0109,0,0.09298,-0.0701,0.0001
3150.5,0,0.001,5.568,2.021,0.010,63.766,23.761,48.039,0.1465,-0.1795,1.0578,0.0338,0,0.50703,0.0345,-0.3657,0.1005,0.3144,1,0.12142,0.2009,0.3498,0.7803,0.1282,1,0.08721,0.4865,0.7147,0.0021,-0.2128,0,2.27970,-0.5076,-0.4263,-0.2790,-0.0656,1,0.06869,0.0009,0.6653,0.5325,-0.0027,1,0.09180,-0.0705,0.0002
3184.0,0,0.000,5.606,1.156,0.006,107.242,64.904,88.013,0.1153,-0.1893,1.0460,-0.0112,0,0.42374,0.0991,-0.3746,0.1970,0.3055,1,0.11931,0.2395,0.3317,0.6614,0.1605,1,0.08390,0.4976,0.7191,0.0022,-0.1876,0,2.22864,-0.4908,-0.4311,-0.2944,-0.0753,1,0.06654,0.0001,0.6504,0.4393,0.0003,0,0.08950,-0.0561,0.0002
3217.0,0,0.000,7.564,0.667,0.003,115.381,52.909,84.921,0.1015,-0.1208,1.0384,-0.0272,0,0.40007,0.1391,-0.3959,0.2994,0.2738,1,0.10871,0.2701,0.3762,0.5419,0.1693,1,0.08292,0.5088,0.7350,0.0023,-0.1580,0,2.15710,-0.4573,-0.4168,-0.2397,-0.0904,1,0.05442,0.0001,0.6339,0.3256,0.0008,0,0.08472,-0.0400,0.0002
3250.5,0,0.000,4.328,0.382,0.002,66.017,76.634,71.485,0.1061,0.2586,1.0466,-0.0326,0,0.59951,0.1665,-0.4165,0.3718,0.2563,1,0.09246,0.2846,0.4031,0.4285,0.1576,1,0.08495,0.5173,0.7521,0.0023,-0.1303,0,2.08709,-0.4051,-0.4016,-0.2027,-0.1029,1,0.05678,-0.0007,0.6115,0.2175,0.0004,1,0.08028,-0.0261,0.0002
3284.0,0,0.000,5.107,0.218,1.734,96.790,43.847,78.227,0.1076,0.5441,1.0557,-0.0440,0,0.75306,0.1961,-0.4291,0.4227,0.2867,1,0.09131,0.2816,0.3853,0.3131,0.1217,1,0.08222,0.5218,0.7626,0.0024,-0.1065,0,2.01009,-0.3425,-0.4035,-0.2693,-0.1035,1,0.05860,-0.0032,0.5919,0.1356,-0.0035,1,0.07622,-0.0167,0.0003
3317.0,0,0.000,7.605,1.321,1.000,65.868,66.607,65.617,0.1193,0.6630,1.0589,-0.0607,0,0.76857,0.2552,-0.4238,0.4708,0.3416,1,0.08950,0.2689,0.3644,0.2099,0.0780,0,0.08102,0.5243,0.7675,0.0025,-0.0826,0,1.91258,-0.2642,-0.4169,-0.3527,-0.1022,1,0.04119,-0.0090,0.5832,0.0739,-0.0147,1,0.07276,-0.0106,0.0004
3350.5,0,0.000,9.481,0.756,0.572,37.687,54.501,53.402,0.1425,0.7128,1.0606,-0.0780,0,0.69391,0.3490,-0.3881,0.5988,0.3531,1,0.08600,0.2534,0.3692,0.1494,0.0409,1,0.07291,0.5265,0.7723,0.0027,-0.0588,0,1.76784,-0.1858,-0.4066,-0.4239,-0.0997,1,0.04486,-0.0138,0.6145,0.0293,-0.0293,1,0.06991,-0.0070,0.0005
3384.0,0,0.000,10.729,1.296,0.327,21.563,42.356,36.094,0.1501,0.7396,1.0599,-0.0913,0,0.62660,0.4351,-0.3574,0.6898,0.3292,1,0.08280,0.2407,0.3832,0.2051,0.0026,1,0.06936,0.5281,0.7787,0.0030,-0.0754,0,1.64356,-0.1367,-0.3901,-0.4938,-0.1052,1,0.04770,-0.0164,0.6697,0.0188,-0.0364,1,0.06813,-0.0052,0.0007
3417.0,0,0.000,10.398,0.748,0.189,12.441,51.370,39.765,0.1456,0.7507,1.0560,-0.1009,0,0.60851,0.4771,-0.3252,0.7265,0.2975,1,0.08164,0.2309,0.3755,0.2452,-0.0033,1,0.06703,0.5240,0.7843,0.0031,-0.1169,0,1.60846,-0.2200,-0.3804,-0.5296,-0.1135,1,0.04803,-0.0163,0.7008,0.0256,-0.0360,1,0.06844,-0.0045,0.0008
3450.5,0,0.000,9.136,0.428,0.108,44.777,29.392,49.759,0.1582,0.7479,1.0546,-0.1099,0,0.63982,0.4553,-0.3221,0.7186,0.2597,1,0.08199,0.2232,0.3950,0.4163,-0.0258,1,0.06054,0.5132,0.7859,0.0031,-0.1600,0,1.59749,-0.3752,-0.3788,-0.5681,-0.1261,1,0.04691,-0.0188,0.7278,0.0325,-0.0341,1,0.06921,-0.0041,0.0008
3484.0,0,0.000,6.234,2.374,0.062,85.646,69.280,79.170,0.1768,0.7324,1.0588,-0.1188,0,0.77948,0.2940,-0.3480,0.6366,0.2130,1,0.08583,0.2220,0.4175,0.6145,-0.0230,1,0.06767,0.5002,0.7830,0.0031,-0.1930,0,1.69836,-0.4788,-0.3830,-0.5337,-0.1261,1,0.04306,-0.0170,0.7315,0.0507,-0.0249,1,0.07246,-0.0039,0.0008
3517.0,0,0.000,3.597,1.369,0.036,49.414,52.951,52.113,0.1740,0.6970,1.0592,-0.1221,0,0.91930,0.0870,-0.3298,0.5240,0.1816,1,0.09016,0.2076,0.4350,0.7417,0.0035,1,0.07474,0.4841,0.7766,0.0028,-0.2138,0,1.84830,-0.5292,-0.3882,-0.4512,-0.1158,1,0.03898,-0.0114,0.7044,0.0679,-0.0139,0,0.07589,-0.0031,0.0009
3550.5,0,0.000,2.985,0.784,0.020,40.116,43.062,47.422,0.1670,0.6973,1.0500,-0.1179,0,1.05596,-0.0645,-0.3005,0.4029,0.1884,1,0.09298,0.2050,0.4603,0.8362,0.0422,1,0.08204,0.4673,0.7655,0.0025,-0.2267,0,2.00152,-0.5416,-0.3996,-0.3609,-0.1083,1,0.04460,-0.0078,0.6776,0.1504,-0.0129,0,0.07785,-0.0019,0.0006
3584.0,0,0.000,5.788,0.448,0.012,50.411,24.638,40.749,0.1502,0.7161,1.0406,-0.1101,0,1.14021,-0.1443,-0.2775,0.3019,0.2015,1,0.09422,0.2101,0.4568,0.9042,0.0758,1,0.08764,0.4528,0.7489,0.0023,-0.2332,0,2.14583,-0.5397,-0.4388,-0.3351,-0.0918,1,0.05964,-0.0143,0.6893,0.3774,-0.0287,1,0.08231,-0.0000,0.0004
3617.0,0,0.000,4.792,1.271,0.007,64.122,14.215,40.883,0.1253,0.7140,1.0374,-0.1013,0,1.12186,-0.1604,-0.2545,0.2435,0.1924,1,0.09358,0.2176,0.4010,0.9892,0.1236,1,0.08854,0.4486,0.7282,0.0022,-0.2306,0,2.26086,-0.5228,-0.4993,-0.3654,-0.0656,1,0.06640,-0.0166,0.6946,0.6169,-0.0411,1,0.08789,0.0026,-0.0000
3650.5,0,0.000,7.881,3.683,1.722,114.155,8.133,68.978,0.0991,0.6730,1.0405,-0.0882,0,0.94951,-0.0970,-0.2010,0.2466,0.1743,1,0.09063,0.2076,0.3157,1.0864,0.1789,1,0.07964,0.4563,0.7123,0.0022,-0.2136,0,2.32379,-0.4823,-0.5480,-0.3810,-0.0359,1,0.06929,-0.0104,0.6849,0.7853,-0.0333,1,0.09103,0.0059,-0.0004
3684.0,0,0.000,5.452,2.107,0.985,65.315,30.749,52.406,0.0729,0.5821,1.0369,-0.0809,0,0.74548,-0.0115,-0.1672,0.2481,0.2306,1,0.08737,0.2101,0.2645,1.1149,0.1915,1,0.07112,0.4689,0.7071,0.0023,-0.1830,0,2.31876,-0.4279,-0.5741,-0.3938,-0.0204,1,0.06830,-0.0029,0.6694,0.8305,-0.0290,0,0.09056,0.0088,-0.0008
3717.0,0,0.000,3.145,1.216,0.568,37.684,17.741,38.097,0.0496,0.4516,1.0157,-0.0718,0,0.55557,0.0550,-0.1354,0.2553,0.3170,1,0.08458,0.2196,0.2162,1.1209,0.1945,1,0.06315,0.4820,0.7104,0.0024,-0.1457,0,2.29157,-0.3640,-0.5964,-0.4114,-0.0128,1,0.06472,0.0065,0.6320,0.8028,-0.0198,1,0.08871,0.0106,-0.0010
3750.5,0,0.000,3.265,0.696,0.325,52.754,23.349,50.233,0.0310,0.4742,0.9910,-0.0564,0,0.45821,0.1213,-0.1380,0.3134,0.3703,1,0.07852,0.2263,0.1463,1.1232,0.2033,1,0.05095,0.4930,0.7198,0.0025,-0.1076,0,2.23964,-0.3010,-0.6239,-0.4467,-0.0102,1,0.06589,0.0101,0.5785,0.7291,-0.0065,1,0.08571,0.0120,-0.0012
3784.0,0,0.000,7.016,0.398,0.186,65.671,42.595,60.614,0.0278,0.5701,0.9894,-0.0378,0,0.41832,0.1810,-0.1802,0.4023,0.3607,1,0.07220,0.2442,0.0607,1.1086,0.2232,1,0.03572,0.5013,0.7398,0.0026,-0.0745,0,2.16763,-0.2456,-0.6437,-0.4792,-0.0149,1,0.06467,0.0125,0.5231,0.6010,0.0015,1,0.08256,0.0130,-0.0013
3817.0,0,0.000,9.159,0.230,1.884,59.871,56.483,61.375,0.0767,0.6038,1.0085,-0.0228,0,0.41186,0.2395,-0.2415,0.4730,0.3107,1,0.06809,0.2791,0.0426,1.0718,0.2440,1,0.02609,0.5081,0.7607,0.0027,-0.0493,0,2.14994,-0.2225,-0.6811,-0.4876,-0.0201,1,0.06336,0.0060,0.5219,0.4432,0.0017,0,0.20562,0.0138,-0.0014
3850.5,0,0.000,8.745,0.131,1.078,34.256,73.631,62.482,0.1201,0.4777,1.0301,-0.0294,0,0.33367,0.3025,-0.2821,0.5015,0.2543,1,0.06271,0.3345,0.1888,1.0215,0.2854,1,0.02164,0.5122,0.7736,0.0026,-0.0494,0,2.20965,-0.3085,-0.7506,-0.4825,-0.0185,1,0.08015,0.0040,0.5688,0.2995,0.0019,0,0.57072,0.0154,-0.0017
3884.0,0,0.000,5.003,0.075,1.827,31.947,42.129,41.872,0.1295,0.1221,1.0365,-0.0523,0,0.18174,0.3622,-0.3088,0.4906,0.2306,1,0.06590,0.3772,0.3103,0.9668,0.3283,1,0.01982,0.5066,0.7782,0.0023,-0.0883,0,2.25457,-0.4183,-0.8049,-0.4857,-0.0166,1,0.09366,0.0035,0.6172,0.1961,0.0021,0,0.93025,0.0188,-0.0021
3917.0,0,0.000,2.887,0.043,1.054,18.432,34.084,29.006,0.1276,-0.2298,1.0291,-0.0794,0,0.13187,0.3897,-0.3141,0.4449,0.2450,1,0.07373,0.3866,0.3447,0.9085,0.3584,1,0.02584,0.4912,0.7775,0.0020,-0.1367,0,2.30073,-0.4760,-0.8166,-0.4849,-0.0095,1,0.09826,0.0034,0.6434,0.1379,0.0022,0,1.10513,0.0212,-0.0024
3950.5,0,0.000,2.756,1.116,0.603,22.389,88.632,69.295,0.1117,-0.4347,1.0093,-0.0897,0,0.14334,0.3795,-0.3078,0.3974,0.2482,1,0.07436,0.3778,0.3787,0.8509,0.3854,1,0.02502,0.4740,0.7743,0.0017,-0.1759,0,2.35001,-0.5001,-0.8130,-0.4658,-0.0048,1,0.10289,0.0034,0.6559,0.1010,0.0022,0,1.18934,0.0222,-0.0026
3984.0,0,0.000,3.778,0.638,1.536,25.576,73.545,57.300,0.0850,-0.5247,0.9708,-0.0650,0,0.16394,0.3334,-0.2956,0.3628,0.2295,1,0.07517,0.3533,0.3945,0.7959,0.4096,1,0.02408,0.4658,0.7691,0.0016,-0.1986,0,2.39734,-0.5068,-0.7931,-0.4366,-0.0092,1,0.10341,0.0034,0.6650,0.0723,0.0022,0,1.19790,0.0221,-0.0026
4017.0,0,0.000,4.417,0.368,0.886,39.529,62.656,67.798,0.0584,-0.5502,0.9263,-0.0310,0,0.18958,0.2457,-0.2895,0.3221,0.1991,1,0.07456,0.3170,0.3697,0.7439,0.4223,1,0.02371,0.4688,0.7656,0.0015,-0.2018,0,2.43963,-0.5036,-0.7628,-0.4057,-0.0169,1,0.10109,0.0036,0.6700,0.0534,0.0021,0,1.14306,0.0211,-0.0025
4050.5,0,0.000,5.136,0.211,0.507,36.263,58.200,56.454,0.0362,-0.5272,0.8837,0.0071,0,0.26576,0.0750,-0.2705,0.2549,0.1968,1,0.08303,0.2721,0.3281,0.6893,0.4188,1,0.02628,0.4818,0.7639,0.0014,-0.1988,0,2.48010,-0.4946,-0.7331,-0.3731,-0.0237,1,0.09303,0.0035,0.6729,0.3121,0.0020,0,0.75501,0.0220,-0.0020
4084.0,0,0.000,2.938,0.121,0.290,56.613,62.953,73.121,0.0199,-0.4638,0.8438,0.0545,0,0.36846,-0.0772,-0.2556,0.1787,0.1897,1,0.09066,0.2353,0.2900,0.6448,0.4047,1,0.03250,0.4975,0.7677,0.0012,-0.1895,0,2.49328,-0.4747,-0.7100,-0.3467,-0.0232,1,0.08229,0.0027,0.6743,0.7088,0.0017,0,0.34785,-0.0094,-0.0342
4117.0,0,0.000,4.208,0.070,0.167,42.359,67.775,57.784,0.0211,-0.0769,0.8721,0.0959,0,0.62429,-0.1539,-0.2435,0.1231,0.1639,1,0.09416,0.2125,0.2387,0.6104,0.3875,1,0.03629,0.5087,0.7748,0.0010,-0.1682,0,2.48917,-0.4418,-0.6990,-0.3234,-0.0179,1,0.08353,0.0018,0.6685,0.9456,0.0011,0,0.20773,-0.0346,-0.0580
4150.5,0,0.000,7.078,0.040,0.096,39.570,68.425,61.539,0.0198,0.3806,0.9396,0.1209,0,0.88245,-0.1531,-0.2251,0.0821,0.1684,1,0.09518,0.2056,0.1771,0.5862,0.3724,1,0.03727,0.5166,0.7817,0.0010,-0.1365,0,2.47758,-0.3942,-0.6982,-0.2977,-0.0159,1,0.08482,0.0012,0.6431,1.0400,0.0006,0,0.15653,-0.0366,-0.0573
4184.0,0,0.000,6.032,0.023,1.450,44.343,49.175,50.779,0.0310,0.6089,0.9925,0.1086,0,0.96601,-0.0630,-0.2039,0.0557,0.1991,1,0.09465,0.2233,0.1803,0.5839,0.3690,1,0.03861,0.5218,0.7867,0.0010,-0.1023,0,2.46853,-0.3336,-0.7127,-0.2644,-0.0164,1,0.08515,0.0010,0.6137,1.0485,0.0004,0,0.12901,-0.0274,-0.0455
4217.0,0,0.000,3.480,0.013,0.836,25.584,67.630,48.763,0.0682,0.6985,1.0274,0.0623,0,0.95065,0.0800,-0.1775,0.0662,0.2271,1,0.09221,0.2640,0.2010,0.5935,0.3734,1,0.03758,0.5255,0.7904,0.0011,-0.0722,0,2.45373,-0.2694,-0.7311,-0.2446,-0.0151,1,0.08475,0.0009,0.5991,0.9960,0.0003,0,0.11592,-0.0160,-0.0325
4250.5,0,0.000,5.012,0.008,0.479,41.643,38.695,46.649,0.0769,0.7368,1.0484,0.0074,0,0.85810,0.2143,-0.1736,0.1650,0.2246,1,0.08803,0.3171,0.1873,0.6137,0.3850,1,0.03125,0.5279,0.7937,0.0013,-0.0508,0,2.41855,-0.2256,-0.7251,-0.2283,-0.0229,1,0.08153,0.0011,0.6128,0.8762,0.0006,0,0.13496,-0.0057,-0.0218
4284.0,0,0.000,11.393,0.004,0.274,36.277,55.883,49.596,0.0567,0.7556,1.0557,-0.0377,0,0.75999,0.3078,-0.1872,0.2940,0.2006,1,0.09185,0.3722,0.2120,0.6503,0.3945,1,0.02778,0.5278,0.7952,0.0015,-0.0560,0,2.39278,-0.2284,-0.7203,-0.2224,-0.0336,1,0.07808,0.0016,0.6413,0.6998,0.0009,0,0.25434,0.0025,-0.0143
4317.0,0,0.000,11.461,0.002,0.158,57.391,43.229,52.142,0.1152,0.7595,1.0529,-0.0699,0,0.75635,0.3588,-0.2264,0.3840,0.1800,1,0.09958,0.4020,0.2560,0.6879,0.3941,1,0.02733,0.5234,0.7955,0.0016,-0.0854,0,2.39252,-0.3005,-0.7309,-0.2569,-0.0388,1,0.07853,0.0022,0.6651,0.5083,0.0014,0,0.46605,0.0083,-0.0095
4350.5,0,0.000,6.558,0.001,0.090,32.837,47.609,48.289,0.2035,0.7515,1.0486,-0.0857,0,0.77966,0.3778,-0.2638,0.4098,0.2007,1,0.10028,0.4099,0.2654,0.7113,0.3846,1,0.02709,0.5159,0.7955,0.0015,-0.1280,0,2.40198,-0.3971,-0.7515,-0.3207,-0.0359,1,0.08030,0.0029,0.6832,0.3263,0.0017,0,0.71974,0.0128,-0.0066
4384.0,0,0.000,4.847,0.001,1.194,18.788,42.702,35.296,0.2493,0.7402,1.0501,-0.0875,0,0.78843,0.3693,-0.2905,0.3896,0.2548,1,0.09704,0.3923,0.2328,0.7185,0.3725,1,0.02716,0.5021,0.7949,0.0014,-0.1700,0,2.40993,-0.4625,-0.7585,-0.3586,-0.0335,1,0.08362,0.0035,0.6942,0.1892,0.0019,0,0.91297,0.0158,-0.0048
4417.0,0,0.000,5.680,0.000,0.689,24.715,50.996,46.285,0.2507,0.7249,1.0552,-0.0766,0,0.79938,0.3362,-0.3223,0.3498,0.2919,1,0.09054,0.3628,0.1978,0.7143,0.3673,1,0.02700,0.4823,0.7926,0.0014,-0.2005,0,2.42022,-0.4945,-0.7456,-0.3643,-0.0350,1,0.08592,0.0040,0.6976,0.1083,0.0020,0,1.00016,0.0174,-0.0038
4450.5,0,0.000,7.855,0.000,0.394,14.141,41.120,40.668,0.2242,0.7131,1.0571,-0.0691,0,0.82402,0.2776,-0.3595,0.3092,0.3036,1,0.08466,0.3335,0.1598,0.7032,0.3654,1,0.02647,0.4608,0.7877,0.0013,-0.2180,0,2.43553,-0.5095,-0.7203,-0.3549,-0.0362,1,0.08659,0.0043,0.6908,0.0704,0.0020,0,1.00773,0.0177,-0.0030
4484.0,0,0.000,8.013,0.000,0.225,31.013,23.527,34.635,0.1876,0.7247,1.0559,-0.0719,0,0.88578,0.2114,-0.3974,0.2573,0.3104,1,0.08102,0.3077,0.1094,0.6828,0.3626,1,0.02594,0.4571,0.7796,0.0014,-0.2231,0,2.45126,-0.5124,-0.6926,-0.3419,-0.0395,1,0.08318,0.0044,0.6784,0.0620,0.0020,0,0.95423,0.0172,-0.0025
4517.0,0,0.000,6.029,0.000,0.130,17.893,29.965,35.343,0.1591,0.7299,1.0571,-0.0765,0,0.95295,0.1660,-0.4198,0.1949,0.3025,1,0.08181,0.2905,0.0571,0.6510,0.3574,1,0.02544,0.4673,0.7688,0.0015,-0.2172,0,2.46581,-0.5019,-0.6775,-0.3420,-0.0400,1,0.07693,0.0044,0.6705,0.0642,0.0020,0,0.88254,0.0159,-0.0692
4550.5,0,0.000,3.449,0.000,0.074,22.688,47.954,48.438,0.1507,0.7117,1.0655,-0.0748,0,0.95943,0.1877,-0.4424,0.1650,0.2753,1,0.08297,0.2791,0.0073,0.6327,0.3497,1,0.02569,0.4826,0.7551,0.0015,-0.1979,0,2.46953,-0.4778,-0.6716,-0.3540,-0.0348,1,0.07363,0.0043,0.6622,0.0633,0.0020,0,0.83722,0.0146,-0.1189
4584.0,0,0.000,1.974,0.000,0.043,38.553,27.438,40.394,0.1429,0.6476,1.0716,-0.0763,0,0.90201,0.2324,-0.4563,0.1720,0.2293,1,0.08374,0.2707,-0.0431,0.6286,0.3407,1,0.02650,0.4976,0.7480,0.0016,-0.1715,0,2.45997,-0.4397,-0.6622,-0.3621,-0.0275,1,0.07372,0.0043,0.6562,0.0570,0.0020,0,0.81625,0.0139,-0.1190
4617.0,0,0.000,1.139,0.000,0.025,34.798,30.786,43.884,0.1216,0.4380,1.0689,-0.0735,0,0.74714,0.2664,-0.4480,0.1808,0.1717,1,0.08355,0.2663,-0.0736,0.6224,0.3355,1,0.02732,0.5063,0.7562,0.0017,-0.1437,0,2.44160,-0.3895,-0.6472,-0.3497,-0.0225,1,0.07446,0.0043,0.6533,0.0464,0.0021,0,0.80696,0.0134,-0.0963
4650.5,0,0.000,3.086,0.000,0.014,42.261,17.614,44.339,0.1032,0.0568,1.0547,-0.0635,0,0.51974,0.2790,-0.4012,0.1881,0.1187,1,0.08434,0.2763,0.0164,0.6147,0.3465,1,0.02972,0.5078,0.7715,0.0018,-0.1269,0,2.43071,-0.3366,-0.6450,-0.3306,-0.0130,1,0.07682,0.0043,0.6471,0.0371,0.0021,0,0.80642,0.0132,-0.0690
4684.0,0,0.000,6.312,0.000,0.008,62.550,19.694,44.395,0.0833,-0.2612,1.0263,-0.0520,0,0.37714,0.2699,-0.3545,0.1778,0.0713,1,0.08580,0.2743,0.1015,0.6014,0.3478,1,0.03539,0.5079,0.7828,0.0017,-0.1205,0,2.43399,-0.2860,-0.6694,-0.3178,-0.0058,1,0.07982,0.0042,0.6316,0.1286,0.0020,0,0.68908,0.0131,-0.0460
4717.0,0,2.770,8.395,0.000,0.005,74.808,11.363,44.813,0.0605,-0.4406,0.9856,-0.0509,0,0.30400,0.2370,-0.3276,0.1546,0.0362,1,0.08674,0.2626,0.1160,0.5813,0.3433,1,0.03826,0.5072,0.7886,0.0016,-0.1065,0,2.43501,-0.2485,-0.7029,-0.3154,-0.0056,1,0.08141,0.0036,0.6117,0.4090,0.0018,0,0.39246,0.0131,-0.0297
4750.5,0,1.585,9.668,0.000,1.352,83.361,26.391,55.414,0.0395,-0.5368,0.9490,-0.0544,0,0.25485,0.1732,-0.3138,0.1422,0.0255,1,0.08738,0.2651,0.0882,0.5645,0.3392,1,0.03757,0.5056,0.7909,0.0015,-0.0878,0,2.42571,-0.2227,-0.7309,-0.3246,-0.0097,1,0.08190,0.0027,0.5981,0.7171,0.0014,0,0.15738,0.0128,-0.0186
4784.0,0,0.907,12.278,1.910,2.328,88.727,15.100,52.051,0.0232,-0.5822,0.9254,-0.0385,0,0.25535,0.0985,-0.2930,0.1387,0.0226,1,0.08841,0.2821,0.1360,0.5612,0.3386,1,0.03899,0.5031,0.7907,0.0015,-0.0952,0,2.43500,-0.2435,-0.7559,-0.3219,-0.0114,1,0.08222,0.0015,0.5867,0.9077,-0.0000,0,0.10119,0.0126,-0.0116
4817.0,0,0.523,11.655,2.025,1.343,51.191,8.712,30.031,0.0119,-0.5951,0.9113,0.0053,0,0.26554,0.0505,-0.2619,0.1480,0.0513,1,0.08927,0.2973,0.1775,0.5635,0.3413,1,0.03883,0.5003,0.7908,0.0013,-0.1266,0,2.44545,-0.2917,-0.7679,-0.3150,-0.0154,1,0.08197,0.0009,0.5621,0.9827,-0.0003,0,0.10480,0.0127,-0.0074
4850.5,0,0.299,6.668,1.159,0.769,29.290,55.224,49.825,0.0045,-0.5733,0.8911,0.0563,0,0.25648,0.0562,-0.2149,0.1772,0.1222,1,0.08860,0.3171,0.1587,0.5644,0.3441,1,0.03271,0.4936,0.7910,0.0012,-0.1622,0,2.44977,-0.3628,-0.7654,-0.3065,-0.0150,1,0.08207,0.0009,0.5328,0.9765,0.0002,0,0.12462,0.0133,-0.0050
4884.0,0,0.171,3.815,0.663,0.440,71.171,55.099,67.142,0.0185,-0.4838,0.8837,0.0981,0,0.26570,0.0845,-0.1867,0.2098,0.1725,1,0.08707,0.3341,0.1236,0.5674,0.3429,1,0.02767,0.4805,0.7890,0.0012,-0.1912,0,2.44706,-0.4185,-0.7492,-0.2982,0.0107,1,0.08101,0.0009,0.5156,0.9019,0.0005,0,0.16611,0.0147,-0.0041
4917.0,0,0.099,5.394,1.429,0.254,52.905,31.790,44.610,0.0638,0.0003,0.9268,0.1203,0,0.49561,0.0968,-0.1585,0.2161,0.1835,1,0.08665,0.3502,0.1800,0.5716,0.3434,1,0.02900,0.4641,0.7833,0.0011,-0.2125,0,2.45622,-0.4541,-0.7308,-0.2728,0.0470,1,0.08251,0.0010,0.5285,0.7672,0.0008,0,0.27456,0.0158,-0.0037
4950.5,0,0.057,7.549,0.817,0.145,41.076,33.020,38.236,0.0946,0.4403,0.9790,0.1014,0,0.73873,0.1077,-0.1353,0.2032,0.1772,1,0.08728,0.3433,0.2370,0.5728,0.3464,1,0.03241,0.4468,0.7732,0.0011,-0.2269,0,2.47107,-0.4715,-0.7097,-0.2413,0.0579,1,0.08412,0.0014,0.5797,0.5889,0.0011,0,0.44112,0.0165,-0.0033
4984.0,0,0.032,7.904,0.468,0.083,23.502,59.369,50.212,0.1304,0.6290,1.0082,0.0495,0,0.86693,0.1329,-0.1136,0.1797,0.1523,1,0.08763,0.3217,0.2282,0.5594,0.3413,1,0.03356,0.4416,0.7588,0.0012,-0.2359,0,2.48450,-0.4738,-0.7014,-0.2112,0.0459,1,0.08492,0.0020,0.6421,0.4084,0.0014,0,0.63390,0.0167,-0.0029
5017.0,0,0.019,6.063,0.270,0.048,13.560,69.001,47.273,0.1728,0.6940,1.0227,-0.0052,0,0.92628,0.1692,-0.0833,0.1392,0.2167,1,0.08741,0.3021,0.1831,0.5475,0.3347,1,0.03190,0.4485,0.7411,0.0012,-0.2286,0,2.49039,-0.4678,-0.7000,-0.1880,0.0262,1,0.08478,0.0028,0.6835,0.2667,0.0016,0,0.77944,0.0168,-0.0026
5050.5,0,0.011,7.234,0.154,0.027,44.496,89.997,70.313,0.1985,0.7255,1.0348,-0.0459,0,0.93664,0.2062,-0.0853,0.1437,0.2798,1,0.08634,0.2887,0.1310,0.5549,0.3359,1,0.02840,0.4641,0.7246,0.0013,-0.2104,0,2.48531,-0.4563,-0.7049,-0.1953,0.0073,1,0.08288,0.0035,0.6954,0.1675,0.0018,0,0.85163,0.0169,-0.0395
5084.0,0,0.006,7.555,0.088,0.016,25.459,61.858,45.370,0.1931,0.7452,1.0421,-0.0626,0,0.91699,0.2318,-0.0986,0.2288,0.2761,1,0.09419,0.2715,0.0833,0.5875,0.3310,1,0.02921,0.4818,0.7184,0.0014,-0.1849,0,2.46881,-0.4311,-0.7133,-0.2109,-0.0090,1,0.07990,0.0041,0.6796,0.1036,0.0019,0,0.86928,0.0169,-0.0670
5117.0,0,0.004,7.101,0.051,0.009,67.355,71.727,69.825,0.1883,0.7474,1.0434,-0.0650,0,0.87399,0.2730,-0.1413,0.3661,0.2293,1,0.11027,0.2640,0.0432,0.6355,0.3163,1,0.03002,0.4971,0.7384,0.0015,-0.1530,0,2.43701,-0.4027,-0.7188,-0.2439,-0.0206,1,0.07763,0.0043,0.6664,0.0646,0.0019,0,0.89458,0.0166,-0.0668
5150.5,0,0.002,7.383,0.029,0.005,77.589,51.405,72.315,0.1937,0.7283,1.0473,-0.0709,0,0.83972,0.3124,-0.2034,0.4530,0.2210,1,0.11887,0.2792,0.0171,0.6638,0.2868,1,0.03182,0.5086,0.7644,0.0015,-0.1178,0,2.40453,-0.3759,-0.7157,-0.2862,-0.0207,1,0.07267,0.0043,0.6669,0.0567,0.0020,0,0.88956,0.0166,-0.0536
5184.0,0,0.001,8.629,0.017,0.003,44.394,69.050,60.740,0.1861,0.6791,1.0505,-0.0822,0,0.81467,0.3313,-0.2585,0.4604,0.2481,1,0.11607,0.2927,-0.0118,0.6562,0.2575,1,0.03176,0.5150,0.7817,0.0016,-0.0848,0,2.37997,-0.3291,-0.7085,-0.3069,-0.0191,1,0.07029,0.0043,0.6737,0.0641,0.0020,0,0.84252,0.0160,-0.0384
5217.0,0,0.001,11.793,0.010,0.002,25.613,53.147,49.771,0.1598,0.5885,1.0396,-0.0850,0,0.76292,0.3252,-0.2994,0.4240,0.2753,1,0.10352,0.3038,-0.0396,0.6130,0.2432,1,0.03292,0.5179,0.7908,0.0016,-0.0580,0,2.35680,-0.2666,-0.7065,-0.3031,-0.0233,1,0.07384,0.0042,0.6781,0.0718,0.0021,0,0.77754,0.0151,-0.0259
5250.5,0,0.000,8.994,1.115,1.748,14.655,59.734,43.018,0.1233,0.4403,1.0132,-0.0760,0,0.65380,0.3024,-0.3087,0.4496,0.2674,1,0.10109,0.3096,-0.0501,0.5704,0.2437,1,0.03159,0.5206,0.7951,0.0017,-0.0376,0,2.32296,-0.2217,-0.7022,-0.2989,-0.0319,1,0.06947,0.0043,0.6677,0.1075,0.0021,0,0.65865,0.0140,-0.0168
5284.0,0,0.000,8.588,1.561,1.000,8.385,47.823,31.379,0.0979,0.2720,1.0080,-0.0694,0,0.53351,0.2573,-0.3037,0.4852,0.2278,1,0.09642,0.3108,-0.0264,0.5477,0.2597,1,0.03520,0.5229,0.7975,0.0018,-0.0346,0,2.31351,-0.2627,-0.6924,-0.2955,-0.0385,1,0.07009,0.0040,0.6452,0.2304,0.0020,0,0.48646,0.0132,-0.0107
5317.0,0,0.000,10.955,0.901,1.808,20.172,27.591,25.708,0.0990,0.1323,1.0274,-0.0670,0,0.49795,0.1854,-0.2959,0.4762,0.1732,1,0.08858,0.3101,0.0684,0.5387,0.2829,1,0.03630,0.5226,0.7993,0.0016,-0.0689,0,2.35223,-0.3691,-0.6937,-0.2807,-0.0213,1,0.07120,0.0035,0.6296,0.4069,0.0018,0,0.36636,0.0136,-0.0070
5350.5,0,0.000,6.268,0.515,1.034,44.062,15.787,30.766,0.1032,0.0089,1.0432,-0.0717,0,0.53897,0.1040,-0.2886,0.4270,0.1205,1,0.08672,0.2976,0.1495,0.5196,0.2843,1,0.04126,0.5170,0.8005,0.0013,-0.1245,0,2.39788,-0.4592,-0.6900,-0.2767,0.0011,1,0.07573,0.0028,0.6112,0.5495,0.0016,0,0.28988,0.0141,-0.0048
5384.0,0,0.000,7.254,1.195,0.592,77.702,25.561,51.826,0.0945,-0.0833,1.0424,-0.0812,0,0.57628,0.0519,-0.2829,0.3559,0.0884,1,0.08952,0.2780,0.1662,0.4884,0.2732,1,0.04573,0.5030,0.8001,0.0010,-0.1738,0,2.42238,-0.4999,-0.6765,-0.2710,0.0209,1,0.08006,0.0022,0.5775,0.5830,0.0013,0,0.26335,0.0140,-0.0034
5417.0,0,0.000,5.567,0.690,1.808,97.236,35.922,66.338,0.0752,-0.1208,1.0269,-0.0742,0,0.58824,0.0313,-0.2742,0.2826,0.0697,1,0.09119,0.2537,0.1417,0.4543,0.2581,1,0.04888,0.4811,0.7970,0.0009,-0.2062,0,2.43340,-0.5052,-0.6627,-0.2555,0.0279,1,0.08193,0.0020,0.5514,0.5295,0.0012,0,0.28698,0.0134,-0.0026
5450.5,0,0.000,5.057,0.395,1.034,93.828,33.862,63.493,0.0685,-0.1161,1.0290,-0.0396,0,0.60484,0.0251,-0.2544,0.2129,0.0570,1,0.09212,0.2371,0.1464,0.4259,0.2427,1,0.05310,0.4574,0.7898,0.0009,-0.2248,0,2.44433,-0.4911,-0.6566,-0.2228,0.0226,1,0.08194,0.0020,0.5530,0.4353,0.0012,0,0.36322,0.0129,-0.0020
5484.0,0,0.000,3.767,0.226,0.592,90.336,33.720,61.615,0.0842,-0.0898,1.0540,-0.0128,0,0.63176,0.0316,-0.2337,0.1513,0.0430,1,0.09232,0.2284,0.1678,0.4028,0.2292,1,0.05772,0.4487,0.7772,0.0009,-0.2278,0,2.45164,-0.4608,-0.6520,-0.1802,0.0126,1,0.08374,0.0022,0.5737,0.3392,0.0013,0,0.45186,0.0123,-0.0016
5517.0,0,0.000,3.277,0.130,1.858,64.885,34.286,49.233,0.0963,-0.0749,1.0731,-0.0144,0,0.62538,0.0528,-0.2188,0.1108,0.0256,1,0.09152,0.2226,0.1635,0.3851,0.2248,1,0.06023,0.4591,0.7631,0.0011,-0.2132,0,2.44612,-0.4120,-0.6432,-0.1386,0.0030,1,0.08747,0.0025,0.6004,0.2612,0.0015,0,0.51504,0.0117,-0.0014
5550.5,0,0.000,3.744,0.075,1.063,49.890,30.513,39.902,0.0887,-0.1152,1.0740,-0.0286,0,0.54886,0.0820,-0.2059,0.1139,0.0057,1,0.09049,0.2269,0.1285,0.3714,0.2359,1,0.05997,0.4798,0.7562,0.0013,-0.1834,0,2.41879,-0.3439,-0.6344,-0.1129,-0.0062,1,0.08697,0.0029,0.6236,0.1990,0.0016,0,0.54338,0.0110,-0.0012
5584.0,0,0.000,2.142,0.043,0.608,28.545,46.865,43.091,0.0712,-0.1580,1.0629,-0.0314,0,0.45802,0.1106,-0.1846,0.1415,-0.0081,1,0.09013,0.2454,0.0775,0.3640,0.2422,1,0.05749,0.4978,0.7646,0.0014,-0.1457,0,2.38505,-0.2790,-0.6327,-0.1276,-0.0100,1,0.08282,0.0032,0.6408,0.1474,0.0017,0,0.56791,0.0102,-0.0011
5617.0,0,0.000,3.888,0.025,0.351,32.860,27.039,46.998,0.0768,-0.1645,1.0665,-0.0257,0,0.40637,0.1340,-0.1710,0.1568,-0.0106,1,0.08871,0.2791,0.0313,0.3602,0.2371,1,0.05444,0.5078,0.7735,0.0016,-0.1083,0,2.34926,-0.2220,-0.6235,-0.1495,-0.0098,1,0.08375,0.0035,0.6523,0.1075,0.0018,0,0.58048,0.0099,-0.0010
5650.5,0,0.000,6.755,0.014,1.484,35.330,39.026,46.766,0.1061,-0.0052,1.0840,-0.0239,0,0.46547,0.1557,-0.1754,0.1798,-0.0132,1,0.08864,0.3211,0.0001,0.3552,0.2259,1,0.05264,0.5134,0.7797,0.0017,-0.0752,0,2.31408,-0.1734,-0.6244,-0.1701,-0.0090,1,0.07935,0.0038,0.6567,0.0886,0.0019,0,0.56179,0.0093,-0.0008
5684.0,0,0.000,9.472,0.008,0.849,33.860,32.438,38.536,0.1353,0.3110,1.0990,-0.0278,0,0.64056,0.1979,-0.1874,0.2465,0.0533,1,0.08887,0.3554,-0.0103,0.3655,0.2222,1,0.04901,0.5149,0.7858,0.0018,-0.0599,0,2.31265,-0.2077,-0.6392,-0.2156,0.0038,1,0.07777,0.0041,0.6606,0.0865,0.0019,0,0.57691,0.0090,-0.0008
5717.0,0,0.000,5.465,0.005,0.490,19.535,76.190,50.733,0.1497,0.5432,1.1040,-0.0523,0,0.72963,0.2670,-0.2000,0.3788,0.1461,1,0.08696,0.3748,-0.0293,0.4052,0.2372,1,0.04001,0.5106,0.7903,0.0017,-0.0912,0,2.32394,-0.3388,-0.6447,-0.2735,0.0149,1,0.07492,0.0042,0.6668,0.0877,0.0020,0,0.65884,0.0102,-0.0010
5750.5,0,0.000,5.467,0.003,0.280,11.177,43.593,34.567,0.1579,0.6707,1.0994,-0.0782,0,0.73707,0.3267,-0.1956,0.5248,0.1933,1,0.10341,0.3833,0.0558,0.4743,0.2601,1,0.03673,0.5003,0.7909,0.0016,-0.1438,0,2.31347,-0.4632,-0.6363,-0.2975,0.0199,1,0.06786,0.0042,0.6715,0.0874,0.0020,0,0.73524,0.0126,-0.0013
5784.0,0,0.000,6.882,0.002,1.412,71.783,39.651,59.042,0.1520,0.7289,1.0891,-0.0897,0,0.72053,0.3531,-0.2177,0.5976,0.2320,1,0.11066,0.3738,0.1355,0.5224,0.2796,1,0.03652,0.4841,0.7868,0.0015,-0.1877,0,2.29681,-0.5400,-0.6220,-0.2912,0.0124,1,0.06545,0.0039,0.6725,0.2175,0.0020,0,0.63895,0.0144,-0.0016
5817.0,0,0.000,8.220,0.909,0.815,74.959,22.876,50.649,0.1586,0.7485,1.0824,-0.0925,0,0.72635,0.3625,-0.2418,0.6006,0.2651,1,0.11253,0.3570,0.1528,0.5345,0.2858,1,0.03677,0.4659,0.7789,0.0014,-0.2159,0,2.29525,-0.5716,-0.6114,-0.2833,-0.0025,1,0.06279,0.0033,0.6702,0.4513,0.0019,0,0.42202,0.0155,-0.0017
5850.5,0,0.000,4.703,0.520,0.466,54.343,48.945,52.392,0.1750,0.7430,1.0889,-0.0993,0,0.75714,0.3573,-0.2682,0.5547,0.2935,1,0.11083,0.3461,0.1270,0.5118,0.2688,1,0.03419,0.4490,0.7668,0.0014,-0.2302,0,2.30928,-0.5801,-0.6084,-0.2863,-0.0160,1,0.06189,0.0026,0.6632,0.6148,0.0017,0,0.27244,0.0160,-0.0018
5884.0,0,0.000,2.691,0.298,0.267,67.040,38.370,57.868,0.1759,0.6834,1.0939,-0.1097,0,0.76670,0.3508,-0.3104,0.4768,0.3166,1,0.10224,0.3398,0.0706,0.4809,0.2570,1,0.03758,0.4481,0.7503,0.0015,-0.2273,0,2.32475,-0.5664,-0.6029,-0.2905,-0.0267,1,0.06211,0.0021,0.6415,0.6832,0.0015,0,0.18851,-0.0651,-0.0449
5917.0,0,0.000,4.413,0.172,0.154,84.397,22.137,63.713,0.1555,0.4883,1.0872,-0.1153,0,0.70531,0.3190,-0.3536,0.3885,0.3247,1,0.08679,0.3342,0.0050,0.4498,0.2567,1,0.03734,0.4660,0.7294,0.0016,-0.2076,0,2.34051,-0.5320,-0.5912,-0.2904,-0.0289,1,0.06439,0.0019,0.5974,0.6721,0.0013,0,0.14305,-0.1256,-0.0779
5950.5,0,0.000,4.965,2.708,0.088,115.123,48.610,86.989,0.1220,0.2130,1.0689,-0.1076,0,0.60847,0.2389,-0.3748,0.3166,0.3051,1,0.08185,0.3294,-0.0274,0.4112,0.2646,1,0.03952,0.4872,0.7161,0.0017,-0.1756,0,2.35544,-0.4794,-0.5889,-0.2896,-0.0273,1,0.06775,0.0019,0.5431,0.5947,0.0012,0,0.11965,-0.1175,-0.0789
5984.0,0,0.000,2.841,1.549,1.345,65.869,27.813,65.893,0.0869,0.0044,1.0395,-0.0877,0,0.55877,0.1394,-0.3673,0.2540,0.2535,1,0.08766,0.3179,-0.0201,0.3700,0.2691,1,0.04615,0.5034,0.7290,0.0017,-0.1380,0,2.35297,-0.4022,-0.5887,-0.2781,-0.0250,1,0.07243,0.0020,0.5099,0.4775,0.0011,0,0.10046,-0.0859,-0.0639
6017.0,0,0.000,3.532,0.894,0.776,47.862,41.164,55.254,0.0648,-0.1295,1.0054,-0.0563,0,0.52973,0.0585,-0.3470,0.1972,0.1905,1,0.09195,0.3075,-0.0201,0.3336,0.2623,1,0.05229,0.5150,0.7517,0.0016,-0.1017,0,2.32945,-0.3117,-0.5931,-0.2736,-0.0196,1,0.07706,0.0024,0.5315,0.3471,0.0011,0,0.11670,-0.0595,-0.0462
6050.5,0,0.000,4.452,0.511,0.444,37.081,23.552,36.422,0.0476,-0.2301,0.9753,-0.0044,0,0.46959,0.0150,-0.3151,0.1447,0.1590,1,0.09384,0.3010,-0.0249,0.3075,0.2468,1,0.05698,0.5227,0.7724,0.0015,-0.0701,0,2.28859,-0.2185,-0.5894,-0.2411,-0.0178,1,0.08165,0.0030,0.5945,0.2262,0.0012,0,0.17701,-0.0397,-0.0308
6084.0,0,0.000,8.246,0.293,0.254,21.217,41.234,39.328,0.0317,-0.3612,0.9473,0.0503,0,0.34426,0.0188,-0.2663,0.0965,0.1575,1,0.09365,0.2918,-0.0253,0.2879,0.2282,1,0.06009,0.5266,0.7843,0.0015,-0.0459,0,2.24907,-0.1342,-0.5884,-0.1660,-0.0212,1,0.08278,0.0037,0.6453,0.1416,0.0014,0,0.25038,-0.0254,-0.0195
6117.0,0,0.000,11.824,1.018,0.147,12.241,34.329,36.249,0.0189,-0.4893,0.9114,0.0826,0,0.21288,0.0428,-0.2092,0.0598,0.1449,1,0.09185,0.2777,-0.0193,0.2684,0.2094,1,0.06157,0.5273,0.7905,0.0016,-0.0291,0,2.22674,-0.0752,-0.6034,-0.0826,-0.0285,1,0.08328,0.0042,0.6714,0.0963,0.0016,0,0.32786,-0.0152,-0.0121
6150.5,0,0.000,12.859,0.583,0.084,75.316,43.291,66.272,0.0093,-0.5724,0.8766,0.0968,0,0.15791,0.0669,-0.1961,0.0351,0.1080,1,0.09108,0.2600,-0.0009,0.2489,0.1924,1,0.06241,0.5215,0.7947,0.0017,-0.0334,0,2.24412,-0.1056,-0.6236,-0.0308,-0.0373,1,0.08386,0.0045,0.6812,0.0765,0.0018,0,0.41439,-0.0075,-0.0074
6184.0,0,0.000,8.284,1.388,0.048,55.752,39.850,51.674,0.0028,-0.6100,0.8654,0.1055,0,0.19206,0.0792,-0.1942,0.0270,0.0669,1,0.09031,0.2471,0.0692,0.2305,0.2068,1,0.06360,0.5086,0.7978,0.0016,-0.0805,0,2.30670,-0.2462,-0.6345,-0.0188,-0.0209,1,0.08372,0.0045,0.6819,0.0688,0.0018,0,0.52588,-0.0015,-0.0046
6217.0,0,0.000,6.117,0.801,0.028,67.166,37.457,54.340,-0.0013,-0.6145,0.8846,0.1000,0,0.23667,0.0841,-0.2087,0.0618,0.0382,1,0.08998,0.2345,0.1305,0.2625,0.2212,1,0.06319,0.4921,0.7987,0.0014,-0.1267,0,2.33781,-0.3688,-0.6165,-0.0392,-0.0015,1,0.08721,0.0044,0.6781,0.0709,0.0018,0,0.58111,0.0029,-0.0031
6250.5,0,0.000,6.001,0.458,1.365,50.372,49.216,50.790,-0.0038,-0.5854,0.9196,0.0722,0,0.19617,0.1184,-0.2268,0.2136,0.1454,1,0.09057,0.2273,0.1722,0.5980,0.1789,1,0.06629,0.4739,0.7967,0.0012,-0.1659,0,2.29473,-0.4645,-0.5529,-0.1102,-0.0206,1,0.07991,0.0043,0.6765,0.0760,0.0018,0,0.54689,0.0054,-0.0021
6284.0,0,0.000,7.055,1.540,2.557,70.384,28.159,57.740,-0.0042,-0.5248,0.9587,0.0377,1,0.11276,0.1713,-0.2595,0.3999,0.2555,1,0.08479,0.2405,0.1789,0.9074,0.1705,1,0.05927,0.4525,0.7902,0.0014,-0.1963,0,2.24113,-0.5539,-0.5135,-0.1872,-0.0423,1,0.06845,0.0042,0.6767,0.1308,0.0019,0,0.49186,0.0073,-0.0017
6317.0,0,0.000,7.425,1.835,2.706,66.914,45.919,56.097,-0.0190,-0.3423,1.0445,0.0381,1,0.10520,0.2289,-0.2933,0.5122,0.2832,1,0.07410,0.2693,0.1842,1.0771,0.1876,1,0.05212,0.4316,0.7794,0.0017,-0.2143,0,2.22018,-0.5968,-0.5338,-0.2203,-0.0443,1,0.05620,0.0036,0.6782,0.4109,0.0018,0,0.32688,0.0097,-0.0016
6350.5,0,3.061,6.308,1.050,1.549,49.091,38.827,52.013,0.0283,0.1875,1.0668,0.0046,0,0.09887,0.2806,-0.3518,0.5821,0.3184,1,0.05734,0.2847,0.1991,1.1853,0.2161,1,0.03833,0.4184,0.7641,0.0020,-0.2206,0,2.14857,-0.6291,-0.5727,-0.2433,-0.0466,1,0.05449,0.0027,0.6837,0.7037,0.0018,0,0.15302,0.0134,-0.0018
6384.0,0,1.751,3.609,0.601,0.886,53.166,22.216,42.741,0.1000,0.5225,1.0638,-0.0224,0,0.13125,0.3088,-0.3895,0.5655,0.3697,1,0.04711,0.2781,0.2199,1.2386,0.2165,1,0.03561,0.4232,0.7451,0.0023,-0.2159,0,2.08786,-0.6223,-0.5842,-0.2497,-0.0499,1,0.05024,0.0023,0.6897,0.8345,-0.0037,0,0.07803,0.0174,-0.0021
6417.0,0,1.011,3.001,0.347,1.978,55.585,26.237,43.666,0.1716,0.6561,1.0446,-0.0349,0,0.23886,0.3461,-0.4213,0.4757,0.4149,1,0.04560,0.2749,0.1979,1.2365,0.1966,1,0.03692,0.4436,0.7261,0.0025,-0.1977,0,2.09515,-0.5982,-0.5757,-0.2742,-0.0461,1,0.05100,0.0116,0.6855,0.8442,-0.0052,1,0.07826,0.0180,-0.0021
6450.5,0,0.578,3.990,0.198,1.132,48.471,57.816,54.472,0.1988,0.6969,1.0402,-0.0329,0,0.28878,0.3958,-0.4636,0.3762,0.4414,1,0.04428,0.2710,0.1449,1.2251,0.1739,1,0.03416,0.4698,0.7129,0.0026,-0.1666,0,2.09545,-0.5561,-0.5615,-0.2978,-0.0391,1,0.05098,0.0118,0.6469,0.7715,-0.0002,0,0.08171,0.0180,-0.0357
6484.0,0,0.331,6.760,0.113,2.499,55.298,48.287,52.376,0.1828,0.7060,1.0384,-0.0261,0,0.29897,0.3924,-0.4847,0.3074,0.4383,1,0.04332,0.2535,0.0892,1.1995,0.1542,1,0.03408,0.4916,0.7157,0.0027,-0.1295,0,2.11564,-0.4990,-0.5770,-0.3131,-0.0320,1,0.05158,0.0053,0.6145,0.6311,0.0011,0,0.19090,0.0178,-0.0605
6517.0,0,0.191,3.900,0.065,1.442,60.499,56.941,58.817,0.1526,0.7277,1.0360,-0.0185,0,0.34531,0.3026,-0.4833,0.2590,0.3903,1,0.04508,0.2222,0.0572,1.1473,0.1438,1,0.03348,0.5056,0.7384,0.0027,-0.0943,0,2.17985,-0.4380,-0.6358,-0.3373,-0.0215,1,0.06083,0.0034,0.6126,0.4612,0.0017,0,0.43685,0.0184,-0.0601
6550.5,0,0.109,4.765,0.852,0.825,65.550,42.858,54.023,0.1235,0.7442,1.0345,-0.0088,0,0.49517,0.1530,-0.4436,0.2106,0.3049,1,0.05536,0.2028,0.0104,1.0513,0.1569,1,0.03277,0.5143,0.7602,0.0024,-0.0644,0,2.27609,-0.3626,-0.6880,-0.3738,-0.0117,1,0.07210,0.0032,0.6353,0.2935,0.0020,0,0.65104,0.0188,-0.0481
6584.0,0,0.062,6.499,0.488,0.472,63.258,24.522,43.679,0.1449,0.7413,1.0400,-0.0179,0,0.70500,0.0129,-0.3894,0.1644,0.2165,1,0.06812,0.1954,-0.0284,0.9379,0.1925,1,0.02827,0.5229,0.7748,0.0021,-0.0290,0,2.35204,-0.2807,-0.7268,-0.4072,-0.0039,1,0.08124,0.0036,0.6605,0.1721,0.0020,0,0.72933,0.0180,-0.0343
6617.0,0,0.036,8.798,0.281,1.386,52.888,38.408,45.358,0.1721,0.7018,1.0481,-0.0375,0,0.88537,-0.0846,-0.3358,0.1230,0.1393,1,0.07927,0.2067,-0.0026,0.8391,0.2366,1,0.02735,0.5299,0.7827,0.0018,-0.0045,0,2.39332,-0.2090,-0.7657,-0.4217,0.0008,1,0.08216,0.0041,0.6764,0.1152,0.0020,0,0.70718,0.0162,-0.0231
6650.5,0,0.021,8.516,0.161,0.793,45.594,36.202,40.610,0.1685,0.5499,1.0486,-0.0516,0,0.95843,-0.1497,-0.2874,0.1112,0.0683,1,0.08646,0.2594,0.2156,0.7727,0.2844,1,0.03465,0.5335,0.7874,0.0015,0.0050,0,2.42796,-0.1770,-0.7998,-0.4030,0.0058,1,0.08144,0.0044,0.6831,0.0989,0.0019,0,0.68303,0.0141,-0.0149
6684.0,0,0.012,4.872,0.092,0.454,26.087,36.176,39.236,0.1404,0.2205,1.0394,-0.0514,0,0.81911,-0.1351,-0.2709,0.1944,0.0266,1,0.09512,0.3068,0.3883,0.7136,0.3204,0,0.04782,0.5327,0.7906,0.0013,-0.0195,0,2.44597,-0.2740,-0.7908,-0.4009,-0.0011,1,0.08007,0.0044,0.6904,0.0927,0.0018,0,0.71432,0.0127,-0.0099
6717.0,0,0.007,5.104,1.249,0.262,15.051,59.563,44.492,0.1046,-0.0937,1.0133,-0.0509,0,0.58186,-0.0382,-0.2672,0.3203,0.0304,1,0.11436,0.3541,0.4623,0.6606,0.3466,1,0.04888,0.5253,0.7903,0.0011,-0.0810,0,2.42858,-0.4075,-0.7521,-0.4041,0.0147,1,0.07622,0.0044,0.6999,0.0798,0.0018,0,0.78044,0.0129,-0.0071
6750.5,0,0.004,7.550,0.714,0.150,59.955,34.080,50.915,0.0814,-0.3126,0.9697,-0.0620,0,0.38358,0.0520,-0.2845,0.3980,0.0550,1,0.11748,0.3992,0.4675,0.5872,0.3405,1,0.04609,0.5090,0.7845,0.0011,-0.1448,0,2.38292,-0.4924,-0.6863,-0.3767,0.0363,1,0.07357,0.0042,0.7008,0.0828,0.0019,0,0.75135,0.0133,-0.0053
6784.0,0,0.002,8.629,1.244,1.469,58.108,19.499,40.935,0.0624,-0.4545,0.9217,-0.0759,0,0.22975,0.0979,-0.2900,0.4143,0.1647,1,0.10621,0.4271,0.4292,0.4904,0.3295,1,0.05398,0.4886,0.7728,0.0011,-0.1897,0,2.32215,-0.5397,-0.5973,-0.3306,0.0395,1,0.06587,0.0039,0.6962,0.2707,0.0018,0,0.47653,0.0129,-0.0038
6817.0,0,0.001,5.875,0.718,0.848,80.670,24.122,53.377,0.0431,-0.5389,0.8741,-0.0875,0,0.11773,0.1155,-0.2985,0.4090,0.2583,1,0.09498,0.4204,0.3824,0.3874,0.3297,1,0.05575,0.4703,0.7558,0.0015,-0.2158,0,2.25824,-0.5620,-0.5092,-0.2861,0.0186,1,0.07045,0.0032,0.6871,0.5833,0.0017,0,0.11483,0.0112,-0.0029
6850.5,0,3.617,6.686,1.212,0.485,87.173,48.439,68.053,0.0315,-0.5765,0.8357,-0.0961,1,0.11056,0.1179,-0.3262,0.3568,0.2983,1,0.09463,0.3903,0.3282,0.2848,0.3264,1,0.05975,0.4620,0.7315,0.0017,-0.2259,0,2.28092,-0.5634,-0.5123,-0.2824,0.0027,1,0.06743,-0.0108,0.7200,0.7540,-0.0356,1,0.08684,0.0103,-0.0020
6884.0,0,2.070,5.817,0.693,0.277,62.328,27.715,45.111,0.0141,-0.5903,0.7965,-0.1040,1,0.10940,0.1232,-0.3542,0.2983,0.3121,1,0.08914,0.3523,0.2878,0.2616,0.3162,1,0.06140,0.4700,0.7049,0.0018,-0.2170,0,2.29808,-0.5425,-0.5425,-0.3311,-0.0088,1,0.06025,-0.0132,0.7300,0.8357,-0.0572,1,0.08713,0.0098,-0.0015
6917.0,0,1.194,4.275,0.400,0.160,46.153,71.354,64.977,-0.0041,-0.5714,0.7707,-0.0947,1,0.12326,0.1261,-0.3650,0.2478,0.3085,1,0.08448,0.3209,0.2682,0.2992,0.2941,1,0.06292,0.4869,0.6918,0.0019,-0.1920,0,2.30961,-0.4979,-0.5827,-0.3900,-0.0148,1,0.06395,-0.0075,0.7076,0.8678,-0.0603,1,0.08754,0.0096,-0.0012
6950.5,0,0.683,5.365,0.229,0.092,26.407,53.173,43.299,-0.0159,-0.4487,0.7953,-0.0583,1,0.16486,0.1309,-0.3593,0.2078,0.2903,1,0.08338,0.3022,0.2603,0.3343,0.2805,1,0.06633,0.5030,0.7006,0.0019,-0.1562,0,2.30822,-0.4209,-0.6188,-0.4264,-0.0159,1,0.06156,0.0061,0.6694,0.8786,-0.0474,1,0.08873,0.0093,-0.0010
6984.0,0,0.391,4.487,1.143,0.052,41.760,41.320,57.847,0.0529,0.0766,0.9009,-0.0221,0,0.61001,0.0936,-0.3744,0.1595,0.2459,1,0.09345,0.2568,0.2337,0.3250,0.2721,1,0.06999,0.5117,0.7184,0.0020,-0.1178,0,2.31547,-0.3399,-0.6438,-0.4460,-0.0181,1,0.06815,0.0200,0.6326,0.8427,-0.0262,1,0.09298,0.0088,-0.0009
7017.0,0,0.226,2.589,0.659,0.030,39.556,23.839,41.042,0.0963,0.4633,0.9744,-0.0221,0,0.94634,0.0709,-0.3843,0.1173,0.1916,1,0.10032,0.2153,0.2152,0.2954,0.2629,1,0.07420,0.5140,0.7458,0.0018,-0.0837,0,2.29357,-0.2593,-0.6493,-0.4383,-0.0201,1,0.07403,0.0390,0.6316,0.7812,0.0115,1,0.09588,0.0073,-0.0007
7050.5,0,0.129,5.154,0.377,0.017,47.674,13.640,41.971,0.1135,0.6321,1.0115,-0.0441,0,1.06268,0.0789,-0.3845,0.1293,0.1373,1,0.10055,0.1851,0.1989,0.2610,0.2421,1,0.07243,0.5130,0.7709,0.0017,-0.0560,0,2.25292,-0.2392,-0.6238,-0.4132,-0.0283,1,0.07436,0.0520,0.6406,0.6520,0.0370,1,0.09547,0.0058,-0.0004
7084.0,0,0.074,5.446,0.216,1.326,38.542,7.804,29.600,0.1162,0.7008,1.0295,-0.0663,0,1.05049,0.1262,-0.3748,0.2120,0.0959,1,0.09872,0.1694,0.1880,0.2317,0.2122,1,0.07371,0.5085,0.7852,0.0018,-0.0563,0,2.20410,-0.3109,-0.5622,-0.3832,-0.0443,1,0.06850,0.0398,0.6448,0.4706,0.0317,1,0.09089,0.0048,-0.0003
7117.0,0,0.043,4.069,0.125,2.081,37.068,49.288,51.940,0.1001,0.7346,1.0361,-0.0707,0,0.98129,0.1855,-0.3623,0.3262,0.0786,1,0.09383,0.1627,0.2331,0.2090,0.1796,0,0.07659,0.4998,0.7909,0.0019,-0.0956,0,2.14294,-0.4003,-0.4959,-0.3433,-0.0641,1,0.06298,0.0178,0.6400,0.2930,0.0141,0,0.08370,0.0047,-0.0003
7150.5,0,0.024,4.831,1.328,1.191,35.554,39.561,42.464,0.1513,0.7473,1.0344,-0.0733,0,0.93689,0.2591,-0.3744,0.4305,0.0835,1,0.08710,0.1700,0.2754,0.1843,0.1455,1,0.07451,0.4884,0.7907,0.0020,-0.1497,0,2.06546,-0.4706,-0.4356,-0.3328,-0.0858,1,0.06158,0.0075,0.6372,0.1757,0.0053,0,0.08100,0.0043,-0.0002
7184.0,0,0.014,5.383,0.760,0.681,41.671,22.635,34.872,0.2173,0.7397,1.0369,-0.0837,0,0.87860,0.3297,-0.4044,0.4667,0.2078,1,0.08078,0.2145,0.2795,0.1513,0.1184,1,0.07160,0.4763,0.7851,0.0022,-0.1912,0,1.98261,-0.5106,-0.3898,-0.3428,-0.0978,1,0.04047,0.0035,0.6364,0.1222,0.0016,1,0.07387,0.0040,-0.0001
7217.0,0,0.008,6.791,0.438,0.393,24.042,28.266,27.660,0.2339,0.6919,1.0400,-0.0924,0,0.78047,0.3694,-0.4268,0.4454,0.3115,1,0.07743,0.2661,0.2822,0.1029,0.1193,1,0.06829,0.4649,0.7749,0.0024,-0.2154,0,1.93019,-0.5291,-0.3556,-0.3461,-0.1010,1,0.03908,0.0044,0.6416,0.1084,0.0016,0,0.08138,0.0038,-0.0000
7250.5,0,0.005,7.133,0.251,0.225,40.042,42.223,41.777,0.2197,0.4334,1.0308,-0.0997,0,0.53704,0.3815,-0.4521,0.4215,0.3703,1,0.07493,0.3129,0.3058,0.1782,0.0959,1,0.06792,0.4615,0.7615,0.0026,-0.2275,0,1.86760,-0.5341,-0.3451,-0.3888,-0.1077,1,0.03943,0.0038,0.6557,0.0989,0.0010,0,0.07282,0.0032,0.0000
7284.0,0,0.003,7.282,0.144,0.129,64.147,55.884,60.025,0.1848,0.0671,1.0057,-0.1077,0,0.22901,0.3677,-0.4745,0.3945,0.3902,1,0.07297,0.3575,0.4617,0.4810,0.0613,1,0.06711,0.4705,0.7488,0.0028,-0.2275,0,1.84781,-0.5269,-0.3750,-0.4421,-0.1091,1,0.03963,0.0035,0.6661,0.0978,0.0007,0,0.07633,0.0027,0.0001
7317.0,0,0.002,5.381,0.083,0.074,37.009,58.076,47.441,0.1431,-0.1650,0.9715,-0.1189,1,0.10233,0.2979,-0.4646,0.3421,0.3595,1,0.07286,0.3937,0.5733,0.7008,0.0470,1,0.07121,0.4868,0.7429,0.0028,-0.2161,0,1.96161,-0.4953,-0.4477,-0.4700,-0.0894,1,0.03899,-0.0146,0.7213,0.3240,-0.0301,1,0.07383,0.0030,0.0000
7350.5,0,0.001,3.079,0.047,0.042,32.441,43.508,37.827,0.1180,-0.2736,0.9084,-0.1402,1,0.10666,0.1794,-0.4284,0.2973,0.3035,1,0.07445,0.3980,0.6195,0.8289,0.0519,1,0.07754,0.5041,0.7445,0.0025,-0.1925,0,2.10117,-0.4474,-0.5233,-0.4719,-0.0680,1,0.04271,-0.0338,0.7799,0.6012,-0.0713,1,0.07367,0.0050,-0.0002
7384.0,0,0.000,2.696,0.027,0.024,59.641,24.893,46.901,0.0919,-0.3137,0.8604,-0.1542,1,0.12284,0.0781,-0.3939,0.2557,0.2442,1,0.07613,0.3770,0.6234,0.9149,0.0565,1,0.07838,0.5137,0.7545,0.0023,-0.1651,0,2.17886,-0.3876,-0.5595,-0.4570,-0.0522,1,0.05162,-0.0376,0.8001,0.7616,-0.0913,1,0.07615,0.0065,-0.0004
7417.0,0,0.000,2.632,0.016,1.444,76.260,43.788,69.349,0.0710,-0.3300,0.8277,-0.1628,1,0.13958,0.0297,-0.3772,0.2133,0.2095,1,0.07769,0.3510,0.6028,0.9844,0.0572,1,0.08066,0.5170,0.7680,0.0021,-0.1491,0,2.22114,-0.3213,-0.5915,-0.4568,-0.0402,1,0.05883,-0.0293,0.7911,0.8396,-0.0878,1,0.07977,0.0075,-0.0006
7450.5,0,0.000,6.260,1.789,2.131,59.095,38.143,53.836,0.0583,-0.3281,0.8001,-0.1653,1,0.15014,0.0357,-0.3672,0.1738,0.2016,1,0.07780,0.3290,0.5528,1.0426,0.0648,1,0.08053,0.5193,0.7789,0.0020,-0.1402,0,2.24870,-0.2555,-0.6255,-0.4651,-0.0315,1,0.06967,-0.0141,0.7568,0.8634,-0.0673,1,0.08306,0.0083,-0.0007
7484.0,0,0.000,7.070,1.023,2.390,71.536,51.744,64.095,0.0543,-0.3086,0.7842,-0.1628,1,0.15341,0.0830,-0.3671,0.1500,0.1957,1,0.07643,0.3150,0.4737,1.0767,0.0842,1,0.07592,0.5219,0.7863,0.0019,-0.1351,0,2.26255,-0.2220,-0.6509,-0.4767,-0.0302,1,0.07560,0.0005,0.7185,0.8337,-0.0327,1,0.08646,0.0090,-0.0008
7517.0,0,0.000,7.380,0.590,1.379,85.001,55.128,70.928,0.0509,-0.2767,0.7818,-0.1486,1,0.15240,0.1349,-0.3709,0.1538,0.1765,1,0.07574,0.3016,0.3826,1.0809,0.1216,1,0.06880,0.5222,0.7898,0.0018,-0.1432,0,2.25154,-0.2661,-0.6380,-0.4759,-0.0255,1,0.06214,0.0080,0.6772,0.6970,-0.0075,0,0.08794,0.0097,-0.0008
7550.5,0,0.000,5.141,0.338,0.789,63.968,70.987,67.507,0.0912,-0.2410,0.8006,-0.1026,1,0.15311,0.1830,-0.3750,0.1801,0.1779,1,0.07245,0.2985,0.2704,1.0372,0.1767,1,0.05736,0.5166,0.7900,0.0019,-0.1680,0,2.26446,-0.3765,-0.6259,-0.4509,-0.0174,1,0.06261,0.0043,0.6727,0.4929,-0.0015,0,0.23781,0.0100,-0.0009
7584.0,0,0.000,2.942,0.193,0.452,36.600,81.587,58.431,0.1457,-0.1184,0.8943,-0.0204,0,0.21858,0.2134,-0.3443,0.2195,0.2605,1,0.07440,0.3016,0.1593,0.9503,0.2329,1,0.03285,0.5019,0.7863,0.0019,-0.1949,0,2.29248,-0.4705,-0.6435,-0.4341,-0.0072,1,0.07084,0.0037,0.6887,0.3181,0.0008,0,0.50191,0.0127,-0.0013
7617.0,0,0.000,2.647,0.112,0.260,21.116,95.035,62.847,0.1795,0.0237,1.0129,0.0510,0,0.43191,0.1924,-0.2903,0.2020,0.3057,1,0.08724,0.2978,0.1648,0.8440,0.2703,1,0.02568,0.4854,0.7788,0.0017,-0.2153,0,2.35313,-0.5130,-0.6565,-0.4088,0.0029,1,0.06950,0.0039,0.7027,0.1966,0.0016,0,0.65119,0.0139,-0.0015
7650.5,0,0.000,1.515,0.064,1.853,35.020,76.095,58.102,0.1780,0.0658,1.0574,0.0759,0,0.53091,0.1795,-0.2567,0.1579,0.3504,1,0.09514,0.3047,0.1960,0.7491,0.2970,1,0.02756,0.4750,0.7672,0.0015,-0.2290,0,2.38961,-0.5301,-0.6531,-0.3734,0.0034,1,0.06892,0.0044,0.7116,0.1206,0.0018,0,0.72017,0.0143,-0.0015
7684.0,0,0.000,0.867,1.402,1.060,84.196,43.539,65.057,0.1497,0.0494,1.0560,0.0774,0,0.55728,0.1682,-0.2519,0.1169,0.3700,1,0.09791,0.3009,0.2012,0.6523,0.3045,1,0.03376,0.4707,0.7496,0.0014,-0.2364,0,2.40749,-0.5308,-0.6288,-0.3400,-0.0029,1,0.06995,0.0047,0.7169,0.0853,0.0019,0,0.73682,0.0142,-0.0014
7717.0,0,0.000,2.663,2.923,0.612,94.044,25.120,59.976,0.1126,0.2453,1.0363,0.0893,0,0.65179,0.1604,-0.2570,0.1409,0.3507,1,0.10035,0.2853,0.1783,0.5666,0.3065,1,0.03939,0.4717,0.7257,0.0014,-0.2377,0,2.39481,-0.5242,-0.5835,-0.3154,-0.0130,1,0.07310,0.0049,0.7182,0.0718,0.0019,0,0.71078,0.0133,-0.0014
7750.5,0,0.000,4.089,1.672,0.350,78.670,42.956,66.990,0.1041,0.4971,1.0248,0.1141,0,0.78069,0.1640,-0.2722,0.2417,0.2901,1,0.10541,0.2753,0.1399,0.4967,0.3079,1,0.04279,0.4796,0.7061,0.0015,-0.2284,0,2.35006,-0.5166,-0.5463,-0.3110,-0.0272,1,0.06845,0.0048,0.7156,0.0730,0.0019,0,0.64945,0.0122,-0.0012
7784.0,0,0.000,3.322,0.957,0.200,80.388,24.578,55.870,0.1530,0.6195,1.0351,0.1141,0,0.85742,0.1892,-0.3002,0.3188,0.2292,1,0.10266,0.2744,0.1050,0.4354,0.2890,1,0.04929,0.4887,0.7078,0.0017,-0.2052,0,2.28057,-0.4944,-0.5217,-0.3311,-0.0379,1,0.05870,0.0043,0.7108,0.2854,0.0018,0,0.36147,0.0108,-0.0010
7817.0,0,0.000,4.671,0.552,0.116,61.972,14.180,45.741,0.1915,0.6437,1.0539,0.0768,0,0.88686,0.2269,-0.3129,0.3262,0.1821,1,0.09813,0.2756,0.2147,0.3722,0.2454,1,0.05680,0.4922,0.7341,0.0019,-0.1715,0,2.24229,-0.4380,-0.5151,-0.3332,-0.0323,1,0.06642,-0.0031,0.7320,0.6519,-0.0164,1,0.08497,0.0093,-0.0009
7850.5,0,0.000,7.492,0.316,0.066,49.684,31.807,44.974,0.1854,0.5827,1.0599,0.0243,0,0.84769,0.2561,-0.2941,0.2748,0.1641,1,0.09500,0.2513,0.3513,0.2984,0.1924,1,0.06809,0.4943,0.7601,0.0018,-0.1327,0,2.26377,-0.3573,-0.5585,-0.3082,-0.0180,1,0.06924,-0.0086,0.7783,0.8533,-0.0552,1,0.08436,0.0094,-0.0009
7884.0,0,0.000,4.286,0.181,0.038,44.414,59.062,53.631,0.1506,0.3957,1.0468,-0.0207,0,0.70994,0.2744,-0.2713,0.2062,0.2373,1,0.09524,0.2202,0.4138,0.2305,0.1635,1,0.07628,0.5009,0.7744,0.0018,-0.0958,0,2.27520,-0.2796,-0.6112,-0.3076,-0.0115,1,0.06900,0.0033,0.7915,0.9561,-0.0683,1,0.08643,0.0098,-0.0009
7917.0,0,0.000,5.226,0.104,1.783,49.445,66.242,58.618,0.1093,0.1194,1.0249,-0.0523,0,0.50814,0.2808,-0.2599,0.1421,0.3170,1,0.09471,0.2206,0.4083,0.2024,0.1830,1,0.07608,0.5054,0.7816,0.0017,-0.0657,0,2.27901,-0.2196,-0.6538,-0.3340,-0.0063,1,0.06889,0.0158,0.7789,1.0021,-0.0713,1,0.08746,0.0103,-0.0009
7950.5,0,0.000,8.667,0.060,1.020,53.232,74.113,63.862,0.0722,-0.1215,1.0090,-0.0672,0,0.33414,0.2887,-0.2792,0.1213,0.3429,1,0.09611,0.2400,0.3554,0.2017,0.2134,1,0.07342,0.5054,0.7885,0.0018,-0.0427,0,2.27508,-0.1704,-0.6910,-0.3696,-0.0075,1,0.07276,0.0227,0.7569,1.0189,-0.0688,1,0.08807,0.0105,-0.0010
7984.0,0,0.000,9.311,0.034,0.584,30.458,42.405,36.540,0.0442,-0.3041,0.9985,-0.0757,0,0.19499,0.2966,-0.2907,0.1789,0.3153,1,0.09919,0.2615,0.3408,0.2146,0.2468,1,0.07138,0.5040,0.7939,0.0018,-0.0396,0,2.26146,-0.1574,-0.7143,-0.4046,-0.0142,1,0.06770,0.0226,0.7520,1.0102,-0.0601,1,0.08596,0.0106,-0.0010
8017.0,0,0.000,8.173,0.020,0.337,48.825,24.465,43.516,0.0292,-0.4319,0.9968,-0.0863,1,0.11018,0.2922,-0.3281,0.3037,0.2626,1,0.10662,0.2895,0.3527,0.2390,0.2722,1,0.06911,0.5021,0.7968,0.0018,-0.0768,0,2.25892,-0.2762,-0.7041,-0.4420,-0.0165,1,0.06556,0.0035,0.7570,0.9716,-0.0440,1,0.08555,0.0112,-0.0011
8050.5,0,0.000,5.906,0.011,0.193,39.681,39.424,43.329,0.0512,-0.5102,1.0305,-0.0714,1,0.10915,0.2645,-0.3628,0.4390,0.2120,1,0.11408,0.3267,0.3358,0.2512,0.2762,1,0.06518,0.4973,0.7982,0.0017,-0.1345,0,2.24035,-0.4315,-0.6575,-0.4515,-0.0040,1,0.05686,-0.0063,0.7447,0.8654,-0.0244,1,0.08529,0.0118,-0.0012
8084.0,0,0.000,8.261,0.006,1.731,61.450,47.460,56.177,0.0773,-0.5636,1.0621,-0.0134,1,0.10702,0.2283,-0.3897,0.5464,0.1924,1,0.11108,0.3706,0.3011,0.2997,0.2546,1,0.06048,0.4906,0.7977,0.0017,-0.1813,0,2.19080,-0.5421,-0.5956,-0.4371,0.0089,1,0.05629,-0.0021,0.7232,0.6963,-0.0092,0,0.08463,0.0117,-0.0349
8117.0,0,0.000,7.197,0.991,0.999,56.805,37.921,48.225,0.0762,-0.5943,1.0661,0.0769,1,0.10077,0.1996,-0.4213,0.6289,0.2050,1,0.09671,0.4094,0.3351,0.4990,0.1599,1,0.05924,0.4822,0.7951,0.0016,-0.2104,0,2.13823,-0.6079,-0.5668,-0.4239,0.0013,1,0.05322,0.0009,0.7151,0.5108,-0.0021,0,0.12938,0.0114,-0.0596
8150.5,0,0.000,9.277,0.567,0.571,79.347,49.961,64.835,0.0516,-0.5776,1.0408,0.1573,1,0.09705,0.1889,-0.4412,0.6717,0.2081,1,0.09681,0.4224,0.3845,0.7419,0.1087,1,0.05653,0.4745,0.7897,0.0017,-0.2272,0,2.12928,-0.6379,-0.5654,-0.3955,-0.0158,1,0.04857,0.0026,0.7153,0.3455,0.0005,0,0.25385,0.0118,-0.0593
8184.0,0,0.000,9.860,0.324,0.327,58.708,53.686,56.141,0.0243,-0.5177,1.0451,0.2043,1,0.09590,0.1903,-0.4444,0.6879,0.1894,1,0.09247,0.4276,0.4185,0.9002,0.1054,1,0.05680,0.4745,0.7801,0.0017,-0.2322,0,2.13796,-0.6419,-0.5830,-0.3722,-0.0338,1,0.04917,0.0036,0.7122,0.2257,0.0014,0,0.37448,0.0123,-0.0473
8217.0,0,4.030,7.118,0.187,0.189,33.871,59.969,46.768,0.0090,-0.4076,1.0806,0.2190,1,0.10051,0.1932,-0.4181,0.6780,0.1912,1,0.08623,0.4269,0.4288,1.0056,0.1137,1,0.05637,0.4835,0.7674,0.0017,-0.2093,0,2.14932,-0.6158,-0.6012,-0.3491,-0.0451,1,0.05135,0.0042,0.7074,0.1532,0.0018,0,0.45996,0.0128,-0.0339
8250.5,0,2.306,7.775,0.107,0.108,19.380,49.020,39.546,0.0282,-0.1029,1.0785,0.1882,0,0.10882,0.2105,-0.3788,0.6578,0.2158,1,0.08326,0.4064,0.3950,1.0975,0.1250,1,0.05559,0.4933,0.7573,0.0018,-0.1722,0,2.14662,-0.5745,-0.6195,-0.3484,-0.0527,1,0.04742,0.0046,0.6994,0.1209,0.0020,0,0.48651,0.0132,-0.0228
8284.0,0,1.319,6.518,1.297,1.400,45.409,62.117,56.538,0.0314,0.2955,1.0670,0.1436,0,0.24744,0.2319,-0.3525,0.6131,0.2196,1,0.08112,0.3425,0.3489,1.1580,0.1315,1,0.05454,0.5017,0.7585,0.0019,-0.1349,0,2.16284,-0.5070,-0.6509,-0.3601,-0.0521,1,0.05150,0.0046,0.6871,0.1052,0.0021,0,0.52136,0.0133,-0.0148
8317.0,0,0.761,6.961,0.748,0.808,40.190,78.462,60.692,0.0272,0.5423,1.0742,0.1014,0,0.35017,0.2595,-0.3292,0.5487,0.2014,1,0.06901,0.2823,0.3046,1.1873,0.1432,1,0.04816,0.5091,0.7658,0.0019,-0.1011,0,2.18367,-0.4213,-0.6912,-0.3657,-0.0445,1,0.06376,0.0045,0.6780,0.0864,0.0021,0,0.60510,0.0139,-0.0096
8350.5,0,0.436,5.309,0.428,0.462,22.995,72.042,48.187,0.0392,0.6579,1.0863,0.0504,0,0.34114,0.3231,-0.2849,0.4842,0.1785,1,0.05873,0.2402,0.2429,1.1856,0.1714,1,0.03220,0.5141,0.7700,0.0019,-0.0713,0,2.18197,-0.3347,-0.7376,-0.3685,-0.0294,1,0.07169,0.0044,0.6700,0.0672,0.0021,0,0.73304,0.0155,0.0306
8384.0,0,0.249,3.941,0.245,0.264,13.157,65.968,39.843,0.0619,0.7046,1.0940,0.0072,0,0.38171,0.3715,-0.2348,0.4092,0.1497,1,0.05931,0.2145,0.1789,1.1413,0.1919,1,0.03091,0.5147,0.7723,0.0020,-0.0479,0,2.20224,-0.2610,-0.7711,-0.3869,-0.0148,1,0.07258,0.0041,0.6617,0.1582,0.0021,0,0.68306,0.0174,0.0602
8417.0,0,0.144,5.051,0.141,0.153,7.591,38.060,29.423,0.0833,0.7137,1.0936,-0.0235,0,0.50493,0.3726,-0.1860,0.3298,0.1117,1,0.06680,0.2026,0.1282,1.0567,0.1987,1,0.02921,0.5110,0.7761,0.0019,-0.0310,0,2.26391,-0.2173,-0.7824,-0.3964,-0.0050,1,0.07698,0.0036,0.6565,0.3895,0.0020,0,0.46272,0.0177,0.0612
8450.5,0,0.082,8.848,0.081,0.087,31.871,60.931,49.899,0.0930,0.6976,1.0842,-0.0480,0,0.58144,0.3211,-0.1788,0.2643,0.0764,1,0.06873,0.2330,0.1891,0.9510,0.2493,1,0.02635,0.5028,0.7817,0.0017,-0.0492,0,2.32733,-0.2545,-0.8032,-0.3966,0.0027,1,0.09104,0.0028,0.6519,0.5896,0.0019,0,0.38789,0.0179,0.0487
8484.0,0,0.047,9.816,0.046,1.136,29.980,58.893,46.290,0.0914,0.7124,1.0718,-0.0564,0,0.70070,0.1748,-0.1757,0.1884,0.0748,1,0.07254,0.2466,0.2771,0.8485,0.2980,1,0.02585,0.4903,0.7878,0.0014,-0.1032,0,2.39188,-0.3367,-0.8266,-0.3994,0.0121,1,0.09822,0.0021,0.6502,0.6607,0.0017,0,0.43591,0.0192,0.0338
8517.0,0,0.027,8.917,0.027,0.656,17.297,33.979,26.707,0.0793,0.7285,1.0609,-0.0565,0,0.79622,0.0246,-0.1545,0.1106,0.1071,1,0.07644,0.2615,0.3102,0.7582,0.3271,1,0.02495,0.4800,0.7901,0.0010,-0.1563,0,2.43049,-0.4081,-0.8320,-0.3883,0.0283,1,0.09815,0.0017,0.6459,0.6258,0.0016,0,0.51620,0.0195,0.0217
8550.5,0,0.016,6.028,0.015,0.375,23.205,69.987,52.248,0.0762,0.7211,1.0550,-0.0637,0,0.85154,-0.0616,-0.1395,0.0433,0.1297,1,0.07937,0.2872,0.2905,0.6902,0.3339,1,0.02509,0.4790,0.7883,0.0007,-0.1936,0,2.45077,-0.4444,-0.8253,-0.3580,0.0369,1,0.09510,0.0017,0.6291,0.5273,0.0016,0,0.59911,0.0196,0.0430
8584.0,0,0.009,3.449,0.009,0.215,24.449,92.442,69.749,0.0773,0.6816,1.0526,-0.0791,0,0.86591,-0.0617,-0.1442,-0.0006,0.1223,1,0.08113,0.3213,0.2449,0.6354,0.3224,1,0.02141,0.4831,0.7835,0.0006,-0.2157,0,2.45955,-0.4575,-0.8049,-0.3157,0.0305,1,0.08757,0.0018,0.6108,0.4111,0.0016,0,0.66850,0.0191,0.0593
8617.0,0,0.005,4.606,0.005,1.201,51.038,87.658,70.390,0.0935,0.5307,1.0432,-0.0934,0,0.82591,-0.0017,-0.1615,-0.0078,0.1016,1,0.08049,0.3717,0.2742,0.5824,0.3103,1,0.02387,0.4827,0.7766,0.0005,-0.2265,0,2.45189,-0.4746,-0.7782,-0.2725,0.0213,1,0.08315,0.0021,0.6115,0.3147,0.0017,0,0.74869,0.0186,0.0551
8650.5,0,0.003,9.723,0.003,0.687,56.059,77.504,67.153,0.0999,0.2126,1.0221,-0.1067,0,0.68049,0.0743,-0.1704,0.0223,0.2078,1,0.08296,0.4058,0.3053,0.5533,0.3058,1,0.03037,0.4801,0.7668,0.0005,-0.2297,0,2.43546,-0.4883,-0.7591,-0.2558,0.0077,1,0.08070,0.0024,0.6327,0.2432,0.0017,0,0.82193,0.0186,0.0419
8684.0,0,0.002,7.914,0.002,1.788,44.841,72.928,58.925,0.0883,-0.0774,0.9872,-0.1012,0,0.52528,0.1291,-0.1810,0.0606,0.2923,1,0.09056,0.4136,0.2947,0.5349,0.2960,1,0.03166,0.4834,0.7582,0.0006,-0.2205,0,2.42333,-0.4880,-0.7569,-0.2691,-0.0032,1,0.07790,0.0027,0.6510,0.1854,0.0018,0,0.86154,0.0187,0.0283
8717.0,0,0.001,6.007,1.344,1.032,25.871,72.113,48.891,0.0745,-0.2495,0.9466,-0.0858,0,0.41067,0.1544,-0.1906,0.1105,0.3147,1,0.09549,0.3982,0.2502,0.5239,0.2878,1,0.03263,0.4928,0.7536,0.0007,-0.1970,0,2.40906,-0.4654,-0.7535,-0.2907,-0.0089,1,0.07559,0.0030,0.6570,0.1429,0.0018,0,0.84429,0.0184,0.0177
8750.5,0,0.001,5.638,0.769,0.590,14.802,52.066,33.331,0.0579,-0.3303,0.9185,-0.0631,0,0.32477,0.1664,-0.2064,0.1860,0.2954,1,0.10570,0.3668,0.1911,0.5443,0.2884,1,0.03361,0.5029,0.7510,0.0009,-0.1621,0,2.39289,-0.4191,-0.7402,-0.3047,-0.0131,1,0.07291,0.0033,0.6590,0.1150,0.0019,0,0.78411,0.0174,0.0104
8784.0,0,0.000,3.226,0.440,0.338,8.469,29.790,27.064,0.0399,-0.3512,0.9174,-0.0268,0,0.26731,0.1768,-0.2371,0.2615,0.2606,1,0.11465,0.3480,0.1351,0.5613,0.2869,1,0.03275,0.5114,0.7551,0.0011,-0.1236,0,2.36658,-0.3702,-0.7103,-0.3086,-0.0187,1,0.07045,0.0036,0.6656,0.0938,0.0019,0,0.71170,0.0161,0.0057
8817.0,0,0.000,4.441,0.254,0.195,18.877,17.187,27.523,0.0248,-0.3333,0.9327,0.0156,0,0.23173,0.1870,-0.2809,0.3115,0.2340,1,0.11347,0.3389,0.0990,0.5368,0.3090,1,0.03340,0.5155,0.7647,0.0012,-0.1133,0,2.31875,-0.3221,-0.6593,-0.3042,-0.0256,1,0.06855,0.0039,0.6761,0.0770,0.0019,0,0.61764,0.0146,0.0029
8850.5,0,0.000,6.059,0.145,0.111,22.546,32.720,32.919,0.0244,-0.2769,0.9622,0.0538,0,0.23259,0.1883,-0.3177,0.3230,0.2262,1,0.10668,0.3302,0.0604,0.4899,0.3476,1,0.03822,0.5154,0.7782,0.0013,-0.1103,0,2.26152,-0.2660,-0.6097,-0.2973,-0.0141,1,0.06918,0.0042,0.6799,0.0648,0.0019,0,0.52755,0.0124,0.0013
8884.0,0,0.000,8.257,0.083,1.782,44.260,42.926,46.387,0.0631,0.1406,1.0076,0.0666,0,0.47450,0.1898,-0.3525,0.2911,0.2271,1,0.10033,0.3201,0.0210,0.4509,0.3695,1,0.03907,0.5129,0.7889,0.0014,-0.0947,0,2.22786,-0.2084,-0.5882,-0.2855,0.0263,1,0.07272,0.0043,0.6698,0.0564,0.0019,0,0.47441,0.0106,0.0004
8917.0,0,0.000,9.560,0.048,2.834,25.536,47.188,37.881,0.0981,0.4866,1.0414,0.0502,0,0.69940,0.2151,-0.3677,0.2487,0.2171,1,0.10020,0.3124,-0.0060,0.4199,0.3653,1,0.03908,0.5063,0.7945,0.0014,-0.0886,0,2.22019,-0.1713,-0.5932,-0.2615,0.0648,1,0.07357,0.0040,0.6583,0.2558,0.0018,0,0.27888,0.0097,-0.0000
8950.5,0,0.000,11.392,0.027,1.622,62.340,73.395,68.110,0.1259,0.6389,1.0611,0.0277,0,0.79650,0.2504,-0.3779,0.2840,0.1846,1,0.10998,0.3003,-0.0112,0.3939,0.3189,1,0.03691,0.4949,0.7970,0.0015,-0.1092,0,2.24158,-0.2455,-0.6037,-0.2468,0.0742,1,0.07305,-0.0015,0.6860,0.6496,-0.0131,1,0.08564,0.0096,-0.0004
8984.0,0,0.000,6.518,0.016,0.928,50.624,52.533,51.611,0.1484,0.6888,1.0715,0.0040,0,0.81344,0.2667,-0.3761,0.3759,0.1390,1,0.11959,0.2857,0.0202,0.3876,0.2708,1,0.03776,0.4811,0.7980,0.0014,-0.1452,0,2.27310,-0.3985,-0.6137,-0.2573,0.0585,1,0.06958,-0.0109,0.7423,0.8714,-0.0424,0,0.08673,0.0109,-0.0008
9017.0,0,0.000,3.761,0.009,1.677,40.287,43.074,49.934,0.1523,0.6819,1.0717,-0.0254,0,0.76955,0.2736,-0.3564,0.4548,0.1266,1,0.11937,0.2970,0.1056,0.3988,0.2537,1,0.04088,0.4723,0.7972,0.0012,-0.1810,0,2.27816,-0.5065,-0.6201,-0.2682,0.0350,1,0.06322,-0.0204,0.7711,0.9720,-0.0547,1,0.08478,0.0130,-0.0011
9050.5,0,0.000,3.617,0.005,0.960,61.738,36.788,49.006,0.1426,0.6466,1.0629,-0.0484,0,0.73286,0.2720,-0.3580,0.4733,0.1625,1,0.12286,0.3025,0.1440,0.4047,0.2558,1,0.04090,0.4717,0.7940,0.0011,-0.2087,0,2.28154,-0.5564,-0.6246,-0.3106,0.0187,1,0.06302,-0.0237,0.7663,1.0172,-0.0546,1,0.08529,0.0147,-0.0015
9084.0,0,0.000,2.070,0.003,0.549,62.343,36.004,48.852,0.1348,0.6718,1.0551,-0.0652,0,0.75226,0.2572,-0.3800,0.4500,0.2143,1,0.11657,0.2965,0.1307,0.3922,0.2435,1,0.04127,0.4756,0.7872,0.0011,-0.2255,0,2.28177,-0.5795,-0.6201,-0.3605,0.0082,1,0.05986,-0.0244,0.7539,1.0235,-0.0504,0,0.08561,0.0152,-0.0016
9117.0,0,0.000,3.303,1.290,0.317,66.392,35.238,50.379,0.1481,0.6961,1.0532,-0.0714,0,0.78603,0.2426,-0.3940,0.4135,0.2475,1,0.10821,0.2908,0.1065,0.3752,0.2275,1,0.04153,0.4808,0.7750,0.0011,-0.2308,0,2.28643,-0.5841,-0.6120,-0.3915,-0.0003,1,0.06028,-0.0165,0.7308,1.0068,-0.0368,1,0.08615,0.0154,-0.0016
9150.5,0,0.000,7.414,3.350,0.181,37.987,73.063,63.202,0.1755,0.6817,1.0576,-0.0695,0,0.77911,0.2695,-0.3770,0.3904,0.2592,1,0.10272,0.3054,0.1428,0.3754,0.2287,1,0.04217,0.4844,0.7554,0.0011,-0.2219,0,2.28542,-0.5751,-0.6155,-0.4057,-0.0053,1,0.05804,-0.0015,0.6924,0.9405,-0.0143,1,0.08689,0.0153,-0.0017
9184.0,0,0.000,13.760,1.917,0.104,58.423,73.872,65.206,0.1809,0.6012,1.0575,-0.0703,0,0.76559,0.2479,-0.3492,0.3680,0.2411,1,0.09368,0.3035,0.2008,0.3703,0.2215,1,0.04694,0.4848,0.7377,0.0012,-0.1979,0,2.28839,-0.5412,-0.6219,-0.3977,-0.0118,1,0.06158,0.0015,0.6812,0.7882,-0.0036,0,0.11010,0.0151,-0.0016
9217.0,0,0.000,12.271,1.106,0.060,33.707,42.621,37.621,0.1716,0.4271,1.0416,-0.0759,0,0.74781,0.1657,-0.3135,0.3183,0.1997,1,0.08471,0.2849,0.2289,0.3507,0.2066,1,0.05192,0.4910,0.7408,0.0014,-0.1638,0,2.30410,-0.4851,-0.6381,-0.3671,-0.0168,1,0.06827,0.0019,0.6950,0.6074,-0.0004,0,0.18573,0.0142,-0.0016
9250.5,0,0.000,11.506,1.461,0.034,30.273,35.937,32.701,0.1516,0.2148,1.0141,-0.0863,0,0.69766,0.0864,-0.2743,0.2600,0.1457,1,0.08230,0.2668,0.2289,0.3158,0.1953,1,0.05610,0.5034,0.7533,0.0013,-0.1253,0,2.31199,-0.4035,-0.6550,-0.3262,-0.0134,1,0.07468,0.0026,0.7061,0.4319,0.0008,0,0.25435,0.0132,-0.0014
9284.0,0,0.000,8.625,0.836,0.020,38.760,61.936,49.811,0.1202,0.0417,1.0024,-0.0958,0,0.59567,0.0447,-0.2473,0.1992,0.1919,1,0.08323,0.2554,0.2087,0.2950,0.2026,1,0.05879,0.5144,0.7650,0.0012,-0.0896,0,2.28947,-0.3123,-0.6613,-0.3050,-0.0033,1,0.07620,0.0035,0.7119,0.2905,0.0012,0,0.27671,0.0117,-0.0012
9317.0,0,0.000,9.594,0.482,1.579,49.821,35.734,48.476,0.0862,-0.0960,1.0051,-0.1045,0,0.46296,0.0344,-0.2403,0.1571,0.2546,1,0.08423,0.2512,0.1701,0.3043,0.2118,1,0.05966,0.5220,0.7773,0.0013,-0.0609,0,2.24347,-0.2295,-0.6545,-0.3017,-0.0011,1,0.07083,0.0043,0.7126,0.2031,0.0015,0,0.26379,0.0101,-0.0010
9350.5,0,0.000,10.674,0.276,0.903,86.049,54.952,72.984,0.0563,-0.2251,1.0073,-0.1085,0,0.29534,0.0456,-0.2566,0.1677,0.2860,1,0.08286,0.2569,0.1443,0.4761,0.1622,1,0.05802,0.5259,0.7876,0.0013,-0.0393,0,2.16528,-0.1697,-0.6260,-0.3235,-0.0163,1,0.06559,0.0047,0.7011,0.1532,0.0016,0,0.21675,0.0084,-0.0007
9384.0,0,0.000,10.907,2.162,0.517,59.343,56.656,67.402,0.0338,-0.3047,1.0033,-0.1034,0,0.15455,0.0772,-0.2667,0.1839,0.3245,1,0.07983,0.2766,0.1673,0.7341,0.1215,1,0.06014,0.5230,0.7937,0.0016,-0.0122,0,2.10381,-0.1465,-0.6072,-0.3419,-0.0362,1,0.06254,0.0048,0.6818,0.1232,0.0061,0,0.21483,0.0071,-0.0006
9417.0,0,0.000,10.954,1.247,0.298,61.801,53.526,62.887,0.0265,-0.3173,0.9929,-0.0754,1,0.10814,0.1180,-0.2705,0.1841,0.3429,1,0.07419,0.3043,0.2111,0.9087,0.1258,1,0.05922,0.5156,0.7967,0.0017,-0.0247,0,2.14710,-0.2563,-0.6260,-0.3415,-0.0181,1,0.06398,0.0044,0.6719,0.2569,0.0091,0,0.23776,0.0076,-0.0007
9450.5,0,0.000,8.392,0.714,0.171,35.360,46.612,52.104,0.0369,-0.2632,0.9902,-0.0090,1,0.10364,0.1703,-0.2701,0.2093,0.3288,1,0.06330,0.3018,0.2370,1.0392,0.1637,1,0.05247,0.5047,0.7978,0.0016,-0.0815,0,2.21732,-0.4296,-0.6734,-0.3246,0.0135,1,0.06042,0.0033,0.6721,0.5885,0.0086,0,0.20775,0.0112,-0.0011
9484.0,0,0.000,4.801,1.584,0.098,52.768,74.050,64.311,0.0529,0.1237,1.0081,0.0630,0,0.10894,0.2573,-0.2890,0.2573,0.3263,1,0.04797,0.2720,0.2741,1.1408,0.2063,1,0.04196,0.4871,0.7967,0.0014,-0.1418,0,2.17913,-0.5269,-0.6993,-0.3031,0.0213,1,0.05510,0.0021,0.6749,0.8406,0.0069,0,0.14923,0.0167,-0.0018
9517.0,0,0.000,2.770,0.914,0.056,30.444,55.383,43.382,0.0798,0.4677,1.0221,0.0671,0,0.21245,0.2966,-0.2803,0.2676,0.3466,1,0.04644,0.2104,0.2888,1.1843,0.2241,1,0.03743,0.4599,0.7929,0.0015,-0.1834,0,2.16643,-0.5584,-0.6807,-0.2900,0.0063,1,0.05398,0.0011,0.6711,0.9369,0.0033,1,0.08039,0.0198,-0.0023
9550.5,0,0.000,1.585,0.523,0.032,48.656,41.713,51.105,0.0856,0.6107,1.0348,0.0302,0,0.25841,0.3450,-0.2737,0.2968,0.3577,1,0.06014,0.1607,0.2640,1.2033,0.2200,1,0.03575,0.4287,0.7853,0.0015,-0.2076,0,2.16277,-0.5706,-0.6561,-0.2750,-0.0091,1,0.05297,0.0019,0.6569,0.9279,0.0003,1,0.08002,0.0207,-0.0024
9584.0,0,0.000,0.907,0.299,0.018,56.434,37.626,56.951,0.0764,0.5992,1.0455,-0.0110,0,0.22592,0.3960,-0.2949,0.3748,0.3431,1,0.07111,0.1213,0.2243,1.2324,0.2033,1,0.03588,0.4155,0.7739,0.0017,-0.2174,0,2.14673,-0.5773,-0.6160,-0.2686,-0.0213,1,0.05347,0.0019,0.6297,0.8461,0.0015,0,0.08527,0.0205,-0.0024
9617.0,0,0.000,2.725,0.173,0.011,32.559,32.788,38.352,0.0593,0.3970,1.0493,-0.0397,0,0.09254,0.4210,-0.3186,0.4844,0.2997,1,0.08003,0.0819,0.1812,1.2559,0.1885,1,0.03426,0.4279,0.7620,0.0019,-0.2120,0,2.12507,-0.5829,-0.5905,-0.2704,-0.0298,1,0.05229,0.0017,0.6209,0.7023,0.0020,0,0.16328,0.0203,-0.0023
9650.5,0,0.000,2.583,0.099,0.006,18.629,33.715,29.359,0.1079,0.1390,1.0263,-0.0534,1,0.09058,0.3433,-0.3658,0.5519,0.2589,1,0.09124,0.0999,0.2563,1.2188,0.2013,1,0.03315,0.4525,0.7591,0.0019,-0.2001,0,2.16778,-0.6025,-0.6399,-0.2944,-0.0271,1,0.06461,0.0020,0.6340,0.5270,0.0021,0,0.40336,0.0201,-0.0024
9684.0,0,0.000,6.050,0.057,0.003,41.995,29.569,42.445,0.1501,-0.1062,0.9712,-0.0155,1,0.09199,0.1915,-0.4226,0.5607,0.2643,1,0.09119,0.1416,0.3376,1.1656,0.2317,1,0.03121,0.4745,0.7654,0.0017,-0.1882,0,2.20763,-0.6057,-0.7024,-0.3426,-0.0230,1,0.08275,0.0024,0.6588,0.3563,0.0022,0,0.64967,0.0210,0.0064
9717.0,0,0.000,5.597,0.033,0.002,24.229,29.203,37.742,0.1708,-0.2657,0.8973,0.0288,1,0.09229,0.0683,-0.4511,0.5146,0.2766,1,0.08852,0.1925,0.3352,1.0862,0.2559,1,0.02519,0.4892,0.7748,0.0015,-0.1676,0,2.23883,-0.5721,-0.7702,-0.4032,-0.0140,1,0.09555,0.0029,0.6806,0.2253,0.0022,0,0.84258,0.0217,-0.0294
9750.5,0,0.000,3.202,0.019,0.001,13.863,64.562,52.513,0.1606,-0.3475,0.8087,0.0367,1,0.09576,-0.0068,-0.4068,0.4195,0.2857,1,0.08326,0.2420,0.3097,1.0057,0.2610,1,0.02205,0.5020,0.7852,0.0012,-0.1363,0,2.29187,-0.5017,-0.8162,-0.4422,-0.0041,1,0.09659,0.0034,0.6906,0.1355,0.0021,0,0.95200,0.0218,0.0195
9784.0,0,0.000,3.126,0.011,1.078,34.117,36.940,50.384,0.1295,-0.3672,0.7089,0.0394,1,0.09847,-0.0059,-0.3583,0.3038,0.2787,1,0.08179,0.3059,0.2994,0.9189,0.2869,1,0.02622,0.5126,0.7926,0.0011,-0.1020,0,2.33685,-0.4129,-0.8290,-0.4346,0.0039,1,0.10114,0.0037,0.6845,0.0901,0.0020,0,0.99633,0.0209,0.0783
9817.0,0,0.000,3.942,0.006,1.727,33.559,34.621,48.825,0.0904,-0.3482,0.6010,0.0592,1,0.09977,0.0524,-0.3260,0.2020,0.2445,1,0.08217,0.3611,0.2893,0.8399,0.3077,1,0.02585,0.5189,0.7965,0.0010,-0.0718,0,2.36740,-0.3283,-0.8216,-0.3989,0.0063,1,0.09993,0.0037,0.6770,0.0851,0.0020,0,0.99002,0.0201,0.0911
9850.5,0,0.000,2.256,0.004,0.988,55.128,29.918,63.671,0.0442,-0.3110,0.4929,0.0822,1,0.09977,0.1036,-0.3170,0.1266,0.1921,1,0.08038,0.4030,0.2510,0.7681,0.3097,1,0.02579,0.5220,0.7987,0.0010,-0.0476,0,2.37948,-0.2566,-0.7915,-0.3541,0.0108,1,0.09230,0.0037,0.6764,0.0950,0.0020,0,0.93586,0.0190,0.0781
9884.0,0,0.000,1.291,0.895,0.565,54.254,51.801,64.890,-0.0029,-0.2686,0.4210,0.1061,1,0.09991,0.1267,-0.3126,0.1167,0.1640,1,0.08484,0.4175,0.2061,0.7153,0.3211,1,0.03069,0.5237,0.8001,0.0011,-0.0302,0,2.36713,-0.2127,-0.7498,-0.3207,0.0144,1,0.08125,0.0035,0.6801,0.1722,0.0020,0,0.78968,0.0175,0.0576
9917.0,0,0.000,3.907,0.516,0.326,55.958,44.352,56.836,-0.0084,0.0244,0.5592,0.1393,0,0.40616,0.1165,-0.2937,0.1041,0.1742,1,0.09386,0.3888,0.1964,0.6579,0.3495,1,0.03126,0.5247,0.8008,0.0013,-0.0187,0,2.37057,-0.2320,-0.7289,-0.3137,0.0178,1,0.07590,0.0031,0.6768,0.3885,0.0019,0,0.53249,0.0164,0.0389
9950.5,0,0.000,4.059,0.295,1.703,69.160,49.942,62.974,-0.0019,0.3959,0.7566,0.1447,0,0.69848,0.1264,-0.2921,0.0695,0.2263,1,0.09968,0.3448,0.2032,0.6291,0.3669,1,0.03081,0.5214,0.8011,0.0012,-0.0464,0,2.39696,-0.3256,-0.7448,-0.3376,0.0175,1,0.07619,0.0024,0.6708,0.6882,0.0017,0,0.32160,0.0160,0.0244
