t_ms,threat,loom:R1-6,loom:L1,loom:L2,loom:L3,loom:Mi1,loom:Tm3,loom:Tm1,loom:Tm2,loom:Tm9,loom:T4a,loom:T4b,loom:T4c,loom:T4d,loom:T5a,loom:T5b,loom:T5c,loom:T5d,ctrl:R1-6,ctrl:L1,ctrl:L2,ctrl:L3,ctrl:Mi1,ctrl:Tm3,ctrl:Tm1,ctrl:Tm2,ctrl:Tm9,ctrl:T4a,ctrl:T4b,ctrl:T4c,ctrl:T4d,ctrl:T5a,ctrl:T5b,ctrl:T5c,ctrl:T5d
50.0,0,0.000,11.942,11.942,11.942,0.000,0.000,12.485,11.439,3.346,0.000,0.000,0.000,0.000,6.834,6.277,9.368,8.095,0.000,11.942,11.942,11.942,0.000,0.000,7.192,2.511,0.000,0.000,0.000,0.000,0.000,0.000,0.000,0.000,1.966
94.0,0,0.000,18.505,13.807,16.494,0.000,0.000,13.351,11.485,5.449,0.000,0.000,0.000,0.000,3.283,3.015,4.500,3.888,0.000,25.829,15.986,17.406,0.000,0.000,7.285,5.782,2.936,0.000,0.000,0.000,0.000,0.000,0.000,0.000,2.768
127.0,0,14.042,16.170,9.244,20.842,0.000,0.000,9.069,8.832,3.144,0.000,0.000,0.000,0.000,1.894,1.740,2.596,2.243,17.363,20.987,17.622,18.340,0.000,0.000,6.781,3.336,1.694,0.000,0.000,0.000,0.000,0.000,0.000,0.000,1.597
176.5,0,25.966,7.943,5.778,17.522,2.188,0.731,5.882,4.961,2.018,0.000,0.000,0.000,0.000,0.830,0.762,1.138,0.983,25.630,20.146,17.333,23.791,1.657,2.664,6.444,1.462,0.742,0.000,1.025,0.000,0.000,0.000,0.000,0.000,0.700
222.0,0,27.901,6.274,5.646,21.862,4.228,1.686,5.912,5.498,3.684,0.000,0.000,0.000,0.000,0.389,0.357,0.533,0.461,27.882,17.841,16.787,23.259,3.235,6.048,4.780,3.145,0.348,0.000,0.480,0.000,0.000,0.000,0.000,0.000,0.328
272.0,0,30.040,7.197,4.673,20.182,5.934,1.527,5.005,3.678,2.351,0.000,0.000,0.000,0.000,0.169,0.155,0.232,0.200,31.883,15.618,14.822,24.433,3.509,4.059,6.166,2.838,0.151,0.000,0.209,0.000,0.000,0.000,0.000,0.000,0.142
322.0,0,34.802,4.637,4.412,24.348,6.258,1.839,4.752,2.887,1.915,0.000,0.000,0.000,0.000,0.073,0.067,0.101,0.087,35.739,17.482,13.177,23.426,5.563,6.601,4.221,1.233,0.066,0.000,0.091,0.000,0.000,0.000,0.000,0.000,0.062
372.0,0,36.034,3.742,3.900,19.531,7.626,0.799,3.103,2.292,1.461,0.000,0.000,0.000,0.000,0.032,0.029,0.044,0.038,36.942,13.921,12.662,23.043,3.642,2.869,2.660,1.923,0.029,0.000,0.039,0.000,0.000,0.000,0.000,0.000,0.027
422.0,0,33.498,3.720,3.677,18.679,6.669,1.097,3.500,1.919,2.871,0.000,0.000,0.000,0.000,0.014,0.013,0.019,0.016,37.078,13.180,12.744,27.110,3.413,3.114,3.598,0.836,0.012,0.000,0.017,0.000,0.000,0.000,0.000,0.000,0.012
472.0,0,36.798,2.596,4.020,19.758,7.561,0.477,2.767,2.080,2.348,0.000,0.000,0.000,0.000,0.006,0.006,0.008,0.007,38.664,17.696,12.082,22.452,2.954,2.214,5.059,0.363,0.005,0.000,0.007,0.000,0.000,0.000,0.000,0.000,0.005
522.0,0,34.779,3.005,4.116,21.949,6.000,1.289,3.203,3.526,1.671,0.000,0.000,0.000,0.000,0.003,0.002,0.004,0.003,37.844,13.705,11.278,21.498,3.242,3.171,2.199,1.413,0.002,0.000,1.003,0.000,0.000,0.000,0.000,0.000,0.002
572.0,0,37.050,2.155,2.955,22.479,9.278,0.560,2.713,1.532,3.461,0.000,0.000,0.000,0.000,0.001,0.001,0.002,0.001,38.713,12.744,13.290,22.050,4.223,5.474,4.842,1.818,0.001,0.000,2.227,0.000,0.000,0.000,0.000,0.000,0.001
622.0,0,35.565,2.639,2.983,21.473,8.128,0.993,1.922,2.491,2.516,0.000,0.000,0.000,0.000,0.000,0.000,0.001,0.001,38.042,15.814,14.004,27.463,3.751,4.242,5.087,2.951,0.000,0.000,2.027,0.000,0.000,0.000,0.000,0.000,0.000
672.0,0,34.633,6.730,2.378,22.471,7.817,1.764,0.836,1.083,2.862,0.000,0.000,0.000,0.000,0.000,0.000,0.000,0.000,39.336,13.690,11.573,21.857,3.939,4.493,3.391,1.282,0.000,0.000,0.881,0.000,0.000,0.000,0.000,0.000,0.000
721.0,0,35.467,4.631,2.897,20.288,9.524,1.493,2.369,1.174,1.978,0.000,0.000,0.000,0.000,0.000,0.000,0.000,0.000,38.316,15.841,13.658,21.466,4.308,3.216,3.834,2.746,0.000,0.000,1.761,0.000,0.000,0.000,0.000,0.000,0.000
771.0,0,36.294,3.951,1.910,21.043,9.687,1.795,1.725,1.200,2.854,0.000,0.000,0.000,0.000,0.000,0.000,0.000,0.000,40.469,15.111,12.346,22.250,7.848,6.172,4.185,1.193,0.000,0.000,2.602,0.000,0.000,0.000,0.000,0.000,0.000
819.5,0,33.514,5.100,4.086,19.455,6.243,0.800,2.781,2.579,2.936,0.000,0.000,0.000,0.000,0.000,0.000,0.000,0.000,38.588,14.262,14.010,23.515,3.497,3.725,4.555,2.758,0.000,0.000,1.159,0.986,0.000,0.000,0.000,0.000,0.000
869.5,0,34.169,3.926,2.849,23.239,6.349,1.233,2.355,2.258,2.860,0.000,0.000,0.000,0.000,0.000,0.000,0.000,0.000,39.753,13.156,10.644,24.477,4.557,3.656,2.987,1.199,0.000,0.000,0.504,0.428,0.000,0.000,0.000,0.000,0.000
919.5,0,34.351,5.633,5.216,22.931,7.970,0.536,3.153,3.120,4.140,0.000,0.000,0.000,0.000,0.000,0.000,0.000,0.000,35.665,11.482,12.313,23.315,3.088,4.981,3.909,1.819,0.000,0.000,0.219,0.186,0.000,0.000,0.000,0.000,0.000
969.5,0,36.073,3.395,5.628,21.844,6.914,0.867,4.134,4.083,4.749,0.000,0.000,0.000,0.000,0.000,0.000,0.000,0.000,35.680,16.487,12.415,23.597,4.103,3.108,3.535,0.791,0.000,0.000,0.095,1.027,0.000,0.000,0.000,0.000,0.000
1018.5,0,38.302,3.222,3.578,23.422,7.497,1.438,3.714,2.980,2.099,0.000,0.000,0.000,0.000,0.000,0.000,0.000,0.000,37.132,15.031,11.815,21.672,5.760,3.555,2.444,1.184,0.000,0.000,0.042,0.454,0.000,0.000,0.000,0.000,0.000
1067.0,0,36.648,5.425,2.382,23.543,5.004,0.641,2.533,2.199,3.752,0.000,0.000,0.000,0.000,0.000,0.000,0.000,0.000,32.852,14.091,12.319,24.740,3.989,2.609,4.797,3.039,0.000,0.000,0.901,0.202,0.000,0.000,0.000,0.000,0.000
1115.5,0,37.570,3.455,2.833,20.175,5.328,1.149,3.080,1.729,2.301,0.000,0.000,0.000,0.000,0.000,0.000,0.000,0.000,33.363,16.609,15.801,24.087,1.778,1.163,7.299,2.927,0.000,0.000,0.401,0.090,0.000,0.000,0.000,0.000,0.000
1164.0,0,39.071,5.010,3.555,19.433,7.136,1.567,2.351,1.741,1.025,0.000,0.000,0.000,0.000,0.000,0.000,0.000,0.000,32.070,18.055,13.844,23.361,2.123,2.960,3.252,2.613,0.000,0.000,0.179,0.040,0.000,0.000,0.000,0.000,0.000
1212.5,0,36.724,3.262,2.274,21.858,7.311,0.698,1.773,1.495,4.064,0.000,0.000,0.000,0.000,0.000,0.000,0.000,0.000,32.548,15.207,13.737,23.335,4.920,6.002,3.535,1.164,0.000,0.000,1.157,0.964,0.000,0.000,0.000,0.000,0.000
1261.5,0,36.054,4.223,1.706,23.198,5.881,0.309,0.783,0.661,2.660,0.000,0.000,0.000,0.000,0.000,0.000,0.000,0.000,40.024,14.094,12.421,22.941,3.037,4.342,5.016,2.302,0.000,0.000,0.511,0.426,0.000,0.000,0.000,0.000,0.000
1310.0,0,36.737,3.619,3.529,20.895,5.697,0.952,3.376,2.234,2.660,0.000,0.000,0.000,0.000,0.000,0.000,0.000,0.000,34.134,16.776,13.408,20.961,4.018,2.832,6.494,2.413,0.000,0.000,1.342,0.190,0.000,0.000,0.000,0.000,0.000
1358.5,0,38.537,3.634,1.573,21.890,6.994,0.424,1.504,0.996,2.093,0.000,0.000,0.000,0.000,0.000,0.000,0.000,0.000,38.198,14.170,13.964,23.778,3.762,2.189,2.894,2.045,0.000,0.000,0.598,1.240,0.000,0.000,0.000,0.000,0.000
1407.0,0,37.055,2.574,2.634,21.890,8.375,0.189,2.823,2.535,4.239,0.000,0.000,0.000,0.000,0.000,0.000,0.000,0.000,31.105,17.403,16.897,24.825,4.618,5.381,4.287,0.911,0.000,0.000,0.266,0.552,0.000,0.000,0.000,0.000,0.000
1456.0,0,34.307,3.467,4.405,22.412,7.336,0.756,3.314,2.149,4.274,0.000,0.000,0.000,0.000,0.000,0.000,0.000,0.000,30.234,17.203,13.917,23.698,2.041,2.378,4.221,2.534,0.000,0.000,0.118,0.244,0.000,0.000,0.000,0.000,0.000
1504.5,0,34.890,5.217,3.129,22.202,6.630,0.337,2.122,1.603,3.862,0.000,0.000,0.000,0.000,0.000,0.000,0.000,0.000,34.148,19.005,14.948,24.152,1.779,1.899,6.024,2.427,0.000,0.000,0.052,0.109,0.000,0.000,0.000,0.000,0.000
1553.0,0,35.585,3.336,1.394,25.054,9.226,2.000,0.946,0.714,3.797,0.000,0.000,0.000,0.000,0.000,0.000,0.000,0.000,35.815,18.011,13.674,18.861,2.392,2.550,4.213,1.862,0.000,0.000,0.023,0.048,0.000,0.000,0.000,0.000,0.000
1601.5,0,35.474,3.548,3.530,22.520,8.251,1.946,2.113,2.095,2.670,0.000,0.000,0.000,0.000,0.000,0.000,0.000,0.000,39.146,10.954,9.088,26.008,3.165,4.053,3.020,0.830,0.000,0.000,1.394,0.022,0.000,0.000,0.000,0.000,0.000
1650.0,0,34.925,4.217,2.536,21.625,8.542,0.867,1.581,1.573,2.012,0.000,0.000,0.000,0.000,0.000,0.000,0.000,0.000,38.204,17.143,11.521,21.057,2.317,2.789,3.421,1.364,0.000,0.000,1.646,0.010,0.000,0.000,0.000,0.000,0.000
1699.0,0,36.507,3.794,2.277,22.147,9.105,1.412,2.042,0.695,1.901,0.000,0.000,0.000,0.000,0.000,0.000,0.000,0.000,38.365,16.342,14.383,23.283,2.123,3.812,5.738,1.614,0.000,0.000,0.727,0.004,0.000,0.000,0.000,0.000,0.000
1747.5,0,34.970,2.606,1.728,24.071,8.596,0.629,1.672,1.066,2.881,0.000,0.000,0.000,0.000,0.000,0.000,0.000,0.000,38.585,17.785,12.715,23.687,0.946,2.860,3.884,3.055,0.000,0.000,0.324,0.002,0.000,0.000,0.000,0.000,0.000
1796.0,0,37.185,4.828,3.510,23.884,9.094,1.476,2.869,2.609,4.971,0.000,0.000,0.000,0.000,0.000,0.000,0.000,0.000,43.716,15.602,14.733,19.441,2.004,2.186,3.747,1.361,0.000,0.000,0.144,0.001,0.000,0.000,0.000,0.000,0.000
1844.5,0,35.652,3.022,3.257,22.468,8.400,0.658,3.096,2.109,4.288,0.000,0.000,0.000,0.000,0.000,0.000,0.000,0.000,39.868,12.027,13.478,20.958,2.048,2.145,6.388,2.053,0.000,0.000,0.064,0.000,0.000,0.000,0.000,0.000,0.000
1893.5,0,34.944,3.110,2.363,20.532,8.518,1.735,1.368,1.978,1.895,0.000,0.000,0.000,0.000,0.000,0.000,0.000,0.000,36.391,14.072,12.675,25.261,2.644,3.882,2.823,0.907,0.000,0.000,0.028,0.000,0.000,0.000,0.000,0.000,0.000
1942.0,0,32.551,5.672,4.464,21.554,10.898,2.019,4.273,3.373,3.149,0.000,0.000,0.000,0.000,0.000,0.000,0.000,0.000,33.624,14.584,14.017,24.347,2.712,2.882,4.377,2.449,0.000,0.000,0.013,0.000,0.000,0.000,0.000,0.000,0.000
1990.5,0,33.245,4.224,3.366,24.328,8.596,0.900,1.904,1.503,2.769,0.000,0.000,0.000,0.000,0.000,0.000,0.000,0.000,34.225,16.175,12.542,19.806,2.100,2.317,6.035,2.422,0.000,0.000,0.006,0.000,0.000,0.000,0.000,0.000,0.000
2039.0,0,34.338,4.003,3.585,25.159,8.482,2.401,2.418,1.548,2.480,0.000,0.000,0.000,0.000,0.000,0.000,0.000,0.000,32.597,16.548,13.763,27.387,2.072,3.670,3.794,2.099,0.000,0.000,0.003,0.000,0.000,0.000,0.000,0.000,0.000
2087.5,0,35.515,2.787,3.980,25.010,7.766,1.070,2.215,1.827,2.813,0.000,0.000,0.000,0.000,0.000,0.000,0.000,0.000,33.834,16.632,13.806,23.030,2.078,1.635,3.562,2.481,0.000,0.000,0.001,0.000,0.000,0.000,0.000,0.000,0.000
2136.5,0,32.294,4.156,1.759,23.137,6.723,1.373,1.624,0.807,4.042,0.000,0.000,0.000,0.000,0.000,0.000,0.000,0.000,38.312,13.490,13.439,22.860,1.661,1.773,5.227,2.019,0.000,0.000,1.542,0.000,0.000,0.000,0.000,0.000,0.000
2185.0,0,33.753,2.814,3.705,22.409,6.382,0.612,2.494,3.608,2.538,0.000,0.000,0.000,0.000,0.000,0.000,0.000,0.000,36.860,18.097,14.802,25.788,2.734,4.152,2.329,0.900,0.000,0.000,0.687,0.000,0.000,0.000,0.000,0.000,0.000
2233.5,0,36.537,3.246,2.939,20.586,7.237,1.429,1.735,1.608,1.804,0.000,0.000,0.000,0.000,0.000,0.000,0.000,0.000,35.219,17.266,14.225,24.271,5.699,3.200,2.745,1.188,0.000,0.000,0.306,0.000,0.000,0.000,0.000,0.000,0.000
2282.0,0,36.840,2.370,2.233,20.543,8.907,1.873,2.438,1.695,2.224,0.000,0.000,0.000,0.000,0.000,0.000,0.000,0.000,31.306,19.120,16.957,23.036,2.540,2.300,6.478,2.155,0.000,0.000,2.773,0.000,0.000,0.000,0.000,0.000,0.000
2330.0,0,36.104,4.025,4.438,22.232,6.848,2.007,3.361,1.998,1.923,0.000,0.000,0.000,0.000,0.000,0.000,0.000,0.000,30.127,18.901,17.598,25.717,2.461,1.923,6.524,1.946,0.000,0.000,1.246,0.000,0.000,0.000,0.000,0.000,0.000
2376.5,0,35.631,3.838,3.250,22.031,8.027,0.925,3.604,1.587,3.608,0.000,0.000,0.000,0.000,0.000,0.000,0.000,0.000,32.541,17.303,14.235,23.798,2.708,2.733,3.005,2.367,0.000,0.000,0.574,0.000,0.000,0.000,0.000,0.000,0.000
2424.5,0,38.667,3.669,2.636,21.922,7.539,0.416,2.866,1.949,2.942,0.000,0.000,0.000,0.000,0.000,0.000,0.000,0.000,34.855,14.333,11.568,21.918,4.839,3.983,3.803,1.064,0.000,0.000,0.258,0.000,0.000,0.000,0.000,0.000,0.000
2473.0,0,38.268,2.543,1.859,19.733,6.877,1.206,2.078,0.869,1.984,0.000,0.000,0.000,0.000,0.000,0.000,0.000,0.000,37.105,14.167,11.300,24.280,4.292,2.917,1.695,0.474,0.000,0.000,0.115,0.000,0.000,0.000,0.000,0.000,0.000
2520.5,0,36.146,3.049,2.803,22.468,7.653,0.546,2.319,2.540,1.555,0.000,0.000,0.000,0.000,0.000,0.000,0.000,0.000,40.928,16.759,14.403,20.315,1.945,2.454,3.884,2.733,0.000,0.000,0.052,0.000,0.000,0.000,0.000,0.000,0.000
2568.5,0,38.567,2.256,1.938,23.939,5.891,0.245,1.773,1.141,2.856,0.000,0.000,0.000,0.000,0.000,0.000,0.000,0.000,38.661,16.318,13.508,23.629,1.852,3.524,4.357,1.228,0.000,0.000,0.023,0.000,0.000,0.000,0.000,0.000,0.000
2616.0,0,37.967,4.202,1.749,19.433,5.696,0.880,1.790,1.504,2.963,0.000,0.000,0.000,0.000,0.000,0.000,0.000,0.000,38.989,15.367,14.815,23.013,2.820,1.597,3.516,1.991,0.000,0.000,0.011,0.000,0.000,0.000,0.000,0.000,0.000
2660.5,0,36.431,3.848,4.169,21.302,6.245,0.419,1.731,1.587,3.220,0.000,0.000,0.000,0.000,0.000,0.000,0.000,0.000,37.717,15.594,13.343,21.342,3.886,6.820,3.491,1.804,0.000,0.000,3.076,0.000,0.000,0.000,0.000,0.000,0.000
2708.5,0,35.407,4.803,3.251,19.429,5.320,0.976,1.412,1.353,2.528,0.000,0.000,0.000,0.000,0.000,0.000,0.000,0.000,37.376,15.717,13.874,21.821,3.044,4.740,5.161,2.870,0.000,0.000,1.382,0.000,0.000,0.000,0.000,0.000,0.000
2756.0,0,35.026,3.115,4.663,20.678,7.498,2.809,3.415,2.664,3.133,0.000,0.000,0.000,0.000,0.000,0.000,0.000,0.000,37.485,14.635,14.379,20.429,1.379,2.148,5.315,3.986,0.000,0.000,0.626,0.000,0.000,0.000,0.000,0.000,0.000
2804.0,0,36.917,3.365,3.331,22.190,8.224,1.262,2.878,2.563,2.271,0.000,0.000,0.000,0.000,0.000,0.000,0.000,0.000,36.515,14.707,11.464,25.633,2.189,3.998,3.249,1.791,0.000,0.000,2.402,0.000,0.000,0.000,0.000,0.000,0.000
2851.5,0,35.946,2.471,1.509,25.357,7.971,2.914,1.304,1.161,2.959,0.000,0.000,0.000,0.000,0.000,0.000,0.000,0.000,29.304,17.799,13.736,23.552,1.930,2.828,6.850,4.239,0.000,0.000,1.088,0.000,0.000,0.000,0.000,0.000,0.000
2898.5,0,35.984,5.088,2.800,21.549,10.624,2.497,2.874,2.842,2.673,0.000,0.000,0.000,0.000,0.000,0.000,0.000,0.000,35.202,15.752,12.976,23.469,1.892,3.861,4.764,1.937,0.000,0.000,0.497,0.000,0.000,0.000,0.000,0.000,0.000
2946.0,0,34.497,3.252,4.351,20.382,9.323,1.131,4.691,4.706,2.377,0.000,0.000,0.000,0.000,0.000,0.000,0.000,0.000,36.331,14.295,13.610,21.824,4.072,2.991,4.047,2.361,0.000,0.000,0.225,0.000,0.000,0.000,0.000,0.000,0.000
2993.0,0,36.249,3.988,4.347,22.773,8.510,1.922,3.498,3.504,1.799,0.000,0.000,0.000,0.000,0.000,0.000,0.000,0.000,33.378,17.200,14.590,23.822,7.402,3.313,3.122,1.079,0.000,0.000,0.103,0.000,0.000,0.000,0.000,0.000,0.000
3040.0,0,36.615,2.686,4.214,23.535,8.074,1.603,4.055,2.692,3.073,0.000,0.000,0.000,0.000,0.000,0.000,0.000,0.000,36.605,12.771,12.160,25.093,4.841,5.544,3.859,1.697,0.000,0.000,1.856,0.000,0.000,0.000,0.000,0.000,0.000
3087.0,0,35.316,2.992,1.925,24.273,7.291,1.422,1.853,1.230,3.787,0.000,0.000,0.000,0.000,0.000,0.000,0.000,0.000,36.396,15.991,15.940,24.761,4.727,4.354,3.925,2.800,0.000,0.000,2.442,0.000,0.000,0.000,0.000,0.000,0.000
3134.5,0,33.365,4.770,2.734,20.258,12.505,1.328,2.877,1.793,2.671,0.000,0.000,0.000,0.000,0.000,0.000,0.000,0.000,34.020,15.061,14.502,23.497,3.240,1.973,4.979,2.578,0.000,0.000,2.317,0.000,0.000,0.000,0.000,0.000,0.000
3181.5,0,35.305,4.446,2.057,19.737,10.708,0.607,2.200,1.698,3.337,0.000,0.000,0.000,0.000,0.000,0.000,0.000,0.000,35.146,14.874,12.747,25.473,2.395,2.986,2.275,1.178,0.000,0.000,1.059,0.000,0.000,0.000,0.000,0.000,0.000
3229.0,0,33.990,6.400,2.598,22.281,9.242,1.451,2.000,1.756,2.811,0.000,0.000,0.000,0.000,0.000,0.000,0.000,0.000,42.470,12.111,12.007,21.079,5.653,5.397,1.966,1.396,0.000,0.000,0.480,0.000,0.000,0.000,0.000,0.000,0.000
3276.0,0,35.202,3.848,2.976,21.687,6.624,0.663,2.865,2.766,3.211,0.000,0.000,0.000,0.000,0.000,0.000,0.000,0.000,37.509,13.901,13.795,26.595,2.583,3.370,3.569,0.638,0.000,0.000,1.603,0.000,0.000,0.000,0.000,0.000,0.000
3323.5,0,37.398,3.684,2.336,23.134,6.633,1.150,1.298,1.253,2.145,0.000,0.000,0.000,0.000,0.000,0.000,0.000,0.000,33.990,15.351,13.829,24.825,3.036,3.999,4.311,2.648,0.000,0.000,0.726,0.000,0.000,0.000,0.000,0.000,0.000
3370.5,0,36.814,2.599,1.067,22.803,7.504,1.580,0.593,0.573,2.044,0.000,0.000,0.000,0.000,0.000,0.000,0.000,0.000,36.305,17.313,17.013,23.462,2.601,3.121,2.945,1.210,0.000,0.000,0.332,0.000,0.000,0.000,0.000,0.000,0.000
3418.0,0,34.777,4.462,2.074,22.899,9.836,1.538,2.037,2.026,4.439,0.000,0.000,0.000,0.000,0.000,0.000,0.000,0.000,36.026,16.687,12.963,22.407,3.603,4.233,3.907,2.147,0.000,0.000,0.150,0.000,0.000,0.000,0.000,0.000,0.000
3465.0,0,36.069,2.970,1.593,23.986,9.142,1.991,0.931,0.926,2.028,0.000,0.000,0.000,0.000,0.000,0.000,0.000,0.000,39.295,13.926,13.328,24.213,3.512,2.893,4.812,0.981,0.000,0.000,0.069,0.000,0.000,0.000,0.000,0.000,0.000
3512.0,0,35.725,4.730,2.748,21.603,8.453,1.856,2.595,2.646,1.605,0.000,0.000,0.000,0.000,0.000,0.000,0.000,0.000,39.379,15.878,12.996,21.657,2.769,3.646,3.276,2.235,0.000,0.000,0.031,0.000,0.000,0.000,0.000,0.000,0.000
3559.5,0,35.634,3.000,3.446,19.625,9.214,1.950,2.155,2.178,1.489,0.000,0.000,0.000,0.000,0.000,0.000,0.000,0.000,38.329,15.459,13.579,21.835,3.503,4.045,5.088,3.676,0.000,0.000,1.433,0.000,0.000,0.000,0.000,0.000,0.000
3606.5,0,35.371,3.145,3.556,18.761,8.901,0.891,2.539,1.888,3.952,0.000,0.000,0.000,0.000,0.000,0.000,0.000,0.000,38.381,17.867,14.299,20.881,4.113,4.810,6.200,2.874,0.000,0.000,0.655,0.000,0.000,0.000,0.000,0.000,0.000
3654.0,0,35.448,3.271,4.868,19.259,9.277,1.450,4.687,3.019,1.791,0.000,0.000,0.000,0.000,0.000,0.000,0.000,0.000,36.107,18.059,13.816,22.276,3.028,2.180,4.216,1.302,0.000,0.000,0.297,0.000,0.000,0.000,0.000,0.000,0.000
3699.5,0,35.161,3.261,3.417,21.735,9.357,1.865,3.421,3.304,1.512,0.000,0.000,0.000,0.000,0.000,0.000,0.000,0.000,35.940,16.674,14.245,23.124,4.206,6.140,4.255,2.732,0.000,0.000,2.968,0.000,0.000,0.000,0.000,0.000,0.000
3747.0,0,34.898,2.272,2.215,21.387,7.543,1.701,1.550,1.497,2.874,0.000,0.000,0.000,0.000,0.000,0.000,0.000,0.000,34.154,16.202,13.828,24.308,3.071,5.950,5.629,2.442,0.000,0.000,1.345,0.000,0.000,0.000,0.000,0.000,0.000
3794.0,0,37.697,2.751,2.627,22.924,7.273,1.656,2.470,1.434,2.612,0.000,0.000,0.000,0.000,0.000,0.000,0.000,0.000,33.761,15.494,14.006,23.313,6.149,2.718,4.393,1.116,0.000,0.000,0.614,0.000,0.000,0.000,0.000,0.000,0.000
3841.5,0,35.795,4.214,3.694,22.448,8.728,1.593,2.440,1.949,2.062,0.000,0.000,0.000,0.000,0.000,0.000,0.000,0.000,36.648,15.632,13.335,23.309,5.062,4.357,2.902,1.306,0.000,0.000,2.654,0.000,0.000,0.000,0.000,0.000,0.000
3888.5,0,36.698,3.812,1.688,24.175,9.590,0.728,1.115,0.890,2.289,0.000,0.000,0.000,0.000,0.000,0.000,0.000,0.000,39.538,13.717,12.022,22.845,4.783,3.545,2.527,0.597,0.000,0.000,1.213,0.000,0.000,0.000,0.000,0.000,0.000
3936.0,0,38.660,3.830,1.559,22.094,10.561,1.138,1.391,0.403,2.543,0.000,0.000,0.000,0.000,0.000,0.000,0.000,0.000,39.045,13.802,11.272,21.943,4.754,5.838,3.830,1.193,0.000,0.000,0.549,0.000,0.000,0.000,0.000,0.000,0.000
3983.0,0,37.708,4.125,1.733,21.247,7.357,1.198,1.782,1.331,3.016,0.000,0.000,0.000,0.000,0.000,0.000,0.000,0.000,38.236,18.008,14.556,23.849,3.271,2.667,3.526,2.130,0.000,0.000,1.589,1.255,0.000,0.000,0.000,0.000,0.000
4030.5,0,35.915,4.726,1.554,21.812,6.767,1.274,1.622,1.418,4.428,0.000,0.000,0.000,0.000,0.000,0.000,0.000,0.000,35.769,15.742,13.401,22.056,4.168,2.460,4.997,2.064,0.000,0.000,0.720,0.569,0.000,0.000,0.000,0.000,0.000
4076.0,0,33.564,4.646,2.839,26.656,7.227,0.597,2.241,2.158,2.967,0.000,0.000,0.000,0.000,0.000,0.000,0.000,0.000,36.108,12.301,12.803,20.387,3.592,2.304,5.806,0.967,0.000,0.000,0.337,0.266,0.000,0.000,0.000,0.000,0.000
4123.5,0,33.048,2.913,2.719,25.281,9.510,0.910,2.546,2.567,3.050,0.000,0.000,0.000,0.000,0.000,0.000,0.000,0.000,31.431,16.458,15.550,22.375,4.129,2.871,5.832,3.320,0.000,0.000,0.153,0.121,0.000,0.000,0.000,0.000,0.000
4167.5,0,34.410,6.069,3.326,23.913,8.178,1.623,2.501,2.500,2.404,0.000,0.000,0.000,0.000,0.000,0.000,0.000,0.000,32.419,16.072,13.313,26.213,4.121,2.276,3.972,1.594,0.000,0.000,1.048,0.958,0.000,0.000,0.000,0.000,0.000
4214.0,0,35.041,3.645,2.320,23.652,7.229,0.748,1.152,1.152,2.136,0.000,0.000,0.000,0.000,0.000,0.000,0.000,0.000,39.335,11.757,11.959,21.466,1.899,3.315,2.926,0.735,0.000,0.000,0.483,0.441,0.000,0.000,0.000,0.000,0.000
4261.0,0,32.113,4.494,2.653,21.690,6.901,2.554,2.244,2.253,2.861,0.000,0.000,0.000,0.000,0.000,0.000,0.000,0.000,39.799,14.774,11.232,21.881,3.765,4.416,3.937,1.184,0.000,0.000,1.245,0.202,0.000,0.000,0.000,0.000,0.000
4307.5,0,32.765,4.156,4.155,20.645,7.379,1.176,3.004,4.363,2.196,0.000,0.000,0.000,0.000,0.000,0.000,0.000,0.000,35.288,16.552,10.972,23.883,3.723,4.758,3.076,0.546,0.000,0.000,1.755,0.093,0.000,0.000,0.000,0.000,0.000
4354.0,0,34.541,2.935,2.901,19.931,6.696,1.370,2.484,2.010,2.628,0.000,0.000,0.000,0.000,0.000,0.000,0.000,0.000,35.443,16.577,11.251,23.787,3.354,3.854,2.569,1.314,0.000,0.000,0.808,0.043,0.000,0.000,0.000,0.000,0.000
4400.5,0,35.290,3.531,4.146,20.809,6.186,0.631,2.879,2.675,3.153,0.000,0.000,0.000,0.000,0.000,0.000,0.000,0.000,32.360,18.615,13.428,21.632,2.599,3.267,5.629,2.089,0.000,0.000,1.397,0.020,0.000,0.000,0.000,0.000,0.000
4445.0,0,35.692,3.513,1.975,20.244,5.197,1.082,1.371,1.274,4.954,0.000,0.000,0.000,0.000,0.000,0.000,0.000,0.000,39.600,16.325,12.808,23.827,2.697,3.791,3.912,3.598,0.000,0.000,0.666,0.009,0.000,0.000,0.000,0.000,0.000
4491.0,0,38.156,2.489,1.712,24.633,6.227,1.708,1.508,0.592,3.569,0.000,0.000,0.000,0.000,0.000,0.000,0.000,0.000,41.485,13.152,12.899,22.467,3.734,4.396,3.090,1.672,0.000,0.000,0.309,0.004,0.000,0.000,0.000,0.000,0.000
4536.5,0,37.754,2.957,2.975,23.461,5.230,1.882,1.882,1.453,1.672,0.000,0.000,0.000,0.000,0.000,0.000,0.000,0.000,40.045,13.914,13.881,23.307,5.434,4.854,2.590,1.802,0.000,0.000,1.686,0.002,0.000,0.000,0.000,0.000,0.000
4582.5,0,37.203,2.282,2.598,22.148,8.569,0.874,2.174,1.974,2.891,0.000,0.000,0.000,0.000,0.000,0.000,0.000,0.000,39.597,15.942,12.989,22.172,5.175,3.650,2.093,2.490,0.000,0.000,0.783,0.001,0.000,0.000,0.000,0.000,0.000
4627.0,0,37.019,3.718,1.921,20.608,10.051,1.135,1.810,0.940,3.516,0.000,0.000,0.000,0.000,0.000,0.000,0.000,0.000,38.080,15.600,13.068,23.813,4.626,4.599,3.679,1.186,0.000,0.000,0.373,1.471,0.000,0.000,0.000,0.000,0.000
4673.5,0,37.414,3.883,2.682,18.714,10.142,0.523,2.050,2.356,2.963,0.000,0.000,0.000,0.000,0.000,0.000,0.000,0.000,36.451,16.651,13.004,21.530,3.134,3.350,6.222,1.500,0.000,0.000,0.172,0.678,0.000,0.000,0.000,0.000,0.000
4716.5,0,37.718,3.865,3.115,22.715,7.490,0.255,2.945,2.179,3.566,0.000,0.000,0.000,0.000,0.000,0.000,0.000,0.000,37.021,12.840,12.897,23.994,4.052,4.667,4.107,2.580,0.000,0.000,0.084,1.802,0.000,0.000,0.000,0.000,0.000
4762.0,0,36.327,2.773,3.576,19.304,8.116,0.120,2.280,1.921,4.808,0.000,0.000,0.000,0.000,0.000,0.000,0.000,0.000,34.552,16.443,16.636,23.078,5.490,4.456,4.714,1.208,0.000,0.000,1.981,0.844,0.000,0.000,0.000,0.000,0.000
4808.0,0,36.576,3.899,2.867,25.673,6.054,1.407,3.027,2.821,3.439,0.000,0.000,0.000,0.000,0.000,0.000,0.000,0.000,33.756,15.487,14.170,24.671,2.550,3.157,2.190,1.870,0.000,0.000,0.920,0.392,0.000,0.000,0.000,0.000,0.000
4853.0,0,37.252,2.773,4.529,20.889,8.402,1.890,3.898,2.414,2.968,0.000,0.000,0.000,0.000,0.000,0.000,0.000,0.000,36.458,13.759,12.323,21.527,3.051,4.149,3.436,0.883,0.000,0.000,0.435,0.185,0.000,0.000,0.000,0.000,0.000
4898.5,0,36.940,3.951,3.317,22.678,8.795,0.886,1.826,3.103,2.616,0.000,0.000,0.000,0.000,0.000,0.000,0.000,0.000,39.114,15.185,14.154,26.199,2.329,5.297,5.179,3.020,0.000,0.000,0.204,0.087,0.000,0.000,0.000,0.000,0.000
4944.0,0,37.410,2.830,1.554,22.738,7.255,1.140,0.855,1.453,3.557,0.000,0.000,0.000,0.000,0.000,0.000,0.000,0.000,36.008,16.574,13.859,25.345,2.085,3.853,3.459,2.861,0.000,0.000,0.095,0.041,0.000,0.000,0.000,0.000,0.000
4989.5,0,38.637,4.124,1.584,20.350,6.133,1.497,1.396,1.620,2.379,0.000,0.000,0.000,0.000,0.000,0.000,0.000,0.000,35.630,15.866,14.670,22.919,0.977,3.200,4.310,2.728,0.000,0.000,0.045,0.019,0.000,0.000,0.000,0.000,0.000
5036.0,0,37.086,2.938,2.886,19.268,6.375,0.689,3.069,3.141,1.096,0.000,0.000,0.000,0.000,0.000,0.000,0.000,0.000,34.577,14.290,13.055,22.071,4.077,3.888,3.248,1.257,0.000,0.000,0.021,0.009,0.000,0.000,0.000,0.000,0.000
5081.5,0,38.333,3.451,4.741,23.075,5.429,1.124,2.302,2.335,4.082,0.000,0.000,0.000,0.000,0.000,0.000,0.000,0.000,41.169,13.068,12.331,20.707,3.356,3.240,3.323,2.322,0.000,0.000,0.010,0.004,0.000,0.000,0.000,0.000,0.000
5127.0,0,35.376,3.287,3.510,22.484,10.179,0.527,1.762,1.789,3.598,0.000,0.000,0.000,0.000,0.000,0.000,0.000,0.000,36.219,13.826,15.308,22.328,2.510,4.023,3.652,2.282,0.000,0.000,0.005,0.002,0.000,0.000,0.000,0.000,0.000
5172.5,0,38.223,3.683,2.615,20.854,8.983,2.090,2.541,1.876,4.058,0.000,0.000,0.000,0.000,0.000,0.000,0.000,0.000,34.090,18.865,15.840,22.498,5.251,3.085,4.032,1.069,0.000,0.000,0.002,0.001,0.000,0.000,0.000,0.000,0.000
5218.0,0,37.234,4.919,3.404,21.155,8.596,2.289,1.190,0.879,5.050,0.000,0.000,0.000,0.000,0.000,0.000,0.000,0.000,36.279,13.259,16.162,20.431,2.460,3.819,6.105,3.724,0.000,0.000,0.001,0.000,0.000,0.000,0.000,0.000,0.000
5264.0,0,34.834,3.107,3.322,22.067,7.236,2.418,3.099,2.955,3.712,0.000,0.000,0.000,0.000,0.000,0.000,0.000,0.000,34.872,13.249,12.231,22.889,4.493,6.124,3.844,3.189,0.000,0.000,1.690,0.000,0.000,0.000,0.000,0.000,0.000
5309.5,0,34.048,3.213,2.594,21.653,7.272,2.918,2.657,1.384,3.071,0.000,0.000,0.000,0.000,0.000,0.000,0.000,0.000,35.362,13.810,9.734,23.859,4.225,5.321,3.150,1.494,0.000,0.000,0.792,0.000,0.000,0.000,0.000,0.000,0.000
5355.0,0,33.906,4.440,3.690,21.337,8.208,1.367,2.430,1.824,3.071,0.000,0.000,0.000,0.000,0.000,0.000,0.000,0.000,34.198,17.718,13.671,27.558,2.998,4.845,1.476,0.700,0.000,0.000,0.371,0.000,0.000,0.000,0.000,0.000,0.000
5401.0,0,37.596,5.667,1.714,24.583,6.696,1.708,1.129,1.642,2.482,0.000,0.000,0.000,0.000,0.000,0.000,0.000,0.000,36.418,12.590,10.695,27.063,1.393,3.954,3.518,1.119,0.000,0.000,1.107,0.000,0.000,0.000,0.000,0.000,0.000
5447.0,0,35.079,4.895,3.937,24.256,6.545,0.793,3.906,3.161,4.634,0.000,0.000,0.000,0.000,0.000,0.000,0.000,0.000,35.666,16.163,13.007,23.601,3.815,3.405,6.554,1.818,0.000,0.000,0.514,0.000,0.000,0.000,0.000,0.000,0.000
5492.5,0,36.614,4.206,3.551,21.937,6.978,1.303,2.723,2.374,2.171,0.000,0.000,0.000,0.000,0.000,0.000,0.000,0.000,33.095,19.293,15.658,19.608,2.717,4.402,4.678,3.117,0.000,0.000,1.383,0.000,0.000,0.000,0.000,0.000,0.000
5539.0,0,36.061,2.900,3.853,24.241,6.725,0.600,2.576,2.415,2.623,0.000,0.000,0.000,0.000,0.000,0.000,0.000,0.000,38.601,10.600,10.066,20.658,5.416,6.864,4.302,1.436,0.000,0.000,1.620,1.572,0.000,0.000,0.000,0.000,0.000
5584.5,0,34.462,5.358,3.062,22.677,7.123,1.031,1.207,2.497,2.137,0.000,0.000,0.000,0.000,0.000,0.000,0.000,0.000,38.438,15.820,14.137,22.039,2.537,3.215,5.553,1.565,0.000,0.000,1.663,0.737,0.000,0.000,0.000,0.000,0.000
5630.5,0,37.807,4.177,1.422,21.450,6.777,0.479,0.561,1.160,2.834,0.000,0.000,0.000,0.000,0.000,0.000,0.000,0.000,39.258,15.872,13.099,22.908,5.034,3.857,2.580,0.727,0.000,0.000,0.773,0.342,0.000,0.000,0.000,0.000,0.000
5676.5,0,35.892,5.959,1.469,22.730,7.589,1.051,1.176,1.470,2.444,0.000,0.000,0.000,0.000,0.000,0.000,0.000,0.000,37.651,14.711,10.540,21.774,4.402,4.031,3.600,0.338,0.000,0.000,0.359,0.159,0.000,0.000,0.000,0.000,0.000
5722.0,0,37.179,4.890,3.833,20.437,7.101,0.492,3.017,3.188,3.857,0.000,0.000,0.000,0.000,0.000,0.000,0.000,0.000,36.514,14.905,12.870,22.086,2.062,3.272,3.952,2.153,0.000,0.000,0.168,0.074,0.000,0.000,0.000,0.000,0.000
5768.0,0,39.034,4.247,3.682,20.677,9.054,0.942,3.477,2.493,1.792,0.000,0.000,0.000,0.000,0.000,0.000,0.000,0.000,38.623,16.317,10.766,21.708,2.595,4.181,4.823,1.000,0.000,0.000,1.112,0.035,0.000,0.000,0.000,0.000,0.000
5814.0,0,39.334,4.308,4.103,20.502,9.876,1.737,3.228,3.740,0.832,0.000,0.000,0.000,0.000,0.000,0.000,0.000,0.000,39.680,14.177,12.582,19.344,3.769,4.963,6.439,2.781,0.000,0.000,0.516,1.499,0.000,0.000,0.000,0.000,0.000
5860.0,0,36.135,3.964,3.586,22.961,8.467,2.022,3.319,2.500,3.716,0.000,0.000,0.000,0.000,0.000,0.000,0.000,0.000,38.990,13.365,9.035,22.217,3.150,2.306,2.991,1.292,0.000,0.000,0.240,0.696,0.000,0.000,0.000,0.000,0.000
5906.0,0,34.810,2.804,4.235,21.688,7.949,0.940,1.542,1.161,2.410,0.000,0.000,0.000,0.000,0.000,0.000,0.000,0.000,35.070,14.851,12.615,26.059,5.134,4.646,3.423,0.600,0.000,0.000,1.449,0.324,0.000,0.000,0.000,0.000,0.000
5951.5,0,35.100,3.371,3.004,21.539,8.760,1.495,3.167,2.305,4.509,0.000,0.000,0.000,0.000,0.000,0.000,0.000,0.000,40.231,12.282,12.571,24.792,5.001,5.419,5.740,2.149,0.000,0.000,0.679,0.152,0.000,0.000,0.000,0.000,0.000
5997.5,0,34.785,3.405,3.943,22.800,8.341,0.695,4.232,3.016,3.204,0.000,0.000,0.000,0.000,0.000,0.000,0.000,0.000,41.792,12.498,11.524,23.060,5.815,5.131,5.472,0.998,0.000,0.000,1.770,0.070,0.000,0.000,0.000,0.000,0.000
6043.5,0,37.324,3.618,3.625,20.636,5.729,1.036,3.925,3.335,2.694,0.000,0.000,0.000,0.000,0.000,0.000,0.000,0.000,39.455,15.711,14.440,20.052,5.484,7.390,3.713,1.619,0.000,0.000,0.822,0.033,0.000,0.000,0.000,0.000,0.000
6091.0,0,36.770,2.602,2.818,20.922,7.117,1.182,1.778,1.511,2.022,0.000,0.000,0.000,0.000,0.000,0.000,0.000,0.000,39.479,13.640,12.263,23.601,2.485,3.348,4.467,0.733,0.000,0.000,0.373,0.015,0.000,0.000,0.000,0.000,0.000
6137.5,0,36.514,4.607,2.127,19.582,8.955,1.320,1.705,1.574,3.424,0.000,0.000,0.000,0.000,0.000,0.000,0.000,0.000,42.552,14.923,13.093,24.452,4.075,7.809,3.665,1.846,0.000,0.000,0.172,0.007,0.000,0.000,0.000,0.000,0.000
6185.5,0,34.156,3.041,2.989,23.783,6.809,1.233,1.497,0.707,3.325,0.000,0.000,0.000,0.000,0.000,0.000,0.000,0.000,40.404,15.990,12.502,22.515,5.806,3.509,3.019,0.829,0.000,0.000,0.077,0.003,0.000,0.000,0.000,0.000,0.000
6233.0,0,35.175,5.795,3.465,26.870,4.652,1.315,2.571,2.208,2.275,0.000,0.000,0.000,0.000,0.000,0.000,0.000,0.000,37.784,16.710,13.393,22.920,2.631,3.855,3.421,1.283,0.000,0.000,0.035,0.001,0.000,0.000,0.000,0.000,0.000
6280.0,0,33.799,3.594,3.768,22.947,7.606,0.601,3.567,3.341,3.289,0.000,0.000,0.000,0.000,0.000,0.000,0.000,0.000,42.101,14.262,14.347,22.095,4.108,4.936,3.857,2.690,0.000,0.000,0.016,1.573,0.000,0.000,0.000,0.000,0.000
6328.0,0,32.507,5.261,3.328,20.384,7.407,1.824,3.402,2.197,3.509,0.000,0.000,0.000,0.000,0.000,0.000,0.000,0.000,36.000,15.522,13.256,22.282,4.422,4.753,4.287,1.209,0.000,0.000,0.007,0.707,0.000,0.000,0.000,0.000,0.000
6374.5,0,35.738,4.038,2.434,23.566,8.071,1.642,1.567,1.012,3.781,0.000,0.000,0.000,0.000,0.000,0.000,0.000,0.000,34.736,16.330,13.965,22.631,2.037,4.041,4.849,1.866,0.000,0.000,0.003,0.326,0.000,0.000,0.000,0.000,0.000
6422.5,0,35.203,3.729,2.726,22.237,6.184,0.738,2.477,2.240,3.872,0.000,0.000,0.000,0.000,0.000,0.000,0.000,0.000,34.863,17.244,15.364,25.420,2.623,1.816,3.212,1.768,0.000,0.000,0.001,0.146,0.000,0.000,0.000,0.000,0.000
6469.5,0,36.783,2.560,3.493,23.125,7.497,2.746,2.278,2.170,2.974,0.000,0.000,0.000,0.000,0.000,0.000,0.000,0.000,35.016,14.249,13.324,24.369,3.664,3.612,5.575,2.002,0.000,0.000,0.001,0.067,0.000,0.000,0.000,0.000,0.000
6519.5,0,38.310,2.803,3.500,20.008,9.006,2.275,2.045,3.145,2.560,0.000,0.000,0.000,0.000,0.000,0.000,0.000,0.000,37.851,12.455,13.368,18.520,2.420,4.148,2.423,1.978,0.000,0.000,0.000,0.029,0.000,0.000,0.000,0.000,0.000
6569.5,0,36.299,4.108,3.865,20.692,8.244,0.989,3.466,3.965,2.348,0.000,0.000,0.000,0.000,0.000,0.000,0.000,0.000,38.340,15.392,10.987,21.780,4.753,3.437,2.939,0.860,0.000,0.000,0.000,0.013,0.000,0.000,0.000,0.000,0.000
6619.5,0,36.738,3.610,2.855,25.030,7.026,1.245,1.506,1.723,2.865,0.000,0.000,0.000,0.000,0.000,0.000,0.000,0.000,33.938,16.377,14.869,24.423,2.929,3.436,3.998,1.129,0.000,0.000,0.000,0.005,0.000,0.000,0.000,0.000,0.000
6669.5,0,36.809,3.392,3.216,21.370,6.572,2.152,1.305,1.394,1.245,0.000,0.000,0.000,0.000,0.000,0.000,0.000,0.000,37.773,15.484,12.645,23.095,1.273,2.900,4.184,3.026,0.000,0.000,1.555,0.002,0.000,0.000,0.000,0.000,0.000
6716.5,0,38.435,2.435,3.455,20.500,5.180,1.667,2.061,1.406,1.364,0.000,0.000,0.000,0.000,0.000,0.000,0.000,0.000,35.168,15.645,12.347,25.763,2.736,4.460,4.010,2.929,0.000,0.000,0.710,0.001,0.000,0.000,0.000,0.000,0.000
6765.5,0,37.790,2.845,2.582,21.353,7.453,2.193,2.029,1.739,3.736,0.000,0.000,0.000,0.000,0.000,0.000,0.000,0.000,37.496,15.733,12.344,21.507,4.666,3.487,4.868,2.961,0.000,0.000,0.314,0.000,0.000,0.000,0.000,0.000,0.000
6815.0,0,38.119,2.111,4.421,19.766,5.485,1.736,1.658,0.762,1.637,0.000,0.000,0.000,0.000,0.000,0.000,0.000,0.000,34.871,14.618,13.897,23.984,3.200,5.641,3.133,1.298,0.000,0.000,0.138,0.000,0.000,0.000,0.000,0.000,0.000
6864.5,0,37.537,2.710,3.304,17.590,9.239,0.761,1.372,0.974,2.410,0.000,0.000,0.000,0.000,0.000,0.000,0.000,0.000,33.318,16.867,11.524,21.399,3.153,4.162,4.720,2.505,0.000,0.000,1.271,0.000,0.000,0.000,0.000,0.000,0.000
6912.5,0,37.343,2.060,2.522,23.720,7.974,1.055,2.378,2.210,3.017,0.000,0.000,0.000,0.000,0.000,0.000,0.000,0.000,30.855,15.350,13.739,24.299,2.403,2.984,3.302,2.243,0.000,0.000,0.571,0.000,0.000,0.000,0.000,0.000,0.000
6960.0,0,35.228,2.680,1.804,23.036,7.061,2.706,1.821,1.001,2.074,0.000,0.000,0.000,0.000,0.000,0.000,0.000,0.000,34.569,18.765,17.124,21.860,2.946,3.542,3.602,2.201,0.000,0.000,0.259,0.000,0.000,0.000,0.000,0.000,0.000
7008.5,0,35.601,2.037,2.683,22.138,6.351,1.206,2.878,1.565,2.561,0.000,0.000,0.000,0.000,0.000,0.000,0.000,0.000,36.623,14.628,13.704,22.246,2.833,2.809,4.362,2.300,0.000,0.000,0.115,0.000,0.000,0.000,0.000,0.000,0.000
7056.5,0,33.817,3.533,3.451,21.026,10.029,1.220,2.489,1.889,2.241,0.000,0.000,0.000,0.000,0.000,0.000,0.000,0.000,39.257,15.174,15.178,22.516,2.203,2.473,3.028,1.034,0.000,0.000,0.052,0.000,0.000,0.000,0.000,0.000,0.000
7104.5,0,37.793,2.430,2.571,22.229,7.906,1.826,1.118,2.034,5.121,0.000,0.000,0.000,0.000,0.000,0.000,0.000,0.000,41.526,13.518,12.682,19.176,5.502,5.275,5.173,1.306,0.000,0.000,0.023,0.000,0.000,0.000,0.000,0.000,0.000
7153.0,0,36.267,3.756,4.174,20.876,8.001,0.814,3.750,2.932,3.373,0.000,0.000,0.000,0.000,0.000,0.000,0.000,0.000,39.567,14.465,11.583,20.245,4.964,5.998,3.536,1.786,0.000,0.000,1.802,0.000,0.000,0.000,0.000,0.000,0.000
7201.0,0,35.494,3.926,2.913,20.115,8.411,2.234,2.851,2.445,4.681,0.000,0.000,0.000,0.000,0.000,0.000,0.000,0.000,38.813,10.774,9.968,23.203,3.518,7.478,4.790,0.803,0.000,0.000,0.809,0.000,0.000,0.000,0.000,0.000,0.000
7250.5,0,36.709,5.544,3.211,20.997,8.053,0.979,1.945,1.767,3.072,0.000,0.000,0.000,0.000,0.000,0.000,0.000,0.000,33.606,19.096,14.124,25.606,3.065,3.277,3.905,1.964,0.000,0.000,0.355,0.000,0.000,0.000,0.000,0.000,0.000
7298.5,0,37.953,5.640,4.649,21.803,9.058,1.772,3.667,4.211,1.380,0.000,0.000,0.000,0.000,0.000,0.000,0.000,0.000,29.492,16.873,16.233,24.863,1.377,2.605,7.318,5.211,0.000,0.000,0.159,0.000,0.000,0.000,0.000,0.000,0.000
7346.5,0,35.929,4.778,3.399,22.026,7.151,0.796,1.647,1.892,1.382,0.000,0.000,0.000,0.000,0.000,0.000,0.000,0.000,30.119,17.399,14.763,26.398,0.619,1.171,6.558,2.341,0.000,0.000,0.072,0.000,0.000,0.000,0.000,0.000,0.000
7395.0,0,38.441,4.126,2.277,18.541,6.921,1.170,2.198,1.651,2.282,0.000,0.000,0.000,0.000,0.000,0.000,0.000,0.000,29.607,20.205,12.639,24.750,0.276,1.654,4.055,2.554,0.000,0.000,1.523,0.000,0.000,0.000,0.000,0.000,0.000
7443.0,0,35.873,2.793,3.550,19.563,5.699,1.572,2.993,2.730,2.830,0.000,0.000,0.000,0.000,0.000,0.000,0.000,0.000,34.879,17.898,13.044,20.702,0.987,4.054,4.666,1.147,0.000,0.000,0.684,0.000,0.000,0.000,0.000,0.000,0.000
7491.0,0,34.304,3.970,4.408,21.160,7.348,0.706,4.406,3.294,3.093,0.000,0.000,0.000,0.000,0.000,0.000,0.000,0.000,37.078,15.860,11.246,20.957,4.362,5.320,3.613,1.323,0.000,0.000,0.307,0.000,0.000,0.000,0.000,0.000,0.000
7539.5,0,36.197,3.600,4.468,23.483,8.042,1.842,4.695,4.188,3.080,0.000,0.000,0.000,0.000,0.000,0.000,0.000,0.000,38.327,15.964,13.184,24.776,1.944,2.371,2.883,0.589,0.000,0.000,1.279,0.000,0.000,0.000,0.000,0.000,0.000
7587.5,0,35.941,3.383,3.098,23.348,9.026,0.828,3.276,3.048,3.284,0.000,0.000,0.000,0.000,0.000,0.000,0.000,0.000,32.949,14.641,15.550,22.803,1.819,3.270,5.228,2.503,0.000,0.000,0.575,0.000,0.000,0.000,0.000,0.000,0.000
7637.5,0,37.438,3.578,2.003,21.425,7.835,1.161,1.424,1.325,2.177,0.000,0.000,0.000,0.000,0.000,0.000,0.000,0.000,40.679,14.544,12.451,19.977,2.831,2.282,3.906,1.088,0.000,0.000,1.588,0.000,0.000,0.000,0.000,0.000,0.000
7686.0,0,38.302,2.581,2.294,19.675,6.739,0.517,2.155,1.269,3.236,0.000,0.000,0.000,0.000,0.000,0.000,0.000,0.000,29.918,17.002,14.966,25.958,4.671,3.239,1.741,1.689,0.000,0.000,0.708,0.000,0.000,0.000,0.000,0.000,0.000
7735.0,0,36.093,1.922,2.644,20.868,5.363,0.885,2.801,2.409,2.577,0.000,0.000,0.000,0.000,0.000,0.000,0.000,0.000,38.043,19.113,17.241,23.331,3.610,3.135,3.587,1.588,0.000,0.000,0.313,0.000,0.000,0.000,0.000,0.000,0.000
7783.5,0,33.706,4.768,3.874,24.340,8.076,0.394,4.179,3.077,2.929,0.000,0.000,0.000,0.000,0.000,0.000,0.000,0.000,40.475,16.723,13.009,21.075,3.600,3.667,3.477,1.463,0.000,0.000,0.139,0.000,0.000,0.000,0.000,0.000,0.000
7832.0,0,33.650,5.032,2.681,21.485,8.951,1.239,2.990,1.371,3.034,0.000,0.000,0.000,0.000,0.000,0.000,0.000,0.000,39.749,15.919,13.926,20.103,3.528,3.798,5.863,2.185,0.000,0.000,0.062,0.000,0.000,0.000,0.000,0.000,0.000
7880.5,0,34.710,3.790,2.304,22.572,6.958,0.552,1.332,0.611,3.005,0.000,0.000,0.000,0.000,0.000,0.000,0.000,0.000,40.619,15.178,13.492,21.511,4.319,3.975,4.330,1.912,0.000,0.000,0.028,0.000,0.000,0.000,0.000,0.000,0.000
7929.0,0,35.273,4.914,3.035,20.871,6.954,1.545,1.614,1.301,3.873,0.000,0.000,0.000,0.000,0.000,0.000,0.000,0.000,36.093,17.903,15.350,23.144,3.833,4.134,4.430,2.398,0.000,0.000,0.012,0.000,0.000,0.000,0.000,0.000,0.000
7977.5,0,34.443,4.931,4.535,22.438,7.700,2.055,2.686,3.952,3.847,0.000,0.000,0.000,0.000,0.000,0.000,0.000,0.000,34.956,16.617,13.866,23.228,4.439,7.114,4.492,1.069,0.000,0.000,1.640,0.000,0.000,0.000,0.000,0.000,0.000
8026.0,0,33.718,5.098,4.343,22.810,10.213,1.555,4.367,3.028,4.041,0.000,0.000,0.000,0.000,0.000,0.000,0.000,0.000,31.853,18.896,16.724,23.869,3.320,4.764,7.045,1.325,0.000,0.000,0.731,0.000,0.000,0.000,0.000,0.000,0.000
8074.5,0,34.896,5.824,3.730,24.607,7.344,1.811,3.845,3.262,3.504,0.000,0.000,0.000,0.000,0.000,0.000,0.000,0.000,36.566,16.104,14.764,22.502,3.941,4.864,4.106,2.215,0.000,0.000,2.015,0.000,0.000,0.000,0.000,0.000,0.000
8123.0,0,35.631,4.336,3.607,22.984,8.076,0.807,3.102,2.831,3.379,0.000,0.000,0.000,0.000,0.000,0.000,0.000,0.000,36.050,14.667,14.397,23.693,2.544,3.914,3.888,1.998,0.000,0.000,0.898,0.000,0.000,0.000,0.000,0.000,0.000
8171.5,0,34.422,2.754,3.302,22.046,7.426,1.535,3.207,1.945,2.231,0.000,0.000,0.000,0.000,0.000,0.000,0.000,0.000,36.219,16.873,14.976,24.203,3.948,5.816,5.782,3.499,0.000,0.000,1.631,0.000,0.000,0.000,0.000,0.000,0.000
8219.5,0,32.732,4.240,3.286,19.672,8.873,1.485,2.364,2.826,1.715,0.000,0.000,0.000,0.000,0.000,0.000,0.000,0.000,35.448,12.991,12.266,24.368,1.774,4.303,2.598,1.572,0.000,0.000,0.733,0.000,0.000,0.000,0.000,0.000,0.000
8268.0,0,35.074,4.778,3.592,21.802,7.937,1.369,3.319,2.406,1.990,0.000,0.000,0.000,0.000,0.000,0.000,0.000,0.000,35.800,12.436,12.537,25.043,0.790,1.917,3.161,2.597,0.000,0.000,0.327,0.000,0.000,0.000,0.000,0.000,0.000
8316.5,0,33.083,4.137,3.892,24.931,8.264,1.411,2.508,2.101,3.149,0.000,0.000,0.000,0.000,0.000,0.000,0.000,0.000,33.716,15.058,12.147,23.017,2.738,1.854,3.678,2.402,0.000,0.000,0.146,0.000,0.000,0.000,0.000,0.000,0.000
8365.0,0,35.841,4.787,1.734,20.854,7.351,1.378,1.779,1.603,2.692,0.000,0.000,0.000,0.000,0.000,0.000,0.000,0.000,42.150,12.646,13.913,23.780,5.898,3.508,3.022,1.071,0.000,0.000,0.065,0.870,0.000,0.000,0.000,0.000,0.000
8413.5,0,34.708,3.049,3.460,22.655,10.984,1.871,2.889,2.799,2.532,0.000,0.000,0.000,0.000,0.000,0.000,0.000,0.000,37.282,11.599,10.792,22.346,2.628,3.459,3.841,2.851,0.000,0.000,0.875,0.388,0.000,0.000,0.000,0.000,0.000
8462.0,0,32.817,6.182,4.231,23.540,9.477,0.834,4.183,4.146,4.715,0.000,0.000,0.000,0.000,0.000,0.000,0.000,0.000,37.134,16.326,13.691,24.492,6.402,4.321,3.840,2.425,0.000,0.000,0.390,0.173,0.000,0.000,0.000,0.000,0.000
8510.5,0,33.183,3.633,2.958,23.627,9.856,1.375,1.864,1.847,3.400,0.000,0.000,0.000,0.000,0.000,0.000,0.000,0.000,39.438,15.554,13.645,24.027,2.853,3.902,5.165,1.081,0.000,0.000,1.490,0.077,0.000,0.000,0.000,0.000,0.000
8559.0,0,33.652,3.359,3.664,23.045,8.970,0.613,1.949,1.932,2.904,0.000,0.000,0.000,0.000,0.000,0.000,0.000,0.000,39.042,14.429,12.619,20.828,5.459,3.764,3.607,2.454,0.000,0.000,0.664,0.980,0.000,0.000,0.000,0.000,0.000
8607.5,0,34.527,3.623,1.632,23.445,7.897,0.273,1.503,0.861,2.450,0.000,0.000,0.000,0.000,0.000,0.000,0.000,0.000,40.338,12.752,10.953,21.034,4.018,3.578,5.383,3.538,0.000,0.000,0.296,0.437,0.000,0.000,0.000,0.000,0.000
8656.0,0,33.726,3.483,3.462,23.364,8.778,0.871,3.620,3.366,3.184,0.000,0.000,0.000,0.000,0.000,0.000,0.000,0.000,38.473,14.683,13.128,22.750,3.132,4.054,5.982,1.577,0.000,0.000,1.527,0.195,0.000,0.000,0.000,0.000,0.000
8704.5,0,34.636,3.594,3.062,27.268,9.046,1.594,2.388,2.268,4.295,0.000,0.000,0.000,0.000,0.000,0.000,0.000,0.000,42.309,13.227,12.267,22.153,4.018,2.681,3.624,2.351,0.000,0.000,2.135,0.087,0.000,0.000,0.000,0.000,0.000
8753.0,0,34.782,3.703,3.249,20.387,9.587,0.710,2.240,2.186,3.802,0.000,0.000,0.000,0.000,0.000,0.000,0.000,0.000,40.537,13.245,12.616,19.495,2.728,2.916,2.767,1.048,0.000,0.000,0.951,0.039,0.000,0.000,0.000,0.000,0.000
8801.5,0,35.027,3.595,3.555,20.540,8.127,1.303,3.287,3.247,3.620,0.000,0.000,0.000,0.000,0.000,0.000,0.000,0.000,43.219,11.054,12.363,24.583,2.976,6.095,3.454,1.352,0.000,0.000,0.424,0.017,0.000,0.000,0.000,0.000,0.000
8850.0,0,33.897,2.423,3.357,20.180,6.877,0.581,2.468,2.442,1.613,0.000,0.000,0.000,0.000,0.000,0.000,0.000,0.000,39.829,13.760,12.271,24.320,3.214,5.249,6.413,2.037,0.000,0.000,0.189,0.008,0.000,0.000,0.000,0.000,0.000
8898.5,0,33.711,2.810,3.902,20.726,6.512,1.753,2.237,1.088,2.682,0.000,0.000,0.000,0.000,0.000,0.000,0.000,0.000,36.846,10.968,9.401,23.037,4.068,4.115,2.858,2.034,0.000,0.000,0.084,0.003,0.000,0.000,0.000,0.000,0.000
8947.0,0,34.596,4.038,4.405,24.994,6.058,0.781,1.653,1.136,2.519,0.000,0.000,0.000,0.000,0.000,0.000,0.000,0.000,37.754,15.919,13.850,25.446,4.136,4.041,3.418,0.906,0.000,0.000,0.038,0.002,0.000,0.000,0.000,0.000,0.000
8995.5,0,36.747,4.533,1.963,21.296,7.298,0.348,2.027,1.781,3.768,0.000,0.000,0.000,0.000,0.000,0.000,0.000,0.000,36.862,17.280,14.705,21.934,4.687,4.995,3.027,0.404,0.000,0.000,0.017,0.001,0.000,0.000,0.000,0.000,0.000
9043.5,0,35.813,5.060,2.756,21.501,5.780,0.912,2.932,1.937,2.748,0.000,0.000,0.000,0.000,0.000,0.000,0.000,0.000,37.101,15.370,13.016,21.872,3.142,3.105,2.227,0.181,0.000,0.000,0.008,0.000,0.000,0.000,0.000,0.000,0.000
9092.0,0,35.782,4.347,3.028,22.652,8.731,1.706,3.279,2.845,3.728,0.000,0.000,0.000,0.000,0.000,0.000,0.000,0.000,34.550,14.317,13.039,26.577,2.481,3.395,3.286,1.027,0.000,0.000,0.003,0.000,0.000,0.000,0.000,0.000,0.000
9140.5,0,36.297,4.100,3.394,21.936,8.568,0.760,2.198,2.005,2.357,0.000,0.000,0.000,0.000,0.000,0.000,0.000,0.000,36.370,13.203,13.001,24.256,2.678,4.204,3.019,0.457,0.000,0.000,0.001,0.000,0.000,0.000,0.000,0.000,0.000
9189.0,0,36.999,4.884,2.718,22.927,8.816,0.339,2.257,2.171,1.050,0.000,0.000,0.000,0.000,0.000,0.000,0.000,0.000,35.976,14.596,13.990,21.884,2.829,4.599,3.573,2.470,0.000,0.000,1.009,0.000,0.000,0.000,0.000,0.000,0.000
9237.5,0,36.046,5.463,3.670,19.798,7.337,1.037,3.712,2.796,1.809,0.000,0.000,0.000,0.000,0.000,0.000,0.000,0.000,39.432,16.626,16.949,22.343,3.751,4.595,5.360,2.476,0.000,0.000,0.449,0.000,0.000,0.000,0.000,0.000,0.000
9286.0,0,36.176,5.459,4.961,20.284,6.961,0.462,5.222,2.327,2.773,0.000,0.000,0.000,0.000,0.000,0.000,0.000,0.000,37.832,17.978,14.891,23.915,2.937,3.589,3.795,1.859,0.000,0.000,0.200,0.000,0.000,0.000,0.000,0.000,0.000
9334.5,0,35.096,4.467,4.484,22.045,9.942,1.235,3.436,2.761,2.985,0.000,0.000,0.000,0.000,0.000,0.000,0.000,0.000,35.734,13.478,13.814,23.911,5.463,4.505,4.184,2.362,0.000,0.000,0.089,0.000,0.000,0.000,0.000,0.000,0.000
9383.0,0,35.153,3.765,4.150,23.466,8.503,0.550,4.523,2.838,3.295,0.000,0.000,0.000,0.000,0.000,0.000,0.000,0.000,33.355,16.887,15.887,22.995,3.462,2.875,4.160,1.922,0.000,0.000,0.944,0.000,0.000,0.000,0.000,0.000,0.000
9431.5,0,32.358,5.185,1.849,21.574,7.795,1.589,2.015,1.265,2.577,0.000,0.000,0.000,0.000,0.000,0.000,0.000,0.000,35.914,19.372,13.607,22.573,3.805,2.386,4.146,2.081,0.000,0.000,0.421,0.000,0.000,0.000,0.000,0.000,0.000
9480.0,0,36.239,3.820,3.248,22.221,7.615,0.708,2.747,2.405,3.069,0.000,0.000,0.000,0.000,0.000,0.000,0.000,0.000,34.864,16.834,14.087,23.744,1.696,2.131,5.478,1.865,0.000,0.000,0.187,0.000,0.000,0.000,0.000,0.000,0.000
9528.5,0,40.030,3.599,2.459,23.362,7.240,1.511,2.333,1.072,3.148,0.000,0.000,0.000,0.000,0.000,0.000,0.000,0.000,36.711,17.272,12.353,19.723,1.792,2.310,4.890,1.716,0.000,0.000,0.084,0.000,0.000,0.000,0.000,0.000,0.000
9576.5,0,36.456,2.510,2.789,24.371,8.182,1.884,1.863,2.300,2.452,0.000,0.000,0.000,0.000,0.000,0.000,0.000,0.000,33.705,17.922,13.052,23.060,2.700,2.190,4.598,3.220,0.000,0.000,0.038,0.000,0.000,0.000,0.000,0.000,0.000
9625.0,0,35.346,5.261,3.548,23.048,7.447,0.840,3.292,2.414,4.389,0.000,0.000,0.000,0.000,0.000,0.000,0.000,0.000,36.494,18.014,13.366,23.888,2.125,3.324,6.530,1.435,0.000,0.000,1.706,0.000,0.000,0.000,0.000,0.000,0.000
9673.5,0,34.554,4.387,2.576,22.172,6.972,2.169,1.467,2.185,5.367,0.000,0.000,0.000,0.000,0.000,0.000,0.000,0.000,32.086,17.003,11.677,23.990,3.352,2.702,4.600,1.433,0.000,0.000,0.760,0.000,0.000,0.000,0.000,0.000,0.000
9722.0,0,35.231,3.912,2.966,18.190,7.830,0.966,2.682,1.675,2.391,0.000,0.000,0.000,0.000,0.000,0.000,0.000,0.000,33.935,16.135,11.030,21.848,1.494,2.838,4.032,2.318,0.000,0.000,0.339,0.000,0.000,0.000,0.000,0.000,0.000
9770.5,0,37.329,3.698,4.529,18.311,6.037,1.115,3.179,2.724,2.175,0.000,0.000,0.000,0.000,0.000,0.000,0.000,0.000,34.189,14.108,11.305,25.663,2.858,3.688,5.416,2.309,0.000,0.000,0.151,0.000,0.000,0.000,0.000,0.000,0.000
9819.0,0,35.917,3.945,3.800,21.661,10.777,3.010,3.246,3.034,1.725,0.000,0.000,0.000,0.000,0.000,0.000,0.000,0.000,37.171,14.571,10.712,20.412,2.345,3.319,4.160,1.029,0.000,0.000,0.067,0.000,0.000,0.000,0.000,0.000,0.000
9867.5,0,38.495,4.562,2.508,17.423,7.552,1.341,2.340,1.352,2.756,0.000,0.000,0.000,0.000,0.000,0.000,0.000,0.000,33.594,17.199,11.039,23.612,4.672,3.437,3.137,1.663,0.000,0.000,1.046,0.000,0.000,0.000,0.000,0.000,0.000
9916.0,0,37.824,2.949,2.872,17.879,7.603,0.598,1.811,1.365,1.228,0.000,0.000,0.000,0.000,0.000,0.000,0.000,0.000,35.839,16.945,11.617,24.634,2.831,2.421,3.912,0.741,0.000,0.000,0.466,0.000,0.000,0.000,0.000,0.000,0.000
9964.5,0,35.646,3.183,2.088,18.546,6.082,1.945,1.664,1.465,1.440,0.000,0.000,0.000,0.000,0.000,0.000,0.000,0.000,35.689,16.801,15.318,21.257,4.415,3.444,2.604,1.661,0.000,0.000,2.841,0.000,0.000,0.000,0.000,0.000,0.000
10013.0,0,33.812,4.702,2.302,22.037,6.996,1.904,2.212,2.146,2.341,0.000,0.000,0.000,0.000,0.000,0.000,0.000,0.000,35.906,17.768,14.865,21.620,5.048,4.306,3.125,0.740,0.000,0.000,1.266,0.000,0.000,0.000,0.000,0.000,0.000
10061.5,0,35.691,3.099,2.939,22.129,8.742,0.849,2.232,2.203,2.679,0.000,0.000,0.000,0.000,0.000,0.000,0.000,0.000,33.137,17.598,12.092,23.193,3.236,2.751,4.561,0.330,0.000,0.000,0.564,0.774,0.000,0.000,0.000,0.000,0.000
10110.0,0,36.318,4.623,1.955,24.226,8.000,1.002,0.995,0.982,3.718,0.000,0.000,0.000,0.000,0.000,0.000,0.000,0.000,34.765,16.923,12.507,21.492,4.691,4.353,2.032,0.896,0.000,0.000,0.251,0.345,0.000,0.000,0.000,0.000,0.000
10158.5,0,36.252,4.210,3.443,19.707,7.354,0.447,3.189,2.405,1.657,0.000,0.000,0.000,0.000,0.000,0.000,0.000,0.000,37.428,16.449,12.722,24.459,3.489,4.674,3.049,0.399,0.000,0.000,0.112,0.154,0.000,0.000,0.000,0.000,0.000
10207.0,0,36.955,4.578,2.457,20.231,7.261,1.077,1.421,1.072,2.370,0.000,0.000,0.000,0.000,0.000,0.000,0.000,0.000,34.337,15.284,14.322,21.858,3.563,3.690,4.657,1.063,0.000,0.000,0.050,0.069,0.000,0.000,0.000,0.000,0.000
10255.5,0,36.128,2.979,3.108,21.771,7.019,2.089,2.848,1.393,2.623,0.000,0.000,0.000,0.000,0.000,0.000,0.000,0.000,40.269,12.661,12.104,22.614,3.227,3.496,2.972,2.680,0.000,0.000,0.997,0.031,0.000,0.000,0.000,0.000,0.000
10304.0,0,34.352,3.149,3.168,24.353,6.756,0.931,2.057,2.601,1.912,0.000,0.000,0.000,0.000,0.000,0.000,0.000,0.000,34.391,16.570,13.851,24.156,4.696,5.108,4.890,2.514,0.000,0.000,1.379,0.014,0.000,0.000,0.000,0.000,0.000
10352.5,0,35.084,3.237,3.427,21.371,8.049,2.178,1.848,2.090,2.490,0.000,0.000,0.000,0.000,0.000,0.000,0.000,0.000,33.480,16.798,14.067,24.175,2.093,2.276,5.693,1.976,0.000,0.000,2.069,0.006,0.000,0.000,0.000,0.000,0.000
10401.0,0,35.064,3.178,3.840,20.404,7.398,0.971,1.827,1.935,2.859,0.000,0.000,0.000,0.000,0.000,0.000,0.000,0.000,31.163,19.806,14.097,26.878,2.050,3.213,2.537,0.880,0.000,0.000,0.922,0.003,0.000,0.000,0.000,0.000,0.000
10449.5,0,37.875,3.502,4.267,24.141,5.983,1.128,3.524,2.924,1.274,0.000,0.000,0.000,0.000,0.000,0.000,0.000,0.000,34.714,17.418,14.686,23.603,3.635,3.838,4.179,2.298,0.000,0.000,3.191,0.001,0.000,0.000,0.000,0.000,0.000
10498.0,0,34.677,2.539,1.901,21.451,8.279,1.728,1.570,1.303,2.894,0.000,0.000,0.000,0.000,0.000,0.000,0.000,0.000,32.547,16.489,14.178,23.217,1.620,3.189,3.404,2.583,0.000,0.000,3.070,0.001,0.000,0.000,0.000,0.000,0.000
10546.5,0,36.565,3.099,2.686,23.436,8.850,0.770,2.697,2.555,2.033,0.000,0.000,0.000,0.000,0.000,0.000,0.000,0.000,36.952,12.792,10.300,22.501,4.644,4.319,1.517,1.151,0.000,0.000,1.368,0.000,0.000,0.000,0.000,0.000,0.000
10595.0,0,39.173,2.312,2.962,21.146,8.043,1.443,2.348,2.285,2.716,0.000,0.000,0.000,0.000,0.000,0.000,0.000,0.000,37.946,15.006,14.617,21.857,3.234,4.076,4.319,1.971,0.000,0.000,0.610,0.000,0.000,0.000,0.000,0.000,0.000
10643.5,0,37.711,2.935,2.990,20.753,8.228,1.790,2.050,2.013,3.057,0.000,0.000,0.000,0.000,0.000,0.000,0.000,0.000,37.527,17.385,17.286,22.987,3.386,3.177,5.052,2.477,0.000,0.000,0.272,0.000,0.000,0.000,0.000,0.000,0.000
10691.5,0,36.546,2.204,2.339,20.669,7.800,1.705,2.127,0.905,2.162,0.000,0.000,0.000,0.000,0.000,0.000,0.000,0.000,34.734,16.877,13.848,23.972,2.777,2.274,3.851,2.548,0.000,0.000,0.122,0.000,0.000,0.000,0.000,0.000,0.000
10741.5,0,36.247,2.633,3.247,21.258,8.211,2.073,2.043,1.511,2.386,0.000,0.000,0.000,0.000,0.000,0.000,0.000,0.000,37.148,16.564,15.706,24.025,4.106,2.084,3.603,1.107,0.000,0.000,0.053,0.000,0.000,0.000,0.000,0.000,0.000
10790.0,0,34.089,5.253,2.565,21.332,6.341,2.280,0.910,1.930,1.063,0.000,0.000,0.000,0.000,0.000,0.000,0.000,0.000,36.993,13.799,12.848,21.230,3.824,4.318,4.472,1.301,0.000,0.000,0.024,0.000,0.000,0.000,0.000,0.000,0.000
10838.5,0,37.113,4.095,3.227,19.055,9.437,3.287,2.670,1.831,3.079,0.000,0.000,0.000,0.000,0.000,0.000,0.000,0.000,37.077,14.667,12.421,26.559,5.583,5.092,3.107,1.625,0.000,0.000,0.011,0.000,0.000,0.000,0.000,0.000,0.000
10887.5,0,35.261,4.943,4.659,20.818,9.313,1.452,3.517,3.156,2.129,0.000,0.000,0.000,0.000,0.000,0.000,0.000,0.000,34.312,14.250,11.293,26.011,3.495,3.545,3.356,2.343,0.000,0.000,0.005,0.000,0.000,0.000,0.000,0.000,0.000
10937.5,0,36.785,3.049,3.080,19.785,8.768,1.555,1.528,1.372,1.872,0.000,0.000,0.000,0.000,0.000,0.000,0.000,0.000,38.696,12.624,11.592,22.222,4.025,4.454,5.084,2.223,0.000,0.000,0.002,0.000,0.000,0.000,0.000,0.000,0.000
10987.5,0,36.094,3.066,3.311,21.670,7.167,0.676,2.767,2.699,3.472,0.000,0.000,0.000,0.000,0.000,0.000,0.000,0.000,37.591,16.277,14.151,20.455,2.598,3.734,3.243,1.920,0.000,0.000,0.001,0.000,0.000,0.000,0.000,0.000,0.000
11037.5,0,32.976,4.836,2.048,18.870,10.039,0.939,1.864,1.845,3.458,0.000,0.000,0.000,0.000,0.000,0.000,0.000,0.000,39.244,14.070,13.957,21.819,3.662,5.952,3.481,0.834,0.000,0.000,0.000,0.000,0.000,0.000,0.000,0.000,0.000
11087.5,0,32.393,4.471,1.609,24.524,8.467,1.584,0.810,0.802,2.338,0.000,0.000,0.000,0.000,0.000,0.000,0.000,0.000,33.410,13.513,9.369,23.337,3.717,4.973,4.304,1.452,0.000,0.000,2.958,0.000,0.000,0.000,0.000,0.000,0.000
11137.5,0,36.146,5.106,2.593,20.744,7.248,1.770,1.390,1.369,2.222,0.000,0.000,0.000,0.000,0.000,0.000,0.000,0.000,34.253,15.286,13.241,22.406,2.705,3.716,3.438,0.631,0.000,0.000,1.286,0.000,0.000,0.000,0.000,0.000,0.000
11187.5,0,36.805,3.120,1.991,19.423,8.177,0.769,1.650,1.574,5.289,0.000,0.000,0.000,0.000,0.000,0.000,0.000,0.000,34.998,16.969,12.399,23.056,3.322,3.057,3.237,2.286,0.000,0.000,0.559,1.483,0.000,0.000,0.000,0.000,0.000
11237.5,0,37.795,4.273,2.347,19.674,6.524,2.361,1.395,1.362,4.216,0.000,0.000,0.000,0.000,0.000,0.000,0.000,0.000,32.525,15.836,15.427,22.172,4.597,3.910,4.683,0.994,0.000,0.000,0.243,0.645,0.000,0.000,0.000,0.000,0.000
11287.5,0,38.680,5.254,2.698,21.597,8.090,2.314,2.416,1.463,1.832,0.000,0.000,0.000,0.000,0.000,0.000,0.000,0.000,32.197,15.162,12.001,24.457,2.875,2.611,5.897,2.418,0.000,0.000,1.183,0.280,0.000,0.000,0.000,0.000,0.000
11337.5,0,37.736,4.274,3.376,19.483,7.967,1.006,1.050,0.636,2.931,0.000,0.000,0.000,0.000,0.000,0.000,0.000,0.000,30.776,14.992,12.343,22.976,1.250,2.267,5.023,3.324,0.000,0.000,0.514,0.122,0.000,0.000,0.000,0.000,0.000
11387.5,0,38.736,3.821,3.577,18.457,8.055,3.739,2.207,2.032,3.720,0.000,0.000,0.000,0.000,0.000,0.000,0.000,0.000,30.649,19.572,17.228,23.010,3.239,4.276,4.072,2.212,0.000,0.000,1.347,0.053,0.000,0.000,0.000,0.000,0.000
11437.5,1,35.775,2.539,4.032,20.847,8.734,1.625,0.959,2.099,3.133,0.000,0.000,0.000,0.000,0.000,0.000,0.000,0.000,33.699,16.081,14.462,22.091,3.602,5.173,4.410,0.962,0.000,0.000,2.303,0.023,0.000,0.000,0.000,0.000,0.000
11487.5,1,37.246,2.782,3.030,22.072,9.046,1.834,1.057,1.547,4.529,0.000,0.000,0.000,0.000,0.000,0.000,0.000,0.000,35.870,15.032,12.000,23.777,3.602,3.816,3.458,1.218,0.000,0.000,1.001,0.010,0.000,0.000,0.000,0.000,0.000
11537.5,1,24.948,8.310,7.703,25.922,6.548,0.797,6.430,5.989,3.659,0.000,0.000,0.000,0.000,0.000,0.000,0.000,0.000,31.481,16.642,13.003,26.059,3.639,4.019,4.188,1.566,0.000,0.000,0.435,0.004,0.000,0.000,0.000,0.000,0.000
11587.5,1,19.367,12.089,7.886,26.240,6.806,0.346,7.634,7.472,3.556,0.000,0.000,0.000,0.000,0.000,0.000,0.000,0.000,35.795,12.590,12.036,21.236,2.662,2.927,2.717,1.551,0.000,0.000,0.189,0.002,0.000,0.000,0.000,0.000,0.000
11636.5,1,16.045,17.413,11.683,23.315,5.087,1.262,12.274,12.139,3.500,0.000,0.000,0.000,0.000,0.000,0.000,0.000,0.000,35.677,14.913,13.854,20.935,3.027,2.969,4.774,3.207,0.000,0.000,0.084,0.001,0.000,0.000,0.000,0.000,0.000
11686.5,1,15.355,14.700,12.559,26.751,4.445,0.549,10.587,10.537,3.227,0.000,0.000,0.000,0.000,0.000,0.000,0.000,0.000,38.667,14.996,11.094,23.752,4.017,3.648,3.642,1.394,0.000,0.000,1.515,0.835,0.000,0.000,0.000,0.000,0.000
11736.5,1,15.496,16.986,9.093,25.988,4.687,2.532,9.103,9.075,4.548,0.000,0.000,0.000,0.000,0.000,0.000,0.000,0.614,35.623,17.677,13.365,22.214,2.748,4.032,4.271,2.139,0.000,0.000,0.658,0.363,0.000,0.000,0.000,0.000,0.000
11786.5,1,11.367,20.234,12.427,22.605,2.037,1.100,13.067,12.027,4.890,0.000,0.000,0.000,0.000,0.000,0.000,0.000,1.348,36.964,13.467,11.220,21.240,2.205,2.812,2.925,0.930,0.000,0.000,0.286,0.158,0.000,0.000,0.000,0.000,0.000
11836.5,1,9.185,18.495,14.407,25.813,2.387,0.478,14.424,14.005,3.831,0.000,0.000,0.000,0.000,1.459,1.360,1.128,3.008,34.417,14.423,15.301,21.974,3.276,3.820,7.175,3.261,0.000,0.000,0.124,0.069,0.000,0.000,0.000,0.000,0.000
11886.5,1,7.522,22.084,16.342,25.295,2.175,0.208,14.580,13.015,6.289,0.000,0.000,0.000,0.000,0.634,0.591,0.490,1.307,37.230,16.022,16.181,25.557,2.452,2.793,4.712,2.925,0.000,0.000,0.054,0.030,0.000,0.000,0.000,0.000,0.000
11936.5,1,6.948,23.312,16.006,25.137,0.945,1.237,13.986,15.271,5.079,0.000,0.000,0.000,0.000,0.275,0.257,0.950,1.246,39.550,16.595,14.034,20.087,3.331,3.791,3.942,1.271,0.000,0.000,0.023,0.013,0.000,0.000,0.000,0.000,0.000
11986.0,1,5.264,23.847,16.455,23.126,0.414,0.542,15.420,15.330,2.226,0.000,0.000,0.000,0.000,0.121,0.113,0.416,0.546,36.991,16.552,13.693,21.150,2.918,2.934,4.189,1.568,0.000,0.000,0.010,0.006,0.000,0.000,0.000,0.000,0.000
12036.0,1,3.193,23.519,16.409,29.323,1.015,0.236,17.382,17.270,4.021,0.000,0.000,0.000,0.000,2.253,0.049,0.882,1.688,37.733,14.245,12.783,25.126,2.138,3.776,4.472,1.735,0.000,0.000,0.004,0.002,0.000,0.000,0.000,0.000,0.000
12086.0,1,1.593,26.476,21.260,26.705,0.441,0.102,19.116,20.390,6.897,0.000,0.000,0.000,0.000,0.979,0.021,0.383,3.151,34.543,16.481,11.739,19.721,4.304,4.816,1.944,0.754,0.000,0.000,0.002,0.001,0.000,0.000,0.000,0.000,0.000
12134.5,1,1.825,29.632,19.796,26.882,0.197,0.046,19.474,17.991,5.349,0.000,0.000,0.000,0.000,0.436,0.009,0.171,3.553,34.206,18.699,15.913,27.025,3.112,3.836,3.951,2.395,0.000,0.000,0.001,0.000,0.000,0.000,0.000,0.000,0.000
12184.5,1,1.822,24.623,18.586,27.712,0.900,0.020,16.273,16.182,3.837,0.000,0.000,0.000,0.000,0.190,0.004,0.074,2.163,34.268,15.266,14.145,22.228,1.353,1.667,5.998,1.041,0.000,0.000,1.162,0.000,0.000,0.000,0.000,0.000,0.000
12234.5,1,0.792,28.616,20.815,26.975,0.391,0.009,21.349,21.261,7.558,0.000,0.000,0.000,0.000,0.945,0.002,2.129,4.142,28.977,15.770,14.706,22.743,1.908,0.725,5.916,2.916,0.000,0.000,0.505,0.000,0.000,0.000,0.000,0.000,0.000
12284.5,1,0.344,29.499,20.162,29.031,0.170,0.004,18.986,20.219,5.312,0.000,0.000,0.000,0.000,1.153,0.670,2.749,3.491,34.622,20.855,15.046,25.400,2.288,1.212,3.491,1.267,0.000,0.000,0.219,0.000,0.000,0.000,0.000,0.000,0.000
12334.5,1,0.150,26.930,19.262,26.674,0.074,0.002,19.262,19.160,4.052,0.000,0.000,0.000,0.000,0.501,0.291,2.277,3.435,36.463,16.315,14.138,22.160,2.661,1.446,4.840,2.158,0.000,0.000,0.095,0.000,0.000,0.000,0.000,0.000,0.000
12384.5,1,0.065,25.157,17.395,27.553,0.032,0.001,16.998,16.785,3.931,0.000,0.000,0.000,0.000,0.218,0.127,1.960,2.794,32.849,15.933,12.586,25.673,4.482,4.007,6.623,3.566,0.000,0.000,0.041,0.000,0.000,0.000,0.000,0.000,0.000
12434.5,1,0.028,26.368,16.140,29.235,0.014,0.000,16.861,16.539,5.272,0.000,0.000,0.000,0.000,1.056,1.196,2.639,4.874,34.956,16.992,13.854,23.151,7.860,6.655,2.879,1.550,0.000,0.000,1.794,0.000,0.000,0.000,0.000,0.000,0.000
12484.5,1,0.012,25.771,19.028,29.892,0.006,0.000,19.706,19.439,4.454,0.000,0.000,0.000,0.000,1.882,0.520,4.471,5.847,33.526,17.818,13.619,24.960,4.887,4.668,3.182,0.674,0.000,0.000,0.780,0.000,0.000,0.000,0.000,0.000,0.000
12534.5,1,0.005,25.692,19.098,27.798,0.003,0.000,19.740,19.515,6.582,0.000,0.000,0.000,0.000,0.818,0.226,4.265,7.349,33.568,16.155,11.802,23.280,3.558,3.677,4.457,1.080,0.000,0.000,0.339,0.000,0.000,0.000,0.000,0.000,0.000
12584.5,1,0.002,27.792,18.108,27.510,0.001,0.000,12.621,13.893,3.807,0.000,0.000,0.000,0.000,1.123,0.098,2.675,3.194,39.211,12.570,13.025,22.431,5.431,7.275,3.023,0.469,0.000,0.000,1.755,0.000,0.000,0.000,0.000,0.000,0.000
12634.5,1,0.001,30.348,14.039,23.078,0.000,0.000,13.553,13.470,4.212,0.000,0.000,0.000,0.000,1.434,0.043,2.739,2.876,32.673,17.898,16.617,22.496,5.294,6.515,3.675,1.025,0.000,0.000,0.763,1.653,0.000,0.000,0.000,0.000,0.000
12684.5,1,0.000,26.557,16.375,30.388,0.000,0.000,14.288,14.199,3.841,0.000,0.000,0.000,0.000,0.623,0.019,1.190,2.314,31.274,19.899,12.649,24.255,2.301,2.831,3.668,1.259,0.000,0.000,0.331,0.718,0.000,0.000,0.000,0.000,0.000
12734.5,1,62.328,13.880,7.117,17.401,0.916,0.000,6.844,6.805,2.288,0.000,0.000,0.000,0.000,0.271,0.008,0.517,1.005,35.956,15.942,12.814,22.183,3.196,2.472,4.421,1.410,0.000,0.000,0.144,0.312,0.000,0.000,0.000,0.000,0.000
12784.5,1,86.989,8.153,3.777,11.905,5.076,0.614,2.974,3.726,0.995,0.000,0.000,0.000,0.000,0.118,0.004,0.225,0.437,35.401,16.160,14.971,23.869,4.559,6.037,1.922,0.613,0.000,0.000,1.566,0.136,0.000,0.000,0.000,0.000,0.000
12834.5,1,92.979,4.514,2.512,9.814,4.817,1.254,2.255,2.615,0.432,0.000,0.000,0.000,0.000,0.051,0.002,0.098,0.190,34.425,17.864,15.278,26.436,3.502,3.719,3.582,1.993,0.000,0.000,0.681,0.059,0.000,0.000,0.000,0.000,0.000
12884.5,1,93.837,3.919,1.817,8.904,4.539,0.545,0.980,1.136,0.188,0.000,0.000,0.000,0.000,0.022,0.001,0.042,0.083,34.708,16.945,11.962,21.805,5.199,2.608,4.589,2.313,0.000,0.000,0.296,0.026,0.000,0.000,0.000,0.000,0.000
12934.5,1,94.988,2.611,1.527,10.625,6.211,1.025,1.221,1.322,0.082,0.000,0.000,0.000,0.000,0.010,0.000,0.018,0.036,37.194,15.473,15.974,25.095,3.558,4.366,2.914,1.875,0.000,0.000,0.129,0.011,0.000,0.000,0.000,0.000,0.000
12984.5,0,93.716,2.884,1.499,12.262,7.293,2.464,1.493,1.604,0.035,0.000,0.000,0.000,0.000,0.004,0.000,0.008,0.016,38.044,15.743,13.497,21.589,4.851,4.798,3.009,2.336,0.000,0.000,1.383,0.005,0.000,0.000,0.000,0.000,0.000
13034.5,0,89.798,3.350,1.590,11.597,7.752,1.071,1.713,0.697,0.015,0.000,0.000,0.000,0.000,0.002,0.000,0.003,0.007,37.634,14.261,13.608,21.698,2.108,3.347,5.558,2.574,0.000,0.000,0.601,0.002,0.000,0.000,0.000,0.000,0.000
13084.5,0,82.577,2.451,1.867,11.154,7.143,1.191,2.055,1.581,1.253,0.000,0.000,0.000,0.000,0.001,0.000,0.002,0.003,35.722,17.301,16.089,23.133,4.861,2.294,3.511,2.018,0.000,0.000,1.228,0.878,0.000,0.000,0.000,0.000,0.000
13134.5,0,79.828,2.946,0.811,12.593,6.890,1.448,0.893,0.687,0.545,0.000,0.000,0.000,0.000,0.000,0.000,0.001,0.001,38.177,16.569,13.311,21.358,4.714,1.940,3.788,0.877,0.000,0.000,0.534,0.382,0.000,0.000,0.000,0.000,0.000
13184.5,0,76.254,2.116,1.003,13.722,7.173,1.437,1.176,0.299,0.237,0.000,0.000,0.000,0.000,0.000,0.000,0.000,0.001,36.943,14.412,13.973,21.109,2.049,5.337,4.277,1.508,0.000,0.000,1.043,0.166,0.000,0.000,0.000,0.000,0.000
13234.5,0,73.543,2.595,1.244,15.267,8.460,1.645,0.511,0.130,0.103,0.000,0.000,0.000,0.000,0.000,0.000,0.000,0.000,34.734,15.626,14.243,20.759,4.647,6.824,2.748,1.490,0.000,0.000,2.260,0.072,0.000,0.000,0.000,0.000,0.000
13284.5,0,70.141,1.936,1.362,14.754,7.001,1.871,1.130,1.035,0.794,0.000,0.000,0.000,0.000,0.000,0.000,0.000,0.000,31.905,15.258,12.743,21.674,2.020,2.966,4.224,1.489,0.000,0.000,0.982,0.031,0.000,0.000,0.000,0.000,0.000
13334.5,0,67.448,2.421,1.587,14.581,7.713,0.813,1.609,0.450,0.345,0.000,0.000,0.000,0.000,0.000,0.000,0.000,0.000,32.855,15.755,11.650,24.963,2.584,4.741,4.750,1.609,0.000,0.000,0.427,0.014,0.000,0.000,0.000,0.000,0.000
13384.5,0,67.677,3.028,1.621,14.668,7.249,2.499,1.754,0.196,0.150,0.000,0.000,0.000,0.000,0.000,0.000,0.000,0.000,34.482,16.979,13.219,21.889,5.166,4.933,5.047,2.122,0.000,0.000,0.185,0.006,0.000,0.000,0.000,0.000,0.000
13434.5,0,64.655,2.247,1.768,12.981,5.796,1.086,1.958,1.290,0.065,0.000,0.000,0.000,0.000,0.000,0.000,0.000,0.000,36.191,16.071,10.575,24.684,3.804,3.267,3.316,1.967,0.000,0.000,0.892,0.745,0.000,0.000,0.000,0.000,0.000
13484.5,0,64.105,2.809,2.057,14.048,7.605,1.123,0.851,0.561,1.763,0.000,0.000,0.000,0.000,0.000,0.000,0.000,0.000,36.539,17.054,13.224,26.215,1.653,3.000,5.743,3.924,0.000,0.000,0.388,0.324,0.000,0.000,0.000,0.000,0.000
13534.5,0,61.956,2.042,2.089,16.579,7.973,1.588,1.010,1.543,1.516,0.000,0.000,0.000,0.000,0.000,0.000,0.000,0.000,36.186,16.979,11.006,23.454,2.300,3.811,3.926,1.706,0.000,0.000,1.152,0.141,0.000,0.000,0.000,0.000,0.000
13584.5,0,58.823,2.517,2.154,16.009,7.388,1.916,0.439,0.671,1.326,0.000,0.000,0.000,0.000,0.000,0.000,0.000,0.000,34.784,16.551,12.207,18.622,2.194,3.098,2.681,2.353,0.000,0.000,0.500,0.061,0.000,0.000,0.000,0.000,0.000
13634.5,0,59.682,3.123,0.936,17.597,5.914,1.696,0.191,0.291,1.523,0.000,0.000,0.000,0.000,0.000,0.000,0.000,0.000,39.704,16.644,15.492,21.415,3.706,2.707,3.412,1.023,0.000,0.000,0.217,0.027,0.000,0.000,0.000,0.000,0.000
13684.5,0,57.289,2.320,1.063,14.681,6.346,0.737,0.083,0.127,0.662,0.000,0.000,0.000,0.000,0.000,0.000,0.000,0.000,37.708,18.465,14.814,21.813,2.845,3.872,2.734,1.464,0.000,0.000,0.095,0.012,0.000,0.000,0.000,0.000,0.000
13734.5,0,57.207,2.955,1.212,17.786,7.027,1.526,0.878,0.055,0.288,0.000,0.000,0.000,0.000,0.000,0.000,0.000,0.000,38.507,13.958,12.789,23.365,2.707,3.387,2.042,0.636,0.000,0.000,0.041,0.005,0.000,0.000,0.000,0.000,0.000
13784.5,0,59.144,2.177,1.435,17.322,6.788,1.791,1.446,1.088,1.858,0.000,0.000,0.000,0.000,0.000,0.000,0.000,0.000,39.242,14.508,13.416,22.936,3.769,1.472,4.805,3.024,0.000,0.000,0.018,0.002,0.000,0.000,0.000,0.000,0.000
13834.5,0,53.856,2.759,1.431,19.194,5.277,0.778,1.544,0.473,1.786,0.000,0.000,0.000,0.000,0.000,0.000,0.000,0.000,34.309,14.559,13.690,23.432,2.561,3.929,5.251,1.314,0.000,0.000,1.159,0.001,0.000,0.000,0.000,0.000,0.000
13884.5,0,55.687,2.063,2.135,19.692,6.352,1.045,1.344,0.873,1.780,0.000,0.000,0.000,0.000,0.000,0.000,0.000,0.000,38.428,13.634,10.991,19.677,3.277,3.068,4.029,0.571,0.000,0.000,0.504,0.000,0.000,0.000,0.000,0.000,0.000
13934.5,0,50.655,2.570,2.227,20.760,8.597,1.754,0.584,0.379,3.226,0.000,0.000,0.000,0.000,0.000,0.000,0.000,0.000,39.808,15.226,12.712,23.915,3.504,4.106,2.972,0.248,0.000,0.000,1.800,0.000,0.000,0.000,0.000,0.000,0.000
13984.5,0,50.202,3.076,1.592,19.526,5.769,0.762,1.539,1.450,2.414,0.000,0.000,0.000,0.000,0.000,0.000,0.000,0.000,38.326,13.344,10.687,20.766,6.755,5.703,4.255,0.949,0.000,0.000,2.634,0.000,0.000,0.000,0.000,0.000,0.000
14034.5,0,50.789,2.208,1.370,17.457,7.138,1.631,1.425,0.630,1.049,0.000,0.000,0.000,0.000,0.000,0.000,0.000,0.000,36.932,14.788,15.369,22.169,4.223,4.221,1.849,1.658,0.000,0.000,1.145,0.000,0.000,0.000,0.000,0.000,0.000
14084.5,0,50.976,2.745,2.723,20.407,7.618,1.846,2.951,1.651,0.456,0.000,0.000,0.000,0.000,0.000,0.000,0.000,0.000,35.562,15.194,15.016,26.103,2.781,4.222,4.361,1.528,0.000,0.000,0.497,0.000,0.000,0.000,0.000,0.000,0.000
14134.5,0,49.062,2.057,2.069,20.674,7.857,0.802,2.270,1.680,2.591,0.000,0.000,0.000,0.000,0.000,0.000,0.000,0.000,33.139,17.883,15.145,21.741,2.824,3.743,3.137,1.951,0.000,0.000,0.216,0.907,0.000,0.000,0.000,0.000,0.000
14184.5,0,48.745,2.646,1.990,21.147,11.732,1.170,0.986,0.730,1.126,0.000,0.000,0.000,0.000,0.000,0.000,0.000,0.000,36.775,17.574,11.978,24.682,5.009,5.397,2.584,0.848,0.000,0.000,1.208,0.394,0.000,0.000,0.000,0.000,0.000
14234.5,0,47.801,3.322,2.777,18.595,10.278,1.170,2.502,1.001,1.239,0.000,0.000,0.000,0.000,0.000,0.000,0.000,0.000,33.206,17.570,15.442,23.537,2.177,3.953,4.527,2.801,0.000,0.000,0.525,0.171,0.000,0.000,0.000,0.000,0.000
14284.5,0,48.415,2.447,1.207,21.404,7.396,1.193,1.087,0.435,2.252,0.000,0.000,0.000,0.000,0.000,0.000,0.000,0.000,38.783,16.414,13.098,22.356,3.086,4.139,3.109,1.218,0.000,0.000,1.279,0.074,0.000,0.000,0.000,0.000,0.000
14334.5,0,46.334,3.060,1.388,22.950,7.024,0.518,1.519,1.201,2.107,0.000,0.000,0.000,0.000,0.000,0.000,0.000,0.000,34.864,14.671,14.911,21.805,3.988,6.496,3.979,2.994,0.000,0.000,0.556,0.032,0.000,0.000,0.000,0.000,0.000
14384.5,0,46.107,2.284,2.794,17.702,8.606,1.913,3.050,1.865,0.916,0.000,0.000,0.000,0.000,0.000,0.000,0.000,0.000,36.680,17.046,14.112,22.557,3.400,4.541,4.582,1.301,0.000,0.000,1.116,0.014,0.000,0.000,0.000,0.000,0.000
14434.5,0,43.618,2.927,2.460,19.635,8.013,1.487,2.714,0.811,2.812,0.000,0.000,0.000,0.000,0.000,0.000,0.000,0.000,32.968,18.964,14.769,23.264,2.227,3.097,5.619,0.566,0.000,0.000,0.485,0.006,0.000,0.000,0.000,0.000,0.000
14484.5,0,44.554,2.143,1.069,22.450,8.940,1.601,1.180,0.961,1.878,0.000,0.000,0.000,0.000,0.000,0.000,0.000,0.000,35.831,15.851,12.467,23.994,1.945,3.688,3.425,1.928,0.000,0.000,0.211,0.003,0.000,0.000,0.000,0.000,0.000
14534.5,0,44.675,2.637,2.396,19.542,5.781,0.696,2.608,2.562,1.425,0.000,0.000,0.000,0.000,0.000,0.000,0.000,0.000,35.622,13.158,14.057,22.901,1.935,4.096,5.197,3.336,0.000,0.000,0.092,0.001,0.000,0.000,0.000,0.000,0.000
14584.5,0,45.719,3.039,3.032,18.426,5.507,1.785,3.306,2.195,2.260,0.000,0.000,0.000,0.000,0.000,0.000,0.000,0.000,32.829,15.341,12.013,23.889,1.669,1.780,3.642,1.450,0.000,0.000,0.040,0.001,0.000,0.000,0.000,0.000,0.000
14634.5,0,41.642,2.199,2.465,22.759,7.936,0.776,2.683,2.275,3.570,0.000,0.000,0.000,0.000,0.000,0.000,0.000,0.000,35.194,17.103,12.610,22.621,3.145,5.854,3.469,2.444,0.000,0.000,1.533,0.000,0.000,0.000,0.000,0.000,0.000
14684.5,0,46.088,2.547,2.859,20.643,7.044,1.027,2.074,1.889,3.795,0.000,0.000,0.000,0.000,0.000,0.000,0.000,0.000,30.665,18.013,14.944,26.121,3.121,3.595,3.673,1.062,0.000,0.000,0.666,0.000,0.000,0.000,0.000,0.000,0.000
14734.5,0,41.576,2.940,2.238,20.526,8.534,1.086,2.001,1.949,2.374,0.000,0.000,0.000,0.000,0.000,0.000,0.000,0.000,31.559,19.192,14.978,23.100,2.982,3.238,2.719,1.400,0.000,0.000,0.290,0.000,0.000,0.000,0.000,0.000,0.000
14784.5,0,43.510,2.141,2.072,20.088,7.543,1.771,2.148,0.847,1.704,0.000,0.000,0.000,0.000,0.000,0.000,0.000,0.000,33.941,14.164,13.288,22.114,3.257,6.432,6.069,1.578,0.000,0.000,1.297,0.000,0.000,0.000,0.000,0.000,0.000
14834.5,0,38.856,3.716,2.896,21.111,7.316,0.770,1.683,1.118,2.765,0.000,0.000,0.000,0.000,0.000,0.000,0.000,0.000,35.679,15.433,11.889,22.751,3.662,2.795,4.232,3.193,0.000,0.000,0.564,0.000,0.000,0.000,0.000,0.000,0.000
14884.5,0,39.960,3.518,1.259,21.534,6.955,1.266,1.366,1.115,2.905,0.000,0.000,0.000,0.000,0.000,0.000,0.000,0.000,40.024,14.608,14.862,22.446,3.740,3.823,3.767,1.388,0.000,0.000,0.245,0.000,0.000,0.000,0.000,0.000,0.000
14934.5,0,40.455,2.422,1.901,22.068,7.481,1.421,2.075,1.253,1.913,0.000,0.000,0.000,0.000,0.000,0.000,0.000,0.000,40.433,13.395,13.081,22.285,3.955,4.253,6.244,3.282,0.000,0.000,1.049,0.946,0.000,0.000,0.000,0.000,0.000
14984.5,0,41.807,4.065,1.557,22.081,6.574,0.618,0.902,0.545,2.153,0.000,0.000,0.000,0.000,0.000,0.000,0.000,0.000,38.483,17.641,13.664,22.935,1.719,2.674,4.490,1.426,0.000,0.000,0.456,0.411,0.000,0.000,0.000,0.000,0.000
15034.5,0,39.314,3.927,2.707,20.089,5.535,0.993,1.618,2.471,1.620,0.000,0.000,0.000,0.000,0.000,0.000,0.000,0.000,37.885,16.298,13.367,22.415,3.382,3.615,4.664,2.156,0.000,0.000,1.702,0.179,0.000,0.000,0.000,0.000,0.000
15084.5,0,39.376,3.731,3.281,18.433,10.765,0.432,2.956,2.451,2.383,0.000,0.000,0.000,0.000,0.000,0.000,0.000,0.000,39.235,18.007,12.294,19.241,5.012,6.281,3.198,0.937,0.000,0.000,0.740,0.078,0.000,0.000,0.000,0.000,0.000
15134.5,0,41.050,3.582,2.261,22.150,10.157,0.872,1.285,1.065,1.885,0.000,0.000,0.000,0.000,0.000,0.000,0.000,0.000,36.314,19.041,12.574,25.376,3.413,3.961,5.240,2.331,0.000,0.000,0.321,0.034,0.000,0.000,0.000,0.000,0.000
15184.5,0,39.730,2.450,2.580,19.157,10.450,2.903,2.272,1.341,2.350,0.000,0.000,0.000,0.000,0.000,0.000,0.000,0.000,36.290,15.500,11.908,22.788,2.528,3.093,3.858,1.013,0.000,0.000,1.106,0.015,0.000,0.000,0.000,0.000,0.000
15234.5,0,37.644,2.845,1.943,18.963,6.597,1.262,0.987,1.483,2.178,0.000,0.000,0.000,0.000,0.000,0.000,0.000,0.000,41.594,15.249,11.697,18.244,3.235,4.807,2.596,1.310,0.000,0.000,2.062,0.006,0.000,0.000,0.000,0.000,0.000
15284.5,0,39.423,2.058,2.835,22.215,8.269,2.465,2.602,1.700,2.019,0.000,0.000,0.000,0.000,0.000,0.000,0.000,0.000,40.275,13.224,10.488,24.629,4.925,3.185,3.806,1.784,0.000,0.000,2.107,0.003,0.000,0.000,0.000,0.000,0.000
15334.5,0,39.056,2.558,2.155,23.187,6.558,1.071,1.131,0.739,1.517,0.000,0.000,0.000,0.000,0.000,0.000,0.000,0.000,37.422,14.412,13.932,23.058,4.665,3.475,3.491,0.775,0.000,0.000,0.916,0.001,0.000,0.000,0.000,0.000,0.000
15384.5,0,40.867,3.914,2.618,19.476,9.469,1.222,1.247,2.156,3.308,0.000,0.000,0.000,0.000,0.000,0.000,0.000,0.000,36.576,20.266,14.240,24.757,2.958,2.415,3.601,2.254,0.000,0.000,0.398,0.001,0.000,0.000,0.000,0.000,0.000
15434.5,0,41.313,2.664,2.092,23.350,9.304,0.531,0.542,0.937,2.163,0.000,0.000,0.000,0.000,0.000,0.000,0.000,0.000,39.045,14.712,14.145,28.015,2.357,5.547,4.098,2.134,0.000,0.000,1.715,0.000,0.000,0.000,0.000,0.000,0.000
15484.5,0,40.015,3.019,2.729,22.216,8.984,1.243,2.246,1.080,2.866,0.000,0.000,0.000,0.000,0.000,0.000,0.000,0.000,44.378,13.566,13.697,24.597,3.717,4.262,4.562,1.930,0.000,0.000,0.745,0.000,0.000,0.000,0.000,0.000,0.000
15534.5,0,38.763,2.154,1.930,21.374,7.675,3.508,1.764,1.257,2.534,0.000,0.000,0.000,0.000,0.000,0.000,0.000,0.000,39.668,15.265,12.470,22.630,3.759,3.954,2.918,0.839,0.000,0.000,1.357,0.000,0.000,0.000,0.000,0.000,0.000
15584.5,0,38.607,2.607,2.320,21.099,7.809,1.525,2.384,2.200,1.987,0.000,0.000,0.000,0.000,0.000,0.000,0.000,0.000,38.052,16.559,13.726,22.734,1.634,2.579,3.720,1.392,0.000,0.000,0.590,0.000,0.000,0.000,0.000,0.000,0.000
15634.5,0,39.286,3.167,1.901,21.379,7.565,0.663,2.031,0.956,0.863,0.000,0.000,0.000,0.000,0.000,0.000,0.000,0.000,33.407,16.009,14.119,21.653,2.882,3.659,4.288,3.083,0.000,0.000,1.239,0.000,0.000,0.000,0.000,0.000,0.000
15684.5,0,36.056,3.543,2.707,21.855,6.716,1.283,1.691,1.224,3.457,0.000,0.000,0.000,0.000,0.000,0.000,0.000,0.000,31.659,15.894,14.425,25.306,1.253,1.590,4.905,2.420,0.000,0.000,0.539,0.000,0.000,0.000,0.000,0.000,0.000
15734.5,0,37.790,4.984,2.304,19.778,5.515,0.558,1.930,1.727,3.559,0.000,0.000,0.000,0.000,0.000,0.000,0.000,0.000,35.127,20.078,13.822,23.932,2.483,2.541,6.059,2.573,0.000,0.000,0.234,0.000,0.000,0.000,0.000,0.000,0.000
15784.5,0,35.061,3.051,2.371,19.696,6.466,1.166,2.314,1.500,3.226,0.000,0.000,0.000,0.000,0.000,0.000,0.000,0.000,35.243,16.738,12.477,22.326,2.017,2.246,4.088,2.416,0.000,0.000,0.102,0.000,0.000,0.000,0.000,0.000,0.000
15834.5,0,38.741,3.053,2.698,23.119,6.827,0.507,2.845,2.462,2.357,0.000,0.000,0.000,0.000,0.000,0.000,0.000,0.000,35.330,16.920,13.362,23.935,2.323,2.782,2.751,1.050,0.000,0.000,0.044,0.000,0.000,0.000,0.000,0.000,0.000
15884.5,0,38.765,3.951,2.080,22.277,9.522,0.893,2.283,1.070,1.925,0.000,0.000,0.000,0.000,0.000,0.000,0.000,0.000,37.298,14.714,12.591,22.530,2.893,4.267,4.431,2.268,0.000,0.000,0.019,0.000,0.000,0.000,0.000,0.000,0.000
15934.5,0,37.737,2.581,2.868,18.543,7.996,1.593,2.218,1.691,1.476,0.000,0.000,0.000,0.000,0.000,0.000,0.000,0.000,40.475,14.642,13.091,19.284,2.892,2.744,4.482,2.200,0.000,0.000,0.008,1.028,0.000,0.000,0.000,0.000,0.000
15984.5,0,35.997,3.982,3.208,19.705,5.638,0.693,3.073,1.891,1.309,0.000,0.000,0.000,0.000,0.000,0.000,0.000,0.000,35.556,16.367,13.099,24.136,4.886,6.729,6.078,3.258,0.000,0.000,1.470,0.447,0.000,0.000,0.000,0.000,0.000
16034.5,0,37.402,3.838,3.226,23.907,8.009,1.438,3.359,2.845,3.032,0.000,0.000,0.000,0.000,0.000,0.000,0.000,0.000,36.501,12.864,12.324,24.453,2.123,4.492,5.343,2.769,0.000,0.000,0.639,0.194,0.000,0.000,0.000,0.000,0.000
16084.5,0,36.524,3.621,4.790,22.504,7.465,0.625,3.856,3.651,2.031,0.000,0.000,0.000,0.000,0.000,0.000,0.000,0.000,37.123,15.923,14.059,24.741,3.801,3.003,3.418,2.240,0.000,0.000,2.478,0.084,0.000,0.000,0.000,0.000,0.000
16134.5,0,38.833,3.367,3.471,21.860,7.622,1.060,1.676,1.587,3.189,0.000,0.000,0.000,0.000,0.000,0.000,0.000,0.000,38.107,16.170,11.922,23.803,2.426,4.764,3.283,2.494,0.000,0.000,1.077,0.037,0.000,0.000,0.000,0.000,0.000
16184.5,0,36.281,3.920,2.290,22.828,7.347,1.162,2.264,1.518,3.331,0.000,0.000,0.000,0.000,0.000,0.000,0.000,0.000,33.949,15.340,12.973,24.979,2.759,3.599,5.335,2.656,0.000,0.000,0.468,0.016,0.000,0.000,0.000,0.000,0.000
16234.5,0,37.050,3.383,1.624,22.551,8.895,1.156,0.984,1.373,2.318,0.000,0.000,0.000,0.000,0.000,0.000,0.000,0.000,33.082,14.612,13.843,21.831,4.388,5.608,3.702,1.154,0.000,0.000,0.203,0.007,0.000,0.000,0.000,0.000,0.000
16284.5,0,38.104,4.327,2.480,22.172,5.931,1.557,2.350,2.577,3.377,0.000,0.000,0.000,0.000,0.000,0.000,0.000,0.000,39.555,14.830,13.747,22.151,3.082,4.870,3.758,0.502,0.000,0.000,1.507,0.003,0.000,0.000,0.000,0.000,0.000
16334.5,0,35.241,2.901,2.107,20.387,7.193,0.677,2.237,1.120,3.027,0.000,0.000,0.000,0.000,0.000,0.000,0.000,0.000,39.254,15.773,11.588,22.820,3.417,5.885,2.875,1.373,0.000,0.000,0.655,1.236,0.000,0.000,0.000,0.000,0.000
16384.5,0,37.217,3.267,4.255,23.383,8.608,2.483,1.722,1.230,2.593,0.000,0.000,0.000,0.000,0.000,0.000,0.000,0.000,39.945,15.991,13.135,23.211,4.170,4.061,3.051,1.424,0.000,0.000,0.285,0.537,0.000,0.000,0.000,0.000,0.000
16434.5,0,35.736,4.190,1.849,23.792,9.528,1.854,2.007,1.793,4.629,0.000,0.000,0.000,0.000,0.000,0.000,0.000,0.000,40.659,14.035,13.799,21.034,2.613,5.633,6.721,3.286,0.000,0.000,0.124,0.233,0.000,0.000,0.000,0.000,0.000
16484.5,0,36.897,3.739,2.554,21.918,8.246,0.806,2.787,1.879,3.158,0.000,0.000,0.000,0.000,0.000,0.000,0.000,0.000,38.203,11.263,10.241,22.648,2.757,4.124,2.921,1.428,0.000,0.000,0.054,0.101,0.000,0.000,0.000,0.000,0.000
16534.5,0,35.111,3.930,4.155,20.557,9.626,1.536,2.112,1.725,3.406,0.000,0.000,0.000,0.000,0.000,0.000,0.000,0.000,41.593,12.360,11.034,21.190,4.668,4.545,3.415,1.598,0.000,0.000,1.224,0.044,0.000,0.000,0.000,0.000,0.000
16584.5,0,34.796,3.542,2.934,21.911,8.088,0.667,2.778,2.594,2.104,0.000,0.000,0.000,0.000,0.000,0.000,0.000,0.000,35.041,14.342,15.799,21.889,2.842,1.975,4.675,3.651,0.000,0.000,0.532,0.019,0.000,0.000,0.000,0.000,0.000
16634.5,0,37.749,2.382,2.375,20.587,9.058,0.997,1.207,1.127,2.813,0.000,0.000,0.000,0.000,0.000,0.000,0.000,0.000,33.630,17.202,13.867,22.816,2.810,2.617,4.289,1.587,0.000,0.000,1.786,0.900,0.000,0.000,0.000,0.000,0.000
16684.5,0,38.603,3.506,3.463,23.396,7.846,0.433,1.792,1.757,2.304,0.000,0.000,0.000,0.000,0.000,0.000,0.000,0.000,38.190,13.553,11.840,23.091,3.386,3.641,4.909,2.288,0.000,0.000,2.148,0.391,0.000,0.000,0.000,0.000,0.000
16734.5,0,36.323,4.500,3.734,20.271,9.119,0.188,3.170,1.979,3.763,0.000,0.000,0.000,0.000,0.000,0.000,0.000,0.000,34.999,12.024,10.776,22.467,4.363,5.144,3.625,0.994,0.000,0.000,2.425,0.170,0.000,0.000,0.000,0.000,0.000
16784.5,0,38.173,4.104,5.546,19.583,7.873,0.766,2.744,2.249,1.635,0.000,0.000,0.000,0.000,0.000,0.000,0.000,0.000,34.660,15.462,15.639,26.141,4.919,5.425,2.550,1.486,0.000,0.000,1.054,0.074,0.000,0.000,0.000,0.000,0.000
16834.5,0,40.317,4.626,4.908,21.986,11.324,1.538,3.687,3.493,2.496,0.000,0.000,0.000,0.000,0.000,0.000,0.000,0.000,33.553,16.950,14.004,24.641,3.514,5.088,4.643,1.933,0.000,0.000,0.458,0.032,0.000,0.000,0.000,0.000,0.000
16884.5,0,35.688,2.812,3.432,22.079,8.185,0.669,2.991,2.907,2.080,0.000,0.000,0.000,0.000,0.000,0.000,0.000,0.000,38.792,17.091,12.689,24.599,2.555,4.933,4.817,2.005,0.000,0.000,0.199,0.014,0.000,0.000,0.000,0.000,0.000
16934.5,0,38.572,3.538,2.884,21.815,7.680,1.237,2.816,2.819,3.506,0.000,0.000,0.000,0.000,0.000,0.000,0.000,0.000,35.922,14.048,13.173,23.448,5.288,4.885,5.116,3.742,0.000,0.000,0.086,0.006,0.000,0.000,0.000,0.000,0.000
16984.5,0,39.115,3.357,2.055,20.878,7.363,1.438,1.224,1.225,3.261,0.000,0.000,0.000,0.000,0.000,0.000,0.000,0.000,35.335,13.131,12.221,22.451,4.864,3.589,3.365,1.626,0.000,0.000,0.038,0.003,0.000,0.000,0.000,0.000,0.000
17034.5,0,40.004,3.683,2.503,20.133,7.981,0.625,2.274,1.205,3.441,0.000,0.000,0.000,0.000,0.000,0.000,0.000,0.000,37.949,13.892,13.198,20.473,4.543,4.858,5.013,2.590,0.000,0.000,1.507,0.001,0.000,0.000,0.000,0.000,0.000
17084.5,0,37.492,3.511,3.905,22.574,8.173,1.210,4.030,3.581,3.624,0.678,0.000,0.000,0.000,0.000,0.000,0.000,0.000,37.908,14.013,11.354,23.437,3.037,3.363,3.574,1.126,0.000,0.000,0.655,0.000,0.000,0.000,0.000,0.000,0.000
17134.5,0,31.499,5.990,3.729,21.552,8.377,0.526,2.977,2.772,2.821,0.295,0.000,0.000,0.000,0.000,0.000,0.000,0.000,34.726,17.241,12.964,19.933,4.941,5.514,2.536,1.492,0.000,0.000,1.204,0.000,0.000,0.000,0.000,0.000,0.000
17184.5,0,34.181,4.367,2.409,23.303,8.831,0.853,2.151,2.128,2.506,0.128,0.000,0.000,0.000,0.000,0.000,0.000,0.000,34.187,18.359,15.473,25.795,4.477,4.017,5.164,2.234,0.000,0.000,1.942,0.000,0.000,0.000,0.000,0.000,0.000
17234.5,0,35.478,4.602,2.866,21.629,8.581,1.452,1.763,1.753,2.076,0.056,0.000,0.000,0.000,0.000,0.000,0.000,0.000,33.963,18.957,13.811,23.815,6.340,3.287,4.730,2.007,0.000,0.000,2.635,0.000,0.000,0.000,0.000,0.000,0.000
17284.5,0,36.710,4.055,2.224,22.825,8.504,0.631,1.830,0.762,4.267,0.024,0.000,0.000,0.000,0.000,0.000,0.000,0.000,34.865,15.061,12.855,23.008,2.755,2.240,4.701,2.525,0.000,0.000,1.145,0.761,0.000,0.000,0.000,0.000,0.000
17334.5,0,36.790,2.725,2.718,21.994,8.621,1.082,2.767,2.236,3.070,0.011,0.000,0.000,0.000,0.000,0.000,0.000,0.000,33.170,15.376,10.721,23.906,3.899,2.989,4.643,2.322,0.000,0.000,0.498,0.331,0.000,0.000,0.000,0.000,0.000
17384.5,0,39.920,3.038,2.513,20.823,9.551,1.803,1.202,0.972,2.024,0.005,0.000,0.000,0.000,0.000,0.000,0.000,0.000,33.286,14.860,14.729,21.135,2.664,3.266,4.781,1.009,0.000,0.000,0.216,0.144,0.000,0.000,0.000,0.000,0.000
17434.5,0,38.291,2.156,2.975,19.786,9.583,0.783,1.928,2.498,2.701,0.002,0.000,0.000,0.000,0.000,0.000,0.000,0.000,35.045,16.973,12.463,22.968,4.272,3.888,3.508,1.769,0.000,0.000,1.536,0.063,0.000,0.000,0.000,0.000,0.000
17484.5,0,38.933,2.694,4.313,22.775,10.033,1.404,4.077,3.025,2.161,0.001,0.000,0.000,0.000,0.000,0.000,0.000,0.000,34.202,15.594,17.050,21.733,3.154,1.690,4.003,2.078,0.000,0.000,0.668,0.027,0.000,0.000,0.000,0.000,0.000
17534.5,0,36.202,3.391,3.240,21.615,8.902,2.604,1.772,1.315,3.159,0.000,0.000,0.000,0.000,0.000,0.000,0.000,0.000,32.543,18.532,16.321,22.453,3.889,2.646,2.579,1.717,0.000,0.000,0.290,0.012,0.000,0.000,0.000,0.000,0.000
17584.5,0,35.235,2.494,3.881,21.744,8.141,1.132,2.738,2.720,3.398,0.000,0.000,0.000,0.000,0.000,0.000,0.000,0.000,33.639,19.237,13.784,21.434,3.935,6.154,4.415,1.901,0.000,0.000,1.556,0.005,0.000,0.000,0.000,0.000,0.000
17634.5,0,36.217,2.943,4.068,22.368,8.119,1.415,3.746,3.707,3.689,0.000,0.000,0.000,0.000,0.000,0.000,0.000,0.000,33.844,18.586,18.496,24.261,4.307,5.893,5.060,2.956,0.000,0.000,0.676,0.002,0.000,0.000,0.000,0.000,0.000
17684.5,0,35.741,2.150,1.768,23.919,8.778,0.615,1.628,1.611,1.603,0.000,0.000,0.000,0.000,0.000,0.000,0.000,0.000,36.722,13.845,12.485,26.263,3.138,4.142,2.199,1.285,0.000,0.000,0.294,0.001,0.000,0.000,0.000,0.000,0.000
17734.5,0,34.089,3.653,3.753,20.173,6.595,2.086,3.164,3.175,1.518,0.000,0.000,0.000,0.000,0.000,0.000,0.000,0.000,33.694,17.828,15.074,22.632,2.965,3.160,4.408,2.802,0.000,0.000,0.128,0.000,0.000,0.000,0.000,0.000,0.000
17784.5,0,34.290,3.403,2.446,24.337,7.158,0.906,2.283,2.303,2.949,0.000,0.000,0.000,0.000,0.000,0.000,0.000,0.000,36.222,16.027,11.947,21.881,4.013,4.438,5.648,1.218,0.000,0.000,0.056,0.000,0.000,0.000,0.000,0.000,0.000
17834.5,0,34.494,5.184,3.265,19.758,7.436,0.394,2.208,2.216,1.921,0.000,0.000,0.000,0.000,0.000,0.000,0.000,0.000,32.609,17.058,14.444,25.555,2.512,4.458,2.455,1.646,0.000,0.000,0.944,0.000,0.000,0.000,0.000,0.000,0.000
17884.5,0,33.767,4.380,3.498,23.255,5.721,0.927,3.173,3.194,3.206,0.000,0.000,0.000,0.000,0.000,0.000,0.000,0.000,31.954,15.439,13.274,23.366,1.092,1.938,3.841,1.571,0.000,0.000,0.410,0.000,0.000,0.000,0.000,0.000,0.000
17934.5,0,39.035,2.882,2.648,20.524,10.301,1.724,2.625,2.655,3.267,0.000,0.000,0.000,0.000,0.000,0.000,0.000,0.000,33.545,16.596,14.465,20.355,3.062,3.255,5.361,1.949,0.000,0.000,0.178,0.000,0.000,0.000,0.000,0.000,0.000
17984.5,0,40.157,3.214,3.894,25.000,10.025,0.749,1.141,1.154,3.593,0.000,0.000,0.000,0.000,0.000,0.000,0.000,0.000,41.846,11.198,14.625,19.483,5.090,2.350,2.330,0.847,0.000,0.000,0.077,0.000,0.000,0.000,0.000,0.000,0.000
18034.5,0,40.473,2.335,2.332,23.515,9.445,1.416,2.471,1.799,2.582,0.000,0.000,0.000,0.000,0.000,0.000,0.000,0.000,35.686,17.322,13.104,24.050,3.478,3.769,2.649,1.779,0.000,0.000,0.034,0.000,0.000,0.000,0.000,0.000,0.000
18084.5,0,41.147,2.764,1.802,22.182,6.979,0.616,1.074,0.782,4.900,0.000,0.000,0.000,0.000,0.000,0.000,0.000,0.000,34.705,15.151,13.633,23.304,4.453,6.950,3.966,0.773,0.000,0.000,1.433,0.000,0.000,0.000,0.000,0.000,0.000
18134.5,0,35.824,3.321,2.424,23.523,6.277,1.493,2.231,2.136,2.130,0.000,0.000,0.000,0.000,0.000,0.000,0.000,0.000,39.317,14.934,12.606,21.134,6.796,4.370,1.724,0.336,0.000,0.000,2.102,0.000,0.000,0.000,0.000,0.000,0.000
18184.5,0,35.130,3.251,2.040,22.170,8.647,2.004,0.969,0.928,1.576,0.000,0.000,0.000,0.000,0.000,0.000,0.000,0.000,39.730,13.261,13.204,22.274,2.953,3.751,3.684,1.791,0.000,0.000,0.913,0.000,0.000,0.000,0.000,0.000,0.000
18234.5,0,32.419,5.626,1.548,21.108,7.569,0.871,1.123,1.105,2.001,0.000,0.000,0.000,0.000,0.000,0.000,0.000,0.000,33.760,19.313,13.175,21.370,2.429,1.630,5.722,1.953,0.000,0.000,0.397,0.000,0.000,0.000,0.000,0.000,0.000
18284.5,0,35.206,4.027,3.233,23.703,7.824,1.667,1.880,1.205,1.509,0.000,0.000,0.000,0.000,0.000,0.000,0.000,0.000,34.440,18.352,12.933,21.902,2.164,3.122,5.106,3.302,0.000,0.000,0.173,0.000,0.000,0.000,0.000,0.000,0.000
18334.5,0,33.390,3.550,1.405,21.647,9.928,0.724,0.817,1.132,2.832,0.000,0.000,0.000,0.000,0.000,0.000,0.000,0.000,36.999,15.422,11.392,22.346,1.789,2.823,3.296,1.435,0.000,0.000,0.075,0.000,0.000,0.000,0.000,0.000,0.000
18384.5,0,35.052,4.512,2.005,21.275,9.628,2.541,1.869,2.043,1.956,0.000,0.000,0.000,0.000,0.000,0.000,0.000,0.000,34.083,17.430,12.829,24.327,2.981,3.873,4.055,0.624,0.000,0.000,0.033,1.245,0.000,0.000,0.000,0.000,0.000
18434.5,0,36.964,2.892,1.647,26.711,6.643,1.104,1.683,0.888,3.748,0.000,0.000,0.000,0.000,0.000,0.000,0.000,0.000,33.055,18.019,15.317,21.564,4.645,1.683,4.971,1.602,0.000,0.000,0.014,0.541,0.000,0.000,0.000,0.000,0.000
18484.5,0,35.721,3.059,1.551,25.188,5.940,1.969,1.694,0.386,1.629,0.000,0.000,0.000,0.000,0.000,0.000,0.000,0.000,31.697,16.458,17.985,23.594,4.961,3.260,4.495,2.643,0.000,0.000,0.006,0.235,0.000,0.000,0.000,0.000,0.000
18534.5,0,36.938,3.547,2.355,19.939,7.603,1.984,1.683,2.014,1.941,0.000,0.000,0.000,0.000,0.000,0.000,0.000,0.000,36.748,17.140,13.933,24.532,3.134,5.437,4.257,1.943,0.000,0.000,0.003,2.071,0.000,0.000,0.000,0.000,0.000
18584.5,0,33.467,2.553,3.675,22.737,8.831,2.183,3.587,2.847,3.954,0.000,0.000,0.000,0.000,0.000,0.000,0.000,0.000,37.273,14.796,13.904,17.239,3.831,4.609,4.887,1.999,0.000,0.000,0.001,0.900,0.000,0.000,0.000,0.000,0.000
18634.5,0,31.733,5.257,3.987,23.569,9.172,0.949,4.192,1.237,2.474,0.000,0.000,0.000,0.000,0.000,0.000,0.000,0.000,41.086,15.019,13.015,25.047,3.242,4.286,3.828,0.869,0.000,0.000,0.001,0.391,0.000,0.000,0.000,0.000,0.000
18684.5,0,35.830,4.057,3.358,20.910,8.195,1.459,3.669,1.865,3.529,0.000,0.000,0.000,0.000,0.000,0.000,0.000,0.000,37.233,15.061,11.963,25.356,5.096,4.618,5.715,1.633,0.000,0.000,0.839,0.170,0.000,0.000,0.000,0.000,0.000
18734.5,0,36.429,3.588,3.453,19.923,8.743,1.955,2.302,1.512,2.355,0.000,0.000,0.000,0.000,0.000,0.000,0.000,0.000,37.357,17.691,15.205,22.690,2.215,5.809,2.484,0.710,0.000,0.000,0.365,0.074,0.000,0.000,0.000,0.000,0.000
18784.5,0,33.330,2.416,2.372,24.024,10.699,1.563,2.591,1.573,3.561,0.000,0.000,0.000,0.000,0.000,0.000,0.000,0.000,36.659,17.061,12.597,24.038,2.061,5.488,2.758,1.109,0.000,0.000,0.159,0.032,0.000,0.000,0.000,0.000,0.000
18834.5,0,33.443,3.426,3.043,20.361,9.885,2.023,2.515,2.061,2.291,0.000,0.000,0.000,0.000,0.000,0.000,0.000,0.000,34.454,18.176,11.520,22.964,3.560,4.222,3.725,0.482,0.000,0.000,0.069,0.014,0.000,0.000,0.000,0.000,0.000
18884.5,0,35.478,3.468,3.074,22.639,10.467,1.493,2.971,2.802,3.025,0.000,0.000,0.000,0.000,0.000,0.000,0.000,0.000,30.861,19.558,14.838,26.220,2.477,4.226,4.874,2.526,0.000,0.000,0.912,0.006,0.000,0.000,0.000,0.000,0.000
18934.5,0,35.316,3.132,4.252,20.686,7.369,0.649,3.065,2.230,1.982,0.000,0.000,0.000,0.000,0.000,0.000,0.000,0.000,31.745,18.070,13.140,21.315,2.702,1.837,3.232,1.098,0.000,0.000,0.396,0.003,0.000,0.000,0.000,0.000,0.000
18984.5,0,36.767,3.106,1.848,21.081,7.845,2.358,1.332,0.969,1.475,0.000,0.000,0.000,0.000,0.000,0.000,0.000,0.000,31.888,18.717,15.085,24.485,3.719,3.118,3.901,1.567,0.000,0.000,1.676,0.001,0.000,0.000,0.000,0.000,0.000
19034.5,0,37.405,4.309,1.534,20.780,9.612,1.025,0.579,0.421,4.136,0.000,0.000,0.000,0.000,0.000,0.000,0.000,0.000,33.448,21.127,14.540,23.880,2.644,3.550,4.163,3.060,0.000,0.000,0.728,0.000,0.000,0.000,0.000,0.000,0.000
19084.5,0,38.104,3.563,2.967,21.068,8.533,1.195,1.467,1.320,2.954,0.000,0.000,0.000,0.000,0.000,0.000,0.000,0.000,38.930,17.144,11.154,21.480,4.294,4.586,4.116,2.200,0.000,0.000,0.317,0.000,0.000,0.000,0.000,0.000,0.000
19134.5,0,35.596,5.866,3.393,21.400,10.508,1.776,2.503,2.450,2.479,0.000,0.000,0.000,0.000,0.000,0.000,0.000,0.000,37.825,14.088,15.175,21.247,5.748,3.116,2.814,1.950,0.000,0.000,0.977,0.000,0.000,0.000,0.000,0.000,0.000
19184.5,0,36.410,3.428,2.529,21.614,10.502,0.772,2.234,2.280,3.437,0.000,0.000,0.000,0.000,0.000,0.000,0.000,0.000,35.900,19.852,12.326,20.729,5.026,4.100,5.893,2.282,0.000,0.000,0.424,0.000,0.000,0.000,0.000,0.000,0.000
19234.5,0,34.760,3.178,3.688,22.111,9.349,2.278,2.303,2.312,2.139,0.000,0.000,0.000,0.000,0.000,0.000,0.000,0.000,35.027,14.638,11.900,24.171,4.681,4.469,4.016,0.992,0.000,0.000,3.537,0.000,0.000,0.000,0.000,0.000,0.000
19284.5,0,37.895,4.078,2.769,22.204,6.648,0.990,1.652,1.005,2.738,0.000,0.000,0.000,0.000,0.000,0.000,0.000,0.000,34.099,17.271,12.942,24.070,5.434,4.632,4.432,2.030,0.000,0.000,1.537,0.000,0.000,0.000,0.000,0.000,0.000
19334.5,0,39.357,2.719,3.181,20.484,6.757,1.273,1.419,1.132,2.944,0.000,0.000,0.000,0.000,0.000,0.000,0.000,0.000,33.049,18.417,11.476,25.915,3.261,2.013,4.250,1.703,0.000,0.000,0.668,0.000,0.000,0.000,0.000,0.000,0.000
19384.5,0,35.949,2.944,2.437,23.563,7.026,1.297,2.406,2.315,4.545,0.000,0.000,0.000,0.000,0.000,0.000,0.000,0.000,28.754,19.418,16.663,25.493,5.189,4.934,2.889,1.726,0.000,0.000,2.112,0.000,0.000,0.000,0.000,0.000,0.000
19434.5,0,35.996,4.069,2.780,21.574,7.883,0.563,2.926,2.894,1.975,0.000,0.000,0.000,0.000,0.000,0.000,0.000,0.000,34.129,12.983,12.516,22.396,3.881,4.948,4.866,1.585,0.000,0.000,0.918,0.000,0.000,0.000,0.000,0.000,0.000
19484.5,0,34.454,2.755,2.710,22.066,8.961,1.512,2.943,2.107,3.061,0.000,0.000,0.000,0.000,0.000,0.000,0.000,0.000,36.449,13.987,10.931,21.896,3.902,3.511,2.115,1.683,0.000,0.000,2.103,0.000,0.000,0.000,0.000,0.000,0.000
19534.5,0,33.981,5.072,3.198,22.220,7.884,0.657,3.553,2.062,1.330,0.000,0.000,0.000,0.000,0.000,0.000,0.000,0.000,35.477,14.888,13.814,25.287,4.208,2.886,3.719,3.063,0.000,0.000,0.914,0.000,0.000,0.000,0.000,0.000,0.000
19584.5,0,33.031,3.926,3.075,22.650,8.902,1.323,2.423,2.753,0.578,0.000,0.000,0.000,0.000,0.000,0.000,0.000,0.000,39.238,15.782,11.999,23.102,1.829,2.685,2.910,1.331,0.000,0.000,0.397,0.000,0.000,0.000,0.000,0.000,0.000
19634.5,0,34.038,5.583,3.607,20.192,6.851,0.575,2.090,1.196,4.318,0.000,0.000,0.000,0.000,0.000,0.000,0.000,0.000,37.429,17.498,15.779,23.338,2.403,2.064,3.184,1.501,0.000,0.000,0.173,0.000,0.000,0.000,0.000,0.000,0.000
19684.5,0,34.109,4.560,3.929,24.053,8.027,2.174,2.910,3.695,2.977,0.000,0.000,0.000,0.000,0.000,0.000,0.000,0.000,36.568,15.945,12.512,25.438,1.819,2.708,4.723,1.395,0.000,0.000,1.034,0.000,0.000,0.000,0.000,0.000,0.000
19734.5,0,35.345,2.944,2.893,24.608,6.916,0.945,2.564,1.606,4.974,0.000,0.000,0.000,0.000,0.000,0.000,0.000,0.000,32.379,16.993,13.172,22.380,2.439,3.932,4.953,2.165,0.000,0.000,0.449,0.000,0.000,0.000,0.000,0.000,0.000
19784.5,0,32.791,3.165,2.385,26.425,11.060,1.389,1.114,0.698,2.162,0.000,0.000,0.000,0.000,0.000,0.000,0.000,0.000,36.427,14.379,13.664,21.856,5.330,4.382,6.681,1.833,0.000,0.000,0.195,0.000,0.000,0.000,0.000,0.000,0.000
19834.5,0,37.294,3.088,2.793,21.197,7.582,0.604,2.387,0.959,2.805,0.000,0.000,0.000,0.000,0.000,0.000,0.000,0.000,40.955,14.094,11.493,21.438,5.514,5.653,4.579,2.052,0.000,0.000,1.390,0.000,0.000,0.000,0.000,0.000,0.000
19884.5,0,36.296,3.053,2.077,23.032,7.839,1.105,1.961,1.333,1.926,0.000,0.000,0.000,0.000,0.000,0.000,0.000,0.000,35.371,18.361,15.125,22.550,4.699,2.457,3.067,0.892,0.000,0.000,1.737,0.000,0.000,0.000,0.000,0.000,0.000
19934.5,0,36.596,5.642,1.522,22.587,6.742,0.480,1.583,0.579,3.222,0.000,0.000,0.000,0.000,0.000,0.000,0.000,0.000,38.026,18.641,12.822,24.268,2.884,2.974,4.984,1.962,0.000,0.000,0.755,0.000,0.000,0.000,0.000,0.000,0.000
19984.5,0,35.314,4.556,2.246,19.673,7.688,0.865,1.717,1.942,1.400,0.000,0.000,0.000,0.000,0.000,0.000,0.000,0.000,35.865,15.004,12.000,22.546,4.023,5.700,2.166,0.853,0.000,0.000,2.090,0.000,0.000,0.000,0.000,0.000,0.000
20034.5,0,38.073,3.943,2.778,19.418,7.638,1.765,2.753,2.868,1.287,0.000,0.000,0.000,0.000,0.000,0.000,0.000,0.000,37.031,14.537,12.774,20.579,4.510,5.526,5.009,1.316,0.000,0.000,0.908,0.000,0.000,0.000,0.000,0.000,0.000
20084.5,0,36.795,3.568,1.945,19.833,7.116,0.767,1.197,1.246,1.998,0.000,0.000,0.000,0.000,0.000,0.000,0.000,0.000,36.075,15.755,10.625,25.683,3.552,5.016,3.572,0.572,0.000,0.000,1.284,0.970,0.000,0.000,0.000,0.000,0.000
20134.5,0,39.914,3.987,3.197,20.330,8.536,2.559,3.007,3.079,1.732,0.000,0.000,0.000,0.000,0.000,0.000,0.000,0.000,35.227,16.530,14.516,23.886,3.835,3.463,3.007,1.260,0.000,0.000,0.558,0.421,0.000,0.000,0.000,0.000,0.000
20184.5,0,38.111,3.554,2.393,19.458,10.714,2.308,2.425,1.338,2.426,0.000,0.000,0.000,0.000,0.000,0.000,0.000,0.000,36.672,14.986,11.016,24.058,3.113,3.786,2.189,0.547,0.000,0.000,0.243,0.183,0.000,0.000,0.000,0.000,0.000
20234.5,0,33.382,3.400,3.650,21.816,10.011,2.015,2.408,1.925,3.405,0.000,0.000,0.000,0.000,0.000,0.000,0.000,0.000,36.897,15.496,10.947,23.889,3.792,5.656,4.432,2.266,0.000,0.000,0.959,0.080,0.000,0.000,0.000,0.000,0.000
20283.5,0,35.231,6.340,1.613,21.078,7.369,2.066,1.726,1.518,2.224,0.707,0.000,0.000,0.000,0.000,0.000,0.000,0.000,35.161,19.814,15.338,24.374,5.378,3.568,5.230,2.640,0.000,0.000,2.127,0.035,0.000,0.000,0.000,0.000,0.000
20333.5,0,35.002,4.961,2.698,19.538,8.266,3.234,3.031,2.897,2.013,0.307,0.000,0.000,0.000,0.000,0.000,0.000,0.000,33.740,16.400,13.952,23.782,2.337,2.558,3.764,1.148,0.000,0.000,0.925,0.015,0.000,0.000,0.000,0.000,0.000
20383.5,0,33.613,4.372,2.828,23.045,7.976,2.262,2.055,3.340,4.122,0.134,0.000,0.000,0.000,0.000,0.000,0.000,0.000,32.032,18.190,15.066,25.905,2.898,5.181,3.522,1.391,0.000,0.000,0.402,0.921,0.000,0.000,0.000,0.000,0.000
20433.0,0,37.124,5.093,2.984,22.062,7.551,2.197,2.782,2.342,2.963,0.059,0.000,0.000,0.000,0.000,0.000,0.000,0.000,31.881,21.410,15.595,25.509,1.270,4.003,5.236,2.440,0.000,0.000,0.176,0.404,0.000,0.000,0.000,0.000,0.000
