pre,post,w
7362,150988,1.1
19536,150988,-0.825
30846,150988,2.75
36038,145778,0.825
40578,150988,0.825
42066,150988,1.375
45109,150988,6.05
48108,150988,1.925
55407,150988,-0.825
58989,150988,0.825
80216,150988,-1.375
82105,150988,1.1
82105,155658,1.925
84433,150988,0.825
84580,150988,0.825
106710,150988,-0.825
113584,150988,0.825
122873,150988,0.825
127734,145778,0.825
127734,150988,1.1
127734,155658,0.825
133385,150988,1.1
135733,145778,0.825
138697,145778,-0.825
139006,150988,2.475
139535,155658,-1.65
139634,145778,-0.825
139636,150988,1.65
139850,155658,2.2
140133,150988,-22.825
140134,150988,-1.1
140244,150988,1.375
140662,150988,-1.1
141332,145778,1.1
141516,155658,1.375
141581,155658,-1.375
141585,145778,0.825
141601,150988,1.65
141904,150988,1.1
141947,155658,-1.1
142039,150988,1.375
142278,145778,-4.125
142463,155658,1.375
142970,150988,12.925
143295,150988,-3.3
143410,155658,-0.825
143549,155658,3.025
144152,145778,1.375
144221,150988,-0.825
144373,150988,0.825
144394,145778,2.2
144470,150988,-0.825
144486,155658,0.825
144541,155658,1.375
144550,155658,1.1
144591,155658,0.825
144813,155658,-0.825
145262,150988,1.1
145275,150988,0.825
145421,145778,0.825
145495,155658,1.375
145710,155658,3.575
145775,145778,1.1
145984,145778,-0.825
146508,150988,2.2
146604,150988,3.025
147080,145778,1.925
147107,150988,-1.1
147283,150988,5.225
147309,155658,0.825
147327,145778,4.4
147603,150988,-2.475
147638,145778,1.1
147712,145778,-0.825
147727,155658,1.65
147731,145778,0.825
147781,145778,3.3
148382,145778,1.1
148383,155658,-12.1
148801,150988,-0.825
148815,150988,-0.825
148901,145778,0.825
148993,155658,0.825
149119,155658,2.75
149153,155658,-1.375
149292,145778,3.025
149295,145778,0.825
149538,145778,-1.1
149835,145778,-4.4
150074,145778,5.5
150074,150988,0.825
150074,155658,2.75
150324,155658,0.825
150447,145778,1.1
150552,150988,-0.825
150771,150988,1.1
150773,150988,8.8
150788,155658,1.65
150818,155658,1.1
150910,155658,-4.675
150941,145778,0.825
151070,155658,15.4
151209,145778,3.025
151225,150988,0.825
151547,145778,-3.3
152002,150988,-0.825
152414,155658,0.825
152522,155658,-1.65
152524,145778,5.5
152573,145778,-1.65
152724,150988,2.2
152929,145778,1.1
153327,155658,2.2
153341,145778,3.3
153342,145778,3.025
153376,155658,0.825
153714,145778,1.65
153858,145778,1.925
153889,150988,-1.1
153961,155658,-0.825
154028,150988,0.825
154164,155658,1.1
154191,150988,-4.4
154335,150988,0.825
154682,145778,-25.025
154824,145778,3.025
155359,150988,-2.475
155861,155658,-1.1
155870,145778,1.1
155870,155658,1.375
155962,150988,0.825
155990,145778,-0.825
156140,145778,1.1
156302,145778,-0.825
156386,150988,2.2
156470,150988,-0.825
156638,145778,7.975
156709,155658,2.2
156808,155658,-1.1
156827,145778,0.825
156926,145778,0.825
157528,145778,0.825
157542,150988,1.1
157650,145778,-0.825
157765,150988,-2.2
157965,155658,1.1
158102,145778,5.225
158215,155658,0.825
158311,150988,3.85
158497,155658,-0.825
158572,150988,-0.825
159016,150988,0.825
159337,150988,3.85
159360,155658,-1.925
159579,150988,0.825
159641,145778,-1.375
159803,155658,0.825
159810,145778,1.375
159999,150988,0.825
160122,145778,0.825
160159,150988,-1.1
160176,150988,-8.525
160932,150988,0.825
160946,150988,-1.375
160990,150988,1.1
160993,150988,0.825
161127,150988,-1.1
