leg,type,pre,signed_syn
lf,brain/DN,3251,11
lf,brain/DN,12096,17
lf,brain/DN,16101,-24
lf,brain/DN,23197,12
lf,brain/DN,27171,5
lf,brain/DN,37175,-28
lf,brain/DN,39939,17
lf,brain/DN,40578,3
lf,brain/DN,41594,4
lf,brain/DN,41800,5
lf,brain/DN,42146,9
lf,brain/DN,55407,-10
lf,brain/DN,55611,4
lf,brain/DN,58989,3
lf,brain/DN,79017,-3
lf,brain/DN,80216,-26
lf,brain/DN,81050,17
lf,brain/DN,83052,14
lf,brain/DN,84100,4
lf,brain/DN,84433,43
lf,brain/DN,84651,3
lf,brain/DN,86707,9
lf,brain/DN,87747,9
lf,brain/DN,93757,27
lf,brain/DN,106710,-23
lf,brain/DN,120306,4
lf,brain/DN,127734,10
lf,brain/DN,133198,4
lf,brain/DN,135576,37
lf,brain/DN,135733,4
lf,brain/DN,135948,8
lf,IN21A065,139252,-6
lf,IN20A.22A035,139263,13
lf,IN14A009,139387,-4
lf,IN12A001,139575,58
lf,IN04B034,139643,7
lf,IN17A061,139717,-25
lf,IN20A.22A015,139853,28
lf,IN04B019,139978,15
lf,IN20A.22A015,140167,16
lf,IN19A024,140563,-8
lf,IN16B061,140584,-8
lf,IN08A010,141048,-4
lf,IN20A.22A035,141078,3
lf,IN03A001,141104,3
lf,IN03A046,141361,-16
lf,IN16B075,141392,-12
lf,SNpp50,141425,4
lf,IN01A063,141830,20
lf,IN19A142,142047,-32
lf,IN13A020,142058,-31
lf,IN13A027,142060,-21
lf,IN16B094,142098,-4
lf,IN01A063,142467,18
lf,IN03A085,142523,4
lf,IN03A069,142565,5
lf,IN13A015,142710,-46
lf,IN16B077,142880,-16
lf,INXXX466,142970,5
lf,IN20A.22A035,142983,11
lf,IN12A001,143015,5
lf,IN03A085,143405,4
lf,IN12B040,143418,-67
lf,IN19B054,143452,3
lf,IN20A.22A015,143808,7
lf,tibia_extensor,144000,-5
lf,IN04B053,144032,7
lf,IN11A007,144043,10
lf,IN04B031,144047,90
lf,IN13A014,144072,-93
lf,IN20A.22A005,144183,33
lf,IN20A.22A007,144309,39
lf,IN04B038,144448,19
lf,IN16B091,144651,-43
lf,IN13B075,144693,-8
lf,IN03A065,144744,7
lf,IN13B075,144930,-20
lf,IN16B091,145349,-25
lf,IN16B075,145409,-5
lf,IN02A015,146118,4
lf,IN19A024,146239,-3
lf,IN16B058,146297,-3
lf,IN03A065,146449,5
lf,IN04B031,146769,56
lf,IN13A027,147056,-27
lf,IN19B003,147283,33
lf,IN16B083,147604,-4
lf,IN06B028,147613,-6
lf,IN01A063,147679,13
lf,SNpp51,148198,8
lf,IN20A.22A036,148459,16
lf,IN16B064,148566,-19
lf,IN17A061,148639,-41
lf,IN04B069,148650,4
lf,IN20A.22A011,148858,-5
lf,IN16B064,149424,-17
lf,IN06B035,149469,-3
lf,IN21A015,149766,-7
lf,IN04B066,149840,8
lf,IN20A.22A036,150000,17
lf,IN03A045,150004,3
lf,IN12B012,150103,-4
lf,IN20A.22A035,150169,15
lf,trochanter_flexor,150223,-3
lf,IN01A063,150257,14
lf,SNpp50,150578,5
lf,IN19A005,150800,-300
lf,IN07B010,150859,8
lf,SNpp50,151033,4
lf,IN04B014,151288,33
lf,IN19A011,151328,-45
lf,IN20A.22A004,151368,39
lf,IN13B011,151599,-4
lf,IN13B075,151835,-16
lf,IN13B017,152267,-11
lf,IN16B094,152569,-4
lf,IN16B077,152714,-39
lf,IN04B078,152733,13
lf,SNpp50,152851,6
lf,IN16B077,152900,-5
lf,IN04B094,152921,11
lf,IN20A.22A039,153130,3
lf,IN16B075,153137,-20
lf,IN04B072,153470,15
lf,IN04B078,153616,5
lf,IN19A007,153889,-14
lf,INXXX464,154028,13
lf,INXXX962_f,154149,-3
lf,IN04B085,154200,7
lf,IN13A063,154287,-70
lf,IN20A.22A007,154553,19
lf,IN13B033,154555,-5
lf,IN13B074,154775,-14
lf,IN11A005,155001,4
lf,IN16B083,155099,-3
lf,IN17A017,156386,9
lf,IN13A018,156748,-12
lf,IN13A006,156754,-150
lf,IN04B037,156800,54
lf,IN20A.22A039,157028,4
lf,IN03A049,157354,3
lf,IN13A042,157419,-55
lf,IN06B028,157791,-6
lf,IN19A001,158179,-12
lf,IN13A063,158368,-43
lf,IN08B001,158666,5
lf,IN16B061,158869,-9
lf,IN04B094,158897,5
lf,tibia_extensor,158937,-3
lf,IN01A075,159133,3
lf,IN07B007,159224,-3
lf,IN08A007,159291,-174
lf,nan,159331,11
lf,IN16B061,159560,-3
lf,INXXX089,159579,4
lf,IN06B028,159754,-3
lf,IN20A.22A036,159915,21
lf,IN13A049,159928,-3
lf,IN20A.22A015,160106,3
lf,AN07B003,160869,18
lf,IN08A005,160946,-70
lf,IN04B072,160983,9
lf,IN11A005,161154,8
rf,brain/DN,5648,14
rf,brain/DN,12096,17
rf,brain/DN,12287,8
rf,brain/DN,12308,33
rf,brain/DN,15237,-5
rf,brain/DN,20829,36
rf,brain/DN,21026,37
rf,brain/DN,23197,18
rf,brain/DN,28616,-4
rf,brain/DN,34929,23
rf,brain/DN,38949,54
rf,brain/DN,38956,10
rf,brain/DN,39041,6
rf,brain/DN,39939,32
rf,brain/DN,41469,5
rf,brain/DN,41594,34
rf,brain/DN,42146,15
rf,brain/DN,42806,80
rf,brain/DN,45109,173
rf,brain/DN,49035,8
rf,brain/DN,49732,5
rf,brain/DN,55611,66
rf,brain/DN,62530,3
rf,brain/DN,64277,7
rf,brain/DN,65182,3
rf,brain/DN,68709,146
rf,brain/DN,70566,12
rf,brain/DN,71663,7
rf,brain/DN,74775,-58
rf,brain/DN,76904,19
rf,brain/DN,79732,-90
rf,brain/DN,81050,51
rf,brain/DN,83052,14
rf,brain/DN,84645,19
rf,brain/DN,87813,31
rf,brain/DN,93663,34
rf,brain/DN,93912,4
rf,brain/DN,95580,38
rf,brain/DN,103231,3
rf,brain/DN,104330,33
rf,brain/DN,104931,41
rf,brain/DN,107100,-99
rf,brain/DN,107286,4
rf,brain/DN,107764,165
rf,brain/DN,108699,3
rf,brain/DN,112729,-26
rf,brain/DN,120306,4
rf,brain/DN,128578,-4
rf,brain/DN,130297,19
rf,brain/DN,131081,11
rf,IN03A022,138692,3
rf,IN16B064,138885,-79
rf,IN12B023,139044,-41
rf,IN04B094,139070,13
rf,IN19A012,139089,18
rf,IN21A087,139201,-7
rf,IN17A061,139246,96
rf,IN04B034,139261,23
rf,IN13A011,139297,-3
rf,IN04B072,139318,53
rf,IN16B075,139370,-37
rf,IN20A.22A011,139383,10
rf,IN20A.22A078,139385,3
rf,IN04B085,139558,28
rf,IN12A001,139575,27
rf,IN13A027,139807,-69
rf,SNta41,139906,4
rf,IN13A014,139979,-463
rf,IN20A.22A036,140056,86
rf,IN01A063,140086,59
rf,IN16B061,140204,-11
rf,SNpp44,140239,4
rf,IN10B014,140327,15
rf,IN19A024,140563,-4
rf,IN07B006,140681,5
rf,IN03A045,140734,9
rf,IN04B037,140749,136
rf,IN17A079,140781,4
rf,IN01A075,140833,27
rf,IN07B065,141106,6
rf,IN11A008,141126,16
rf,IN21A005,141244,3
rf,IN11A007,141309,27
rf,INXXX036,141393,4
rf,IN08A010,141772,-9
rf,IN20A.22A001,141804,3
rf,IN03A069,142267,4
rf,IN04B031,142302,156
rf,IN19A007,142509,-90
rf,IN03A069,142695,7
rf,IN20A.22A015,142788,85
rf,IN12A001,143015,135
rf,IN19A013,143018,-4
rf,IN14A007,143030,-7
rf,IN01A022,143087,18
rf,IN07B010,143126,16
rf,IN04B031,143136,116
rf,SNpp39,143194,11
rf,IN01A038,143236,16
rf,IN20A.22A035,143490,27
rf,IN03A072,143516,4
rf,AN06B031,143538,18
rf,INXXX962_f,143548,-21
rf,IN20A.22A015,143568,9
rf,IN20A.22A007,143702,119
rf,IN17A016,143748,5
rf,IN20A.22A036,143790,52
rf,IN04B034,143995,6
rf,IN16B055,144236,-5
rf,INXXX089,144259,33
rf,IN20A.22A040,144273,10
rf,IN09A096,144555,-5
rf,SNpp51,144561,20
rf,IN11A008,144574,19
rf,SNpp43,144646,19
rf,IN16B094,144801,-41
rf,IN13A018,144939,-19
rf,IN04B014,144942,48
rf,tibia_extensor,144952,-6
rf,IN13B032,144964,-5
rf,IN13B091,144983,-56
rf,IN00A053,145045,-5
rf,IN03A065,145155,22
rf,IN04B094,145204,34
rf,SNpp43,145326,17
rf,IN20A.22A036,145405,46
rf,IN19A009,145488,3
rf,IN20A.22A015,145548,16
rf,IN20A.22A078,145571,3
rf,IN01A063,145625,63
rf,IN17A052,145866,14
rf,IN27X014,145993,-5
rf,IN16B034,146039,-4
rf,IN20A.22A076,146162,3
rf,IN13A063,146182,-189
rf,IN19A024,146239,-18
rf,IN11A008,146250,33
rf,IN16B058,146297,-8
rf,IN04B053,146313,17
rf,IN17A052,146360,8
rf,IN01B044,146541,-4
rf,IN19A001,146578,-27
rf,IN19B003,146613,213
rf,IN01A038,146615,9
rf,IN13A020,146624,-95
rf,trochanter_flexor,146712,3
rf,SNpp39,146836,3
rf,IN04B067,146858,9
rf,SNpp51,146978,13
rf,IN04B069,146995,58
rf,IN03A085,147026,15
rf,IN03A022,147055,12
rf,IN16B083,147116,-18
rf,IN19A016,147166,-9
rf,SNcs01f,147350,4
rf,IN19A016,147377,-3
rf,IN13B095,147503,-4
rf,IN12B040,147526,-207
rf,CS,147577,5
rf,IN06B028,147613,-41
rf,nan,147648,3
rf,IN16B091,147746,-70
rf,IN08A046,147783,-21
rf,IN21A015,147790,-12
rf,IN13A063,147802,-170
rf,IN01A069,147815,6
rf,IN03A045,147816,7
rf,IN20A.22A076,148020,11
rf,IN03A040,148189,18
rf,INXXX466,148218,116
rf,IN14A002,148220,-4
rf,INXXX998_f,148296,-3
rf,IN02A015,148389,6
rf,IN03A020,148628,14
rf,IN16B075,148645,-37
rf,IN03A069,148690,11
rf,IN16B061,148702,-44
rf,IN20A.22A071,148745,8
rf,IN13A035,148789,-3
rf,IN20A.22A035,148802,44
rf,SNpp39,148812,3
rf,IN03A049,148823,9
rf,IN20A.22A053,149029,4
rf,IN04B078,149250,25
rf,IN20A.22A039,149400,4
rf,IN13B011,149656,-18
rf,DNx01,149812,4
rf,IN04B066,149913,43
rf,IN04B041,150144,6
rf,IN13A027,150226,-81
rf,IN13A006,150491,-414
rf,IN06B028,150509,-18
rf,SNpp51,150605,-11
rf,IN14A001,150606,-6
rf,IN03A001,150610,23
rf,IN03A010,150638,23
rf,IN13A051,150643,-56
rf,SNpp39,150694,7
rf,IN16B077,150815,-25
rf,IN16B091,150821,-64
rf,IN12B012,150881,-20
rf,IN20A.22A038,150907,5
rf,IN03B021,150947,-3
rf,IN09A009,150981,-5
rf,IN17A020,150987,3
rf,IN17A017,151207,59
rf,IN04B028,151208,26
rf,IN08A007,151351,-475
rf,IN13A010,151534,-4
rf,IN03A065,151714,22
rf,INXXX468,151850,6
rf,IN04B078,151857,4
rf,IN13B078,151875,-18
rf,IN20A.22A015,151964,63
rf,IN01A069,151996,18
rf,IN03A017,152003,21
rf,IN20A.22A018,152090,15
rf,IN16B064,152458,-26
rf,IN08A005,152466,-244
rf,IN20A.22A004,152750,150
rf,IN01A012,152799,7
rf,IN16B083,152888,-9
rf,IN20A.22A002,152932,6
rf,nan,152966,3
rf,IN21A001,152997,-3
rf,IN13A063,153134,-147
rf,IN19A005,153157,-1159
rf,IN10B012,153191,3
rf,IN11A005,153229,27
rf,IN04B066,153266,34
rf,IN16B058,153268,-4
rf,IN17A061,153322,147
rf,IN21A010,153419,13
rf,IN21A007,153432,-8
rf,IN20A.22A039,153621,10
rf,IN13B033,153627,-26
rf,nan,153713,7
rf,IN09A003,153740,-7
rf,IN20A.22A038,153766,5
rf,IN20A.22A035,153898,32
rf,IN14A092,153977,-5
rf,IN20A.22A056,154217,5
rf,IN13A015,154284,-192
rf,IN20A.22A015,154308,86
rf,IN08B001,154589,52
rf,IN21A046,154724,-5
rf,IN16B077,154809,-38
rf,IN20A.22A018,154867,12
rf,IN13B018,154953,-26
rf,IN04B015,154956,5
rf,IN06B016,155025,-4
rf,IN13A049,155028,-8
rf,IN07B007,155076,-3
rf,SNpp39,155119,-3
rf,IN04B086,155141,3
rf,IN21A045,155155,-3
rf,IN20A.22A071,155178,8
rf,SNpp50,155204,3
rf,IN03A023,155220,3
rf,IN04B019,155414,68
rf,IN16B032,155547,-3
rf,IN20A.22A018,155554,5
rf,IN16B061,155685,-25
rf,IN13B023,155795,-16
rf,IN16B057,155832,-16
rf,IN13B074,155852,-71
rf,IN20A.22A006,155950,5
rf,IN18B011,155965,23
rf,IN04B085,155970,35
rf,IN21A013,156021,-6
rf,IN16B075,156034,-36
rf,nan,156060,11
rf,IN16B058,156153,-3
rf,IN03A014,156186,3
rf,SNpp50,156196,9
rf,IN03A065,156246,33
rf,IN03A065,156467,10
rf,INXXX464,156731,80
rf,IN16B094,156734,-28
rf,IN03A069,156738,3
rf,IN13A012,156830,-18
rf,tibia_extensor,156833,4
rf,IN04B039,156993,12
rf,IN03A046,157053,-13
rf,IN16B077,157172,-110
rf,IN13A042,157201,-114
rf,SNppxx,157471,6
rf,IN04B038,157543,32
rf,SNpp51,157548,4
rf,IN08A002,157782,-10
rf,IN03B035,157996,-4
rf,SNpp51,158149,13
rf,IN07B001,158310,8
rf,IN20A.22A071,158366,4
rf,IN13A001,158449,-3
rf,IN03A067,158451,3
rf,IN19A142,158610,-43
rf,IN14A008,158624,-11
rf,IN03A069,158658,5
rf,SNpp44,158735,-3
rf,IN04B020,158740,16
rf,IN01A025,159187,10
rf,IN19A002,159228,-3
rf,IN06B035,159282,-21
rf,IN16B102,159306,-15
rf,IN01A022,159390,9
rf,SNta21,159399,3
rf,IN00A001,159400,0
rf,IN21A037,159591,-3
rf,IN16B016,159628,-12
rf,IN06B028,159754,-38
rf,IN18B018,159799,3
rf,IN04B101,160066,3
rf,SNpp39,160161,16
rf,IN13B075,160209,-71
rf,SNpp41,160281,6
rf,IN20A.22A007,160383,136
rf,IN11A005,160526,19
rf,IN01A063,160532,70
rf,IN13B078,160668,-4
rf,IN14A038,160700,-7
rf,AN07B003,160869,7
rf,IN19A011,160874,-209
rf,SNpp50,160915,11
rf,IN19B012,160941,3
rf,GFC4,160981,3
rf,IN16B091,160991,-102
rf,AN07B003,160996,26
rf,IN19A032,161000,11
rf,IN18B011,161001,12
rf,SNpp39,161015,7
rf,IN20A.22A005,161028,145
rf,IN01A075,161093,11
rf,IN20A.22A035,161302,16
