Presynaptic_Index,Excitatory x Connectivity
138702,-5
139250,50
140485,8
140647,4
141291,3
141579,-8
108748,-5
141729,-5
143193,-27
143312,42
143933,-3
144132,-4
144174,-27
144493,9
144724,-3
144725,-53
132099,10
144936,-5
145115,-23
145609,13
145701,-4
146198,-39
146590,-50
146738,-22
146833,-24
43619,10
147160,-19
147313,-18
147384,6
147397,3
147651,-68
147887,3
147957,6
147988,7
148353,4
148618,-25
149423,39
149528,-5
150349,-21
150586,-3
150622,-21
150743,17
150945,-10
150963,-3
151738,-20
152722,5
152895,-5
153068,6
153474,5
153512,-22
154315,3
154614,3
154658,-22
154698,-5
154747,-63
154991,3
154992,-9
155190,10
155728,6
155738,-17
156052,-79
156551,-3
156860,19
157346,40
157404,11
157473,3
158505,8
158520,-48
158782,3
158857,11
158955,-3
159026,-41
159027,-34
159136,4
159301,23
159842,-46
11861,11
160091,24
160401,7
160782,-13
160973,-6
161211,-40
107764,4
161292,-9
